<!DOCTYPE table SYSTEM "../config/table-config-1.0.dtd">
<table sqlname="qmyz_user_integral_log" physicalName="qmyz_user_integral_log" remark="用户积分记录表">
    <!--  特殊字符说明 &lt;&gt; <> -->
    <!-- baseSql option中 select * 会自动替换为 include -->
    <sql id="Base_Column_List">
        N_ID,N_USER_ID,S_STATE,N_TYPE,N_ORDER_ID 
        ,D_TIME,N_INTEGRAL_AMOUNT,N_INTEGRAL_BALANCE
    </sql>

    <!-- baseSql option中 select sf.* 会自动替换为 include -->
    <sql id="Base_SF_Column_List">
        sf.N_ID,sf.N_USER_ID,sf.S_STATE,sf.N_TYPE,sf.N_ORDER_ID
        ,sf.D_TIME,sf.N_INTEGRAL_AMOUNT,sf.N_INTEGRAL_BALANCE
    </sql>

    <operation name="insert" paramtype="object" remark="插入表:qmyz_user_integral_log">
        <selectKey resultType="java.lang.Long" keyProperty="nId" order="BEFORE">
        SELECT nextval_safe('qmyz_user_integral_log_seq') as nId  from dual
        </selectKey>
        INSERT INTO qmyz_user_integral_log(
        <if test="nId !=null">
            N_ID ,
        </if>
        <if test="nUserId !=null">
            N_USER_ID ,
        </if>
        <if test="sState !=null">
            S_STATE ,
        </if>
        <if test="nType !=null">
            N_TYPE ,
        </if>
        <if test="nOrderId !=null">
            N_ORDER_ID ,
        </if>
        <if test="dTime !=null">
            D_TIME ,
        </if>
        <if test="nIntegralAmount !=null">
            N_INTEGRAL_AMOUNT ,
        </if>
        <if test="nIntegralBalance !=null">
            N_INTEGRAL_BALANCE 
        </if>
        )VALUES(
          <if test="nId !=null">
              #{nId,jdbcType=BIGINT}  ,
          </if>
          <if test="nUserId !=null">
              #{nUserId,jdbcType=BIGINT}  ,
          </if>
          <if test="sState !=null">
              #{sState,jdbcType=VARCHAR}  ,
          </if>
          <if test="nType !=null">
              #{nType,jdbcType=INTEGER}  ,
          </if>
          <if test="nOrderId !=null">
              #{nOrderId,jdbcType=INTEGER}  ,
          </if>
          <if test="dTime !=null">
              #{dTime,jdbcType=TIMESTAMP}  ,
          </if>
          <if test="nIntegralAmount !=null">
              #{nIntegralAmount,jdbcType=DECIMAL}  ,
          </if>
          <if test="nIntegralBalance !=null">
              #{nIntegralBalance,jdbcType=DECIMAL}  
          </if>
        )
    </operation>

    <!-- foreach 可以自定义类型，paramtype="primitive" foreach->javatype="自己书写的类"  -->
    <!-- 只有一个参数且为List时必须将参数命名为list -->
    <operation name="insertBatch" paramtype="objectList" remark="批量插入表:qmyz_user_integral_log">
        INSERT INTO qmyz_user_integral_log(
            N_ID
            ,N_USER_ID
            ,S_STATE
            ,N_TYPE
            ,N_ORDER_ID
            ,D_TIME
            ,N_INTEGRAL_AMOUNT
            ,N_INTEGRAL_BALANCE
        )VALUES
        <foreach collection="list"  item="item" separator=",">
            (
                 #{item.nId,jdbcType=BIGINT}
                , #{item.nUserId,jdbcType=BIGINT}
                , #{item.sState,jdbcType=VARCHAR}
                , #{item.nType,jdbcType=INTEGER}
                , #{item.nOrderId,jdbcType=INTEGER}
                , #{item.dTime,jdbcType=TIMESTAMP}
                , #{item.nIntegralAmount,jdbcType=DECIMAL}
                , #{item.nIntegralBalance,jdbcType=DECIMAL}
            )
        </foreach>
    </operation>

    <!-- 不推荐使用全 update 有需要自己打开
    <operation name="update" paramtype="object" remark="更新表:qmyz_user_integral_log">
        UPDATE qmyz_user_integral_log
        <set>
               <if test="nUserId !=null">
                    N_USER_ID       = #{nUserId,jdbcType=BIGINT},
              </if>
               <if test="sState !=null">
                    S_STATE         = #{sState,jdbcType=VARCHAR},
              </if>
               <if test="nType !=null">
                    N_TYPE          = #{nType,jdbcType=INTEGER},
              </if>
               <if test="nOrderId !=null">
                    N_ORDER_ID      = #{nOrderId,jdbcType=INTEGER},
              </if>
               <if test="dTime !=null">
                    D_TIME          = #{dTime,jdbcType=TIMESTAMP},
              </if>
               <if test="nIntegralAmount !=null">
                    N_INTEGRAL_AMOUNT = #{nIntegralAmount,jdbcType=DECIMAL},
              </if>
               <if test="nIntegralBalance !=null">
                    N_INTEGRAL_BALANCE = #{nIntegralBalance,jdbcType=DECIMAL}
              </if>
        </set>
        WHERE
            N_ID            = #{nId,jdbcType=BIGINT}
    </operation>
    -->
    <operation name="deleteByNId"  remark="根据主键删除数据:qmyz_user_integral_log">
        <![CDATA[
        DELETE FROM qmyz_user_integral_log
        WHERE
            N_ID = #{nId,jdbcType=BIGINT}
        ]]>
    </operation>

    <operation name="getByNId" multiplicity="one" remark="根据主键获取数据:qmyz_user_integral_log">
        SELECT *
        FROM qmyz_user_integral_log
        WHERE
        <![CDATA[
            N_ID = #{nId,jdbcType=BIGINT}
        ]]>
    </operation>







    <resultmap name="userIntegralMap" type="ResMapUserIntegralVO">
        <column name="n_type" javatype="Long" jdbctype="VARCHAR"  remark="类型  1 推荐好友认领牛只获得积分 2 养殖订单支付 3 商品订单支付 4 余额兑换"/>
        <column name="d_time" javatype="java.util.Date" jdbctype="TIMESTAMP"  remark="时间"/>
        <column name="s_order_id" javatype="String" jdbctype="VARCHAR"  remark="订单编号"/>
        <column name="n_integral_amount" javatype="java.math.BigDecimal" jdbctype="DECIMAL"  remark="积分数量"/>
    </resultmap>

    <operation name="getListByNUserId" multiplicity="paging" paging="userIntegralLog" paramtype="primitive"
               resultmap="userIntegralMap"    remark="根据主键获取数据:qmyz_user_integral_log">
        select t.n_type,
        t.d_time,
        (select u.s_order_id
        from qmyz_order u where u.n_id = t.n_order_id) s_order_id,
        t.n_integral_amount
        FROM qmyz_user_integral_log t
        WHERE
        <![CDATA[
            N_USER_ID       = #{nUserId,jdbcType=BIGINT}
        ]]>
        order by t.d_time desc
    </operation>
</table>
