<!DOCTYPE table SYSTEM "../config/table-config-1.0.dtd">
<table sqlname="qmyz_aquaculture_product" physicalName="qmyz_aquaculture_product" remark="养殖产品表">
    <!--  特殊字符说明 &lt;&gt; <> -->
    <!-- baseSql option中 select * 会自动替换为 include -->
    <sql id="Base_Column_List">
        N_ID,S_PRODUCT_NAME,S_INSURANCE_URL,N_CLAIM,N_STATE 
        ,N_AMOUNT,N_LOCK_MAX,N_LOCK_MIN,N_PUBLISH,N_RECOMMEND 
        ,N_RETURN_MAX,N_RETURN_MIN,D_END,D_CREATE,D_LAST_UPDATE 
        ,N_OTHER,N_PRICE
    </sql>

    <!-- baseSql option中 select sf.* 会自动替换为 include -->
    <sql id="Base_SF_Column_List">
        sf.N_ID,sf.S_PRODUCT_NAME,sf.S_INSURANCE_URL,sf.N_CLAIM,sf.N_STATE
        ,sf.N_AMOUNT,sf.N_LOCK_MAX,sf.N_LOCK_MIN,sf.N_PUBLISH,sf.N_RECOMMEND
        ,sf.N_RETURN_MAX,sf.N_RETURN_MIN,sf.D_END,sf.D_CREATE,sf.D_LAST_UPDATE
        ,sf.N_OTHER,sf.N_PRICE
    </sql>

    <operation name="insert" paramtype="object" remark="插入表:qmyz_aquaculture_product">
        <selectKey resultType="java.lang.Long" keyProperty="id" order="AFTER">
            SELECT
            LAST_INSERT_ID()
        </selectKey>
        INSERT INTO qmyz_aquaculture_product
        <trim prefix="(" suffix=")" suffixOverrides=",">
        <if test="nId !=null">
            N_ID ,
        </if>
        <if test="sProductName !=null">
            S_PRODUCT_NAME ,
        </if>
        <if test="sInsuranceUrl !=null">
            S_INSURANCE_URL ,
        </if>
        <if test="nClaim !=null">
            N_CLAIM ,
        </if>
        <if test="nState !=null">
            N_STATE ,
        </if>
        <if test="nAmount !=null">
            N_AMOUNT ,
        </if>
        <if test="nLockMax !=null">
            N_LOCK_MAX ,
        </if>
        <if test="nLockMin !=null">
            N_LOCK_MIN ,
        </if>
        <if test="nPublish !=null">
            N_PUBLISH ,
        </if>
        <if test="nRecommend !=null">
            N_RECOMMEND ,
        </if>
        <if test="nReturnMax !=null">
            N_RETURN_MAX ,
        </if>
        <if test="nReturnMin !=null">
            N_RETURN_MIN ,
        </if>
        <if test="dEnd !=null">
            D_END ,
        </if>
        <if test="dCreate !=null">
            D_CREATE ,
        </if>
        <if test="dLastUpdate !=null">
            D_LAST_UPDATE ,
        </if>
        <if test="nOther !=null">
            N_OTHER ,
        </if>
        <if test="nPrice !=null">
            N_PRICE 
        </if>
        </trim>
        <trim prefix="values (" suffix=")" suffixOverrides=",">
          <if test="nId !=null">
              #{nId,jdbcType=BIGINT}  ,
          </if>
          <if test="sProductName !=null">
              #{sProductName,jdbcType=VARCHAR}  ,
          </if>
          <if test="sInsuranceUrl !=null">
              #{sInsuranceUrl,jdbcType=VARCHAR}  ,
          </if>
          <if test="nClaim !=null">
              #{nClaim,jdbcType=INTEGER}  ,
          </if>
          <if test="nState !=null">
              #{nState,jdbcType=INTEGER}  ,
          </if>
          <if test="nAmount !=null">
              #{nAmount,jdbcType=INTEGER}  ,
          </if>
          <if test="nLockMax !=null">
              #{nLockMax,jdbcType=INTEGER}  ,
          </if>
          <if test="nLockMin !=null">
              #{nLockMin,jdbcType=INTEGER}  ,
          </if>
          <if test="nPublish !=null">
              #{nPublish,jdbcType=INTEGER}  ,
          </if>
          <if test="nRecommend !=null">
              #{nRecommend,jdbcType=INTEGER}  ,
          </if>
          <if test="nReturnMax !=null">
              #{nReturnMax,jdbcType=INTEGER}  ,
          </if>
          <if test="nReturnMin !=null">
              #{nReturnMin,jdbcType=INTEGER}  ,
          </if>
          <if test="dEnd !=null">
              #{dEnd,jdbcType=TIMESTAMP}  ,
          </if>
          <if test="dCreate !=null">
              #{dCreate,jdbcType=TIMESTAMP}  ,
          </if>
          <if test="dLastUpdate !=null">
              #{dLastUpdate,jdbcType=TIMESTAMP}  ,
          </if>
          <if test="nOther !=null">
              #{nOther,jdbcType=DECIMAL}  ,
          </if>
          <if test="nPrice !=null">
              #{nPrice,jdbcType=DECIMAL}  
          </if>
        </trim>
    </operation>

    <!-- foreach 可以自定义类型，paramtype="primitive" foreach->javatype="自己书写的类"  -->
    <!-- 只有一个参数且为List时必须将参数命名为list -->
    <operation name="insertBatch" paramtype="objectList" remark="批量插入表:qmyz_aquaculture_product">
        INSERT INTO qmyz_aquaculture_product(
            N_ID
            ,S_PRODUCT_NAME
            ,S_INSURANCE_URL
            ,N_CLAIM
            ,N_STATE
            ,N_AMOUNT
            ,N_LOCK_MAX
            ,N_LOCK_MIN
            ,N_PUBLISH
            ,N_RECOMMEND
            ,N_RETURN_MAX
            ,N_RETURN_MIN
            ,D_END
            ,D_CREATE
            ,D_LAST_UPDATE
            ,N_OTHER
            ,N_PRICE
        )VALUES
        <foreach collection="list"  item="item" separator=",">
            (
                 #{item.nId,jdbcType=BIGINT}
                , #{item.sProductName,jdbcType=VARCHAR}
                , #{item.sInsuranceUrl,jdbcType=VARCHAR}
                , #{item.nClaim,jdbcType=INTEGER}
                , #{item.nState,jdbcType=INTEGER}
                , #{item.nAmount,jdbcType=INTEGER}
                , #{item.nLockMax,jdbcType=INTEGER}
                , #{item.nLockMin,jdbcType=INTEGER}
                , #{item.nPublish,jdbcType=INTEGER}
                , #{item.nRecommend,jdbcType=INTEGER}
                , #{item.nReturnMax,jdbcType=INTEGER}
                , #{item.nReturnMin,jdbcType=INTEGER}
                , #{item.dEnd,jdbcType=TIMESTAMP}
                , #{item.dCreate,jdbcType=TIMESTAMP}
                , #{item.dLastUpdate,jdbcType=TIMESTAMP}
                , #{item.nOther,jdbcType=DECIMAL}
                , #{item.nPrice,jdbcType=DECIMAL}
            )
        </foreach>
    </operation>

    <!-- 不推荐使用全 update 有需要自己打开
    <operation name="update" paramtype="object" remark="更新表:qmyz_aquaculture_product">
        UPDATE qmyz_aquaculture_product
        <set>
               <if test="sProductName !=null">
                    S_PRODUCT_NAME  = #{sProductName,jdbcType=VARCHAR},
              </if>
               <if test="sInsuranceUrl !=null">
                    S_INSURANCE_URL = #{sInsuranceUrl,jdbcType=VARCHAR},
              </if>
               <if test="nClaim !=null">
                    N_CLAIM         = #{nClaim,jdbcType=INTEGER},
              </if>
               <if test="nState !=null">
                    N_STATE         = #{nState,jdbcType=INTEGER},
              </if>
               <if test="nAmount !=null">
                    N_AMOUNT        = #{nAmount,jdbcType=INTEGER},
              </if>
               <if test="nLockMax !=null">
                    N_LOCK_MAX      = #{nLockMax,jdbcType=INTEGER},
              </if>
               <if test="nLockMin !=null">
                    N_LOCK_MIN      = #{nLockMin,jdbcType=INTEGER},
              </if>
               <if test="nPublish !=null">
                    N_PUBLISH       = #{nPublish,jdbcType=INTEGER},
              </if>
               <if test="nRecommend !=null">
                    N_RECOMMEND     = #{nRecommend,jdbcType=INTEGER},
              </if>
               <if test="nReturnMax !=null">
                    N_RETURN_MAX    = #{nReturnMax,jdbcType=INTEGER},
              </if>
               <if test="nReturnMin !=null">
                    N_RETURN_MIN    = #{nReturnMin,jdbcType=INTEGER},
              </if>
               <if test="dEnd !=null">
                    D_END           = #{dEnd,jdbcType=TIMESTAMP},
              </if>
               <if test="dCreate !=null">
                    D_CREATE        = #{dCreate,jdbcType=TIMESTAMP},
              </if>
               <if test="dLastUpdate !=null">
                    D_LAST_UPDATE   = #{dLastUpdate,jdbcType=TIMESTAMP},
              </if>
               <if test="nOther !=null">
                    N_OTHER         = #{nOther,jdbcType=DECIMAL},
              </if>
               <if test="nPrice !=null">
                    N_PRICE         = #{nPrice,jdbcType=DECIMAL}
              </if>
        </set>
        WHERE
            N_ID            = #{nId,jdbcType=BIGINT}
    </operation>
    -->
    <operation name="deleteByNId"  remark="根据主键删除数据:qmyz_aquaculture_product">
        <![CDATA[
        DELETE FROM qmyz_aquaculture_product
        WHERE
            N_ID = #{nId,jdbcType=BIGINT}
        ]]>
    </operation>

    <operation name="getByNId" multiplicity="one" remark="根据主键获取数据:qmyz_aquaculture_product">
        SELECT *
        FROM qmyz_aquaculture_product
        WHERE
        <![CDATA[
            N_ID = #{nId,jdbcType=BIGINT}
        ]]>
    </operation>






    <operation name="updateClaim" paramtype="object" remark="更新表:qmyz_aquaculture_product">
        UPDATE qmyz_aquaculture_product
        set  N_CLAIM           =N_CLAIM+ #{nClaim,jdbcType=INTEGER}
        WHERE
        N_ID            = #{nId,jdbcType=INTEGER}
        and  N_STATE = 1
        and  N_PUBLISH = 1
        and  n_amount >= N_CLAIM+ #{nClaim,jdbcType=INTEGER}
        and  ifnull(d_end,CURRENT_DATE()) &gt;= CURRENT_DATE()
    </operation>


    <resultmap name="productMap" type="ResMapProductVO">
        <column name="n_price_a" javatype="java.math.BigDecimal" jdbctype="DECIMAL"  remark="账户余额"/>
    </resultmap>

    <operation name="getPrice" multiplicity="one" remark="根据主键获取数据:qmyz_aquaculture_product" resultmap="productMap">
        select v.n_price+v.n_other n_price_a
        from qmyz_cattle_follow t,
        qmyz_cattle_manage u,
        qmyz_aquaculture_product v
        where t.s_cattle_code = u.s_cattle_code
        and u.n_product_id = v.n_id
        and u.S_CATTLE_CODE = #{sCattleCode,jdbcType=VARCHAR}
    </operation>

</table>
