<!DOCTYPE table SYSTEM "../config/table-config-1.0.dtd">
<table sqlname="qmyz_order_payment" physicalName="qmyz_order_payment" remark="订单支付表">
    <!--  特殊字符说明 &lt;&gt; <> -->
    <!-- baseSql option中 select * 会自动替换为 include -->
    <sql id="Base_Column_List">
        N_ORDER_ID,S_PAY_URL,N_PAY_TYPE
    </sql>

    <!-- baseSql option中 select sf.* 会自动替换为 include -->
    <sql id="Base_SF_Column_List">
        sf.N_ORDER_ID,sf.S_PAY_URL,sf.N_PAY_TYPE
    </sql>

    <operation name="insert" paramtype="object" remark="插入表:qmyz_order_payment">
        INSERT INTO qmyz_order_payment
        <trim prefix="(" suffix=")" suffixOverrides=",">
        <if test="nOrderId !=null">
            N_ORDER_ID ,
        </if>
        <if test="sPayUrl !=null">
            S_PAY_URL ,
        </if>
        <if test="nPayType !=null">
            N_PAY_TYPE 
        </if>
        </trim>
        <trim prefix="values (" suffix=")" suffixOverrides=",">
          <if test="nOrderId !=null">
              #{nOrderId,jdbcType=BIGINT}  ,
          </if>
          <if test="sPayUrl !=null">
              #{sPayUrl,jdbcType=VARCHAR}  ,
          </if>
          <if test="nPayType !=null">
              #{nPayType,jdbcType=INTEGER}  
          </if>
        </trim>
    </operation>

    <!-- foreach 可以自定义类型，paramtype="primitive" foreach->javatype="自己书写的类"  -->
    <!-- 只有一个参数且为List时必须将参数命名为list -->
    <operation name="insertBatch" paramtype="objectList" remark="批量插入表:qmyz_order_payment">
        INSERT INTO qmyz_order_payment(
            N_ORDER_ID
            ,S_PAY_URL
            ,N_PAY_TYPE
        )VALUES
        <foreach collection="list"  item="item" separator=",">
            (
                 #{item.nOrderId,jdbcType=BIGINT}
                , #{item.sPayUrl,jdbcType=VARCHAR}
                , #{item.nPayType,jdbcType=INTEGER}
            )
        </foreach>
    </operation>

    <!-- 不推荐使用全 update 有需要自己打开
    <operation name="update" paramtype="object" remark="更新表:qmyz_order_payment">
        UPDATE qmyz_order_payment
        <set>
               <if test="sPayUrl !=null">
                    S_PAY_URL       = #{sPayUrl,jdbcType=VARCHAR},
              </if>
        </set>
        WHERE
            N_ORDER_ID      = #{nOrderId,jdbcType=BIGINT}
            AND N_PAY_TYPE      = #{nPayType,jdbcType=INTEGER}
    </operation>
    -->
    <operation name="deleteByPrimary"  remark="根据主键删除数据:qmyz_order_payment">
        <![CDATA[
        DELETE FROM qmyz_order_payment
        WHERE
            N_ORDER_ID = #{nOrderId,jdbcType=BIGINT}
            AND N_PAY_TYPE = #{nPayType,jdbcType=INTEGER}
        ]]>
    </operation>

    <operation name="getByPrimary" multiplicity="one" remark="根据主键获取数据:qmyz_order_payment">
        SELECT *
        FROM qmyz_order_payment
        WHERE
        <![CDATA[
            N_ORDER_ID = #{nOrderId,jdbcType=BIGINT}
            AND N_PAY_TYPE = #{nPayType,jdbcType=INTEGER}
        ]]>
    </operation>

</table>
