<!DOCTYPE table SYSTEM "../config/table-config-1.0.dtd">
<table sqlname="qmyz_order_goods" physicalName="qmyz_order_goods" remark="订单商品表">
    <!--  特殊字符说明 &lt;&gt; <> -->
    <!-- baseSql option中 select * 会自动替换为 include -->
    <sql id="Base_Column_List">
        N_ORDER_ID,S_GOODS_ID,N_NUM,N_TYPE
    </sql>

    <!-- baseSql option中 select sf.* 会自动替换为 include -->
    <sql id="Base_SF_Column_List">
        sf.N_ORDER_ID,sf.S_GOODS_ID,sf.N_NUM,sf.N_TYPE
    </sql>

    <operation name="insert" paramtype="object" remark="插入表:qmyz_order_goods">
        INSERT INTO qmyz_order_goods(
        <if test="nOrderId !=null">
            N_ORDER_ID ,
        </if>
        <if test="sGoodsId !=null">
            S_GOODS_ID ,
        </if>
        <if test="nNum !=null">
            N_NUM ,
        </if>
        <if test="nType !=null">
            N_TYPE 
        </if>
        )VALUES(
          <if test="nOrderId !=null">
              #{nOrderId,jdbcType=BIGINT}  ,
          </if>
          <if test="sGoodsId !=null">
              #{sGoodsId,jdbcType=VARCHAR}  ,
          </if>
          <if test="nNum !=null">
              #{nNum,jdbcType=INTEGER}  ,
          </if>
          <if test="nType !=null">
              #{nType,jdbcType=INTEGER}  
          </if>
        )
    </operation>

    <!-- foreach 可以自定义类型，paramtype="primitive" foreach->javatype="自己书写的类"  -->
    <!-- 只有一个参数且为List时必须将参数命名为list -->
    <operation name="insertBatch" paramtype="objectList" remark="批量插入表:qmyz_order_goods">
        INSERT INTO qmyz_order_goods(
            N_ORDER_ID
            ,S_GOODS_ID
            ,N_NUM
            ,N_TYPE
        )VALUES
        <foreach collection="list"  item="item" separator=",">
            (
                 #{item.nOrderId,jdbcType=BIGINT}
                , #{item.sGoodsId,jdbcType=VARCHAR}
                , #{item.nNum,jdbcType=INTEGER}
                , #{item.nType,jdbcType=INTEGER}
            )
        </foreach>
    </operation>

    <!-- 不推荐使用全 update 有需要自己打开
    <operation name="update" paramtype="object" remark="更新表:qmyz_order_goods">
        UPDATE qmyz_order_goods
        <set>
               <if test="nNum !=null">
                    N_NUM           = #{nNum,jdbcType=INTEGER},
              </if>
               <if test="nType !=null">
                    N_TYPE          = #{nType,jdbcType=INTEGER},
              </if>
        </set>
        WHERE
            N_ORDER_ID      = #{nOrderId,jdbcType=BIGINT}
            AND S_GOODS_ID      = #{sGoodsId,jdbcType=VARCHAR}
    </operation>
    -->
    <operation name="deleteByPrimary"  remark="根据主键删除数据:qmyz_order_goods">
        <![CDATA[
        DELETE FROM qmyz_order_goods
        WHERE
            N_ORDER_ID = #{nOrderId,jdbcType=BIGINT}
            AND S_GOODS_ID = #{sGoodsId,jdbcType=VARCHAR}
        ]]>
    </operation>

    <operation name="getByPrimary" multiplicity="one" remark="根据主键获取数据:qmyz_order_goods">
        SELECT *
        FROM qmyz_order_goods
        WHERE
        <![CDATA[
            N_ORDER_ID = #{nOrderId,jdbcType=BIGINT}
            AND S_GOODS_ID = #{sGoodsId,jdbcType=VARCHAR}
        ]]>
    </operation>







    <resultmap name="orderGoodsMap" type="ResMapOrderGoodsVO">
        <column name="s_icon" javatype="String" jdbctype="VARCHAR"  remark="图片地址"/>
        <column name="s_nickname" javatype="String" jdbctype="VARCHAR"  remark="昵称"/>
        <column name="d_create" javatype="java.util.Date" jdbctype="TIMESTAMP"  remark="创建时间"/>
        <column name="n_number" javatype="java.lang.Long"  jdbctype="BIGINT"  remark="数量"/>
        <column name="n_user_id" javatype="java.lang.Long" jdbctype="BIGINT"  remark="用户编号"/>
    </resultmap>

    <operation name="getByGoodId" multiplicity="paging" paging="orderGoods" paramtype="primitive"
               resultmap="orderGoodsMap"    remark="根据主键获取数据:qmyz_order_goods">

     select s_icon,s_nickname,n_user_id,d_create,n_number from (
        select v.s_pic_url s_icon,
        v.s_nickname,
        min(v.n_user_id) n_user_id,
        min(t.d_create) d_create,
        sum(u.n_num) n_number
        from qmyz_order t,
        qmyz_order_goods u,
        qmyz_user_info v
        where t.n_type = 1
        and t.s_state = '1'
        and t.n_id = u.n_order_id
        and u.n_type = 1
        and s_goods_id = #{sGoodsId,jdbcType=VARCHAR}
        and t.n_user_id = v.n_user_id
        group by v.s_pic_url, v.s_nickname
        ) b   order by n_number desc,d_create
    </operation>

    <resultmap name="aquacultureMap" type="ResMapAquacultureVO">
        <column name="n_id" javatype="Long" jdbctype="BIGINT"  remark="订单ID"/>
        <column name="s_order_id" javatype="String" jdbctype="VARCHAR"  remark="订单流水号"/>
        <column name="s_product_name" javatype="String" jdbctype="VARCHAR"  remark="产品名称"/>
        <column name="n_num" javatype="java.lang.Long" jdbctype="BIGINT" remark="数量"/>
        <column name="n_total" javatype="java.math.BigDecimal" jdbctype="DECIMAL"  remark="总计"/>
        <column name="n_payment" javatype="String" jdbctype="VARCHAR"   remark="第三方支付总价."/>
        <column name="s_state" javatype="String" jdbctype="VARCHAR"  remark="0 待支付 1 支付成功 2 支付失败 3 支付中 9 订单关闭."/>
        <column name="s_contract_choice" javatype="String" jdbctype="VARCHAR"   remark="1 电子合同 2 纸质合同."/>
        <column name="s_contract_pic" javatype="String" jdbctype="VARCHAR"  remark="电子合同路径"/>
        <column name="d_create" javatype="java.util.Date" jdbctype="TIMESTAMP"  remark="创建时间"/>
        <column name="n_pay_type"  javatype="int" jdbctype="INTEGER"  remark="支付类型"/>
    </resultmap>

    <operation name="getAquacultureByUserId" multiplicity="paging" paging="aquaOrderGoods" paramtype="primitive"
               resultmap="aquacultureMap" remark="根据主键获取数据:qmyz_order_goods">
        select a.n_id,
        a.s_order_id,
        a.s_product_name,
        a.n_num,
        a.n_total,
        a.n_payment,
        a.s_state,
        a.s_contract_pic,
        a.d_create,
        substring_index(group_concat(a.n_pay_type order by a.d_pay_create desc), ',', 1) as n_pay_type
        from (select t.n_id,
        t.s_order_id,
        v.s_product_name,
        u.n_num,
        t.n_total,
        t.n_payment,
        t.s_state,
        t.s_contract_pic,
        t.d_create,
        w.n_pay_type,
        w.d_create as d_pay_create
        from qmyz_order t
        left join qmyz_order_goods u on t.n_id = u.n_order_id
        left join qmyz_aquaculture_product v on u.s_goods_id = concat(v.n_id,'')
        left join qmyz_order_payment w on t.n_id= w.n_order_id
        where  t.n_type = 1
        <if test="nUserId !=null">
            and  t.n_user_id    = #{nUserId,jdbcType=BIGINT}
        </if>
        <if test="sState !=null">
            and   t.s_state    = #{sState,jdbcType=VARCHAR}
        </if>
        and u.n_type = 1) a
        group by a.n_id,
        a.s_order_id,
        a.s_product_name,
        a.n_num,
        a.n_total,
        a.n_payment,
        a.s_state,
        a.s_contract_pic,
        a.d_create
        order by a.n_id desc

    </operation>

    <resultmap name="aquacultureOrderInfoMap" type="ResMapAquacultureInfoVO">
        <column name="s_order_id" javatype="String" jdbctype="VARCHAR"  remark="订单流水号"/>
        <column name="s_product_name" javatype="String" jdbctype="VARCHAR"  remark="产品名称"/>
        <column name="n_num" javatype="java.lang.Long" jdbctype="BIGINT" remark="数量"/>
        <column name="d_pay_time" javatype="java.util.Date" jdbctype="TIMESTAMP"  remark="支付时间"/>
        <column name="n_total" javatype="java.math.BigDecimal" jdbctype="DECIMAL"  remark="总计"/>
    </resultmap>

    <operation name="getAquacultureInfoByOrderId" multiplicity="many" paramtype="primitive"
               resultmap="aquacultureOrderInfoMap"    remark="根据主键获取数据:qmyz_order_goods">
        select v.s_product_name,
        u.n_num,
        t.d_pay_time,
        t.n_total,
        t.s_order_id
        from qmyz_order t,
        qmyz_order_goods u,
        qmyz_aquaculture_product v
        where t.n_id = #{nOrderId,jdbcType=BIGINT}
        and t.n_type = 1
        and t.n_id = u.n_order_id
        and u.s_goods_id = concat(v.n_id,'')
    </operation>

    <resultmap name="orderGoodsInfoMap" type="ResMapOrderGoodsInfoVO">
        <column name="s_specifications" javatype="String" jdbctype="VARCHAR"  remark="规格"/>
        <column name="s_goods_name" javatype="String" jdbctype="VARCHAR"  remark="产品名称"/>
        <column name="s_thumbnail_url" javatype="String" jdbctype="VARCHAR"  remark="缩略图"/>
        <column name="n_num" javatype="java.lang.Long" jdbctype="BIGINT" remark="数量"/>
        <column name="n_goods_price" javatype="java.math.BigDecimal" jdbctype="DECIMAL"  remark="产品单价"/>
        <column name="n_id" javatype="java.lang.Long" jdbctype="BIGINT"  remark="自增ID"/>
    </resultmap>

    <operation name="getGoodsInfoByOrderId" multiplicity="many" paramtype="primitive"
               resultmap="orderGoodsInfoMap"    remark="根据主键获取数据:qmyz_order_goods">
        select v.s_goods_name,
        v.s_specifications,
        v.s_thumbnail_url,
        u.n_num,
        v.n_id,
        v.n_goods_price
        from qmyz_order t,
        qmyz_order_goods u,
        qmyz_goods v
        where t.n_id = #{nOrderId,jdbcType=BIGINT}
        and t.n_type = 2
        and t.n_id = u.n_order_id
        and u.s_goods_id = concat(v.n_id,'')
    </operation>

    <resultmap name="presellActMap" type="ResMapOrderPresellActVO">
        <column name="s_order_id" javatype="String" jdbctype="VARCHAR"  remark="订单流水号"/>
        <column name="s_product_name" javatype="String" jdbctype="VARCHAR"  remark="产品名称"/>
        <column name="n_num" javatype="java.lang.Long" jdbctype="BIGINT" remark="数量"/>
        <column name="d_create" javatype="java.util.Date" jdbctype="TIMESTAMP"  remark="支付时间"/>
        <column name="n_total" javatype="java.math.BigDecimal" jdbctype="DECIMAL"  remark="总计"/>
    </resultmap>

    <operation name="getPresellActByOrderId" multiplicity="one" paramtype="primitive"
               resultmap="presellActMap"    remark="根据主键获取数据:qmyz_order_goods">
        select t.s_order_id,
        u.n_num,
        t.d_create,
        t.n_total,
        v.s_product_name
        from qmyz_order t,
        qmyz_order_goods u,
        qmyz_presell_act v
        where t.n_id = #{nOrderId,jdbcType=BIGINT}
        and t.n_type = 4
        and t.s_state = '1'
        and t.n_id = u.n_order_id
        and t.n_type = u.n_type
        and u.s_goods_id = concat(v.n_id,'')
    </operation>

    <resultmap name="cattleFollowMap" type="ResMapOrderCattleFollowVO">
        <column name="s_order_id" javatype="String" jdbctype="VARCHAR"  remark="订单流水号"/>
        <column name="n_num" javatype="java.lang.Long" jdbctype="BIGINT" remark="数量"/>
        <column name="d_create" javatype="java.util.Date" jdbctype="TIMESTAMP"  remark="支付时间"/>
        <column name="n_total" javatype="java.math.BigDecimal" jdbctype="DECIMAL"  remark="总计"/>
        <column name="s_goods_id" javatype="String" jdbctype="VARCHAR"  remark="产品ID"/>
    </resultmap>

    <operation name="getCattleFollowByOrderId" multiplicity="one" paramtype="primitive"
               resultmap="cattleFollowMap"    remark="根据主键获取数据:qmyz_order_goods">
        select t.s_order_id,
        u.n_num,
        t.d_create,
        t.n_total,
        u.s_goods_id
        from qmyz_order t,
        qmyz_order_goods u
        where t.n_id = #{nOrderId,jdbcType=BIGINT}
        and t.n_type = 3
        and t.s_state = '1'
        and t.n_id = u.n_order_id
        and t.n_type = u.n_type
    </operation>
</table>
