<!DOCTYPE table SYSTEM "../config/table-config-1.0.dtd">
<table sqlname="qmyz_alipay_log" physicalName="qmyz_alipay_log" remark="支付宝明细表">
    <!--  特殊字符说明 &lt;&gt; <> -->
    <!-- baseSql option中 select * 会自动替换为 include -->
    <sql id="Base_Column_List">
        N_ID,MSG,CODE,APP_ID,TRADE_NO 
        ,SELLER_ID,OUT_TRADE_NO,TIMESTAMP,TOTAL_AMOUNT
    </sql>

    <!-- baseSql option中 select sf.* 会自动替换为 include -->
    <sql id="Base_SF_Column_List">
        sf.N_ID,sf.MSG,sf.CODE,sf.APP_ID,sf.TRADE_NO
        ,sf.SELLER_ID,sf.OUT_TRADE_NO,sf.TIMESTAMP,sf.TOTAL_AMOUNT
    </sql>

    <operation name="insert" paramtype="object" remark="插入表:qmyz_alipay_log">
        <selectKey resultType="java.lang.Long" keyProperty="nId" order="BEFORE">
            SELECT nextval_safe('qmyz_alipay_log_seq') as nId  from dual
        </selectKey>
        INSERT INTO qmyz_alipay_log
        <trim prefix="(" suffix=")" suffixOverrides=",">
        <if test="nId !=null">
            N_ID ,
        </if>
        <if test="msg !=null">
            MSG ,
        </if>
        <if test="code !=null">
            CODE ,
        </if>
        <if test="appId !=null">
            APP_ID ,
        </if>
        <if test="tradeNo !=null">
            TRADE_NO ,
        </if>
        <if test="sellerId !=null">
            SELLER_ID ,
        </if>
        <if test="outTradeNo !=null">
            OUT_TRADE_NO ,
        </if>
        <if test="timestamp !=null">
            TIMESTAMP ,
        </if>
        <if test="totalAmount !=null">
            TOTAL_AMOUNT 
        </if>
        </trim>
        <trim prefix="values (" suffix=")" suffixOverrides=",">
          <if test="nId !=null">
              #{nId,jdbcType=BIGINT}  ,
          </if>
          <if test="msg !=null">
              #{msg,jdbcType=VARCHAR}  ,
          </if>
          <if test="code !=null">
              #{code,jdbcType=VARCHAR}  ,
          </if>
          <if test="appId !=null">
              #{appId,jdbcType=VARCHAR}  ,
          </if>
          <if test="tradeNo !=null">
              #{tradeNo,jdbcType=VARCHAR}  ,
          </if>
          <if test="sellerId !=null">
              #{sellerId,jdbcType=VARCHAR}  ,
          </if>
          <if test="outTradeNo !=null">
              #{outTradeNo,jdbcType=VARCHAR}  ,
          </if>
          <if test="timestamp !=null">
              #{timestamp,jdbcType=TIMESTAMP}  ,
          </if>
          <if test="totalAmount !=null">
              #{totalAmount,jdbcType=DECIMAL}  
          </if>
        </trim>
    </operation>

    <!-- foreach 可以自定义类型，paramtype="primitive" foreach->javatype="自己书写的类"  -->
    <!-- 只有一个参数且为List时必须将参数命名为list -->
    <operation name="insertBatch" paramtype="objectList" remark="批量插入表:qmyz_alipay_log">
        INSERT INTO qmyz_alipay_log(
            N_ID
            ,MSG
            ,CODE
            ,APP_ID
            ,TRADE_NO
            ,SELLER_ID
            ,OUT_TRADE_NO
            ,TIMESTAMP
            ,TOTAL_AMOUNT
        )VALUES
        <foreach collection="list"  item="item" separator=",">
            (
                 #{item.nId,jdbcType=BIGINT}
                , #{item.msg,jdbcType=VARCHAR}
                , #{item.code,jdbcType=VARCHAR}
                , #{item.appId,jdbcType=VARCHAR}
                , #{item.tradeNo,jdbcType=VARCHAR}
                , #{item.sellerId,jdbcType=VARCHAR}
                , #{item.outTradeNo,jdbcType=VARCHAR}
                , #{item.timestamp,jdbcType=TIMESTAMP}
                , #{item.totalAmount,jdbcType=DECIMAL}
            )
        </foreach>
    </operation>

    <!-- 不推荐使用全 update 有需要自己打开
    <operation name="update" paramtype="object" remark="更新表:qmyz_alipay_log">
        UPDATE qmyz_alipay_log
        <set>
               <if test="msg !=null">
                    MSG             = #{msg,jdbcType=VARCHAR},
              </if>
               <if test="code !=null">
                    CODE            = #{code,jdbcType=VARCHAR},
              </if>
               <if test="appId !=null">
                    APP_ID          = #{appId,jdbcType=VARCHAR},
              </if>
               <if test="tradeNo !=null">
                    TRADE_NO        = #{tradeNo,jdbcType=VARCHAR},
              </if>
               <if test="sellerId !=null">
                    SELLER_ID       = #{sellerId,jdbcType=VARCHAR},
              </if>
               <if test="outTradeNo !=null">
                    OUT_TRADE_NO    = #{outTradeNo,jdbcType=VARCHAR},
              </if>
               <if test="timestamp !=null">
                    TIMESTAMP       = #{timestamp,jdbcType=TIMESTAMP},
              </if>
               <if test="totalAmount !=null">
                    TOTAL_AMOUNT    = #{totalAmount,jdbcType=DECIMAL}
              </if>
        </set>
        WHERE
            N_ID            = #{nId,jdbcType=BIGINT}
    </operation>
    -->
    <operation name="deleteByNId"  remark="根据主键删除数据:qmyz_alipay_log">
        <![CDATA[
        DELETE FROM qmyz_alipay_log
        WHERE
            N_ID = #{nId,jdbcType=BIGINT}
        ]]>
    </operation>

    <operation name="getByNId" multiplicity="one" remark="根据主键获取数据:qmyz_alipay_log">
        SELECT *
        FROM qmyz_alipay_log
        WHERE
        <![CDATA[
            N_ID = #{nId,jdbcType=BIGINT}
        ]]>
    </operation>

</table>
