<!DOCTYPE table SYSTEM "../config/table-config-1.0.dtd">
<table sqlname="qmyz_cattle_manage" physicalName="qmyz_cattle_manage" remark="牛只管理表">
    <!--  特殊字符说明 &lt;&gt; <> -->
    <!-- baseSql option中 select * 会自动替换为 include -->
    <sql id="Base_Column_List">
        N_PRODUCT_ID,S_FIELD,S_STATE,S_PIC_URL,S_CATTLE_CODE 
        ,N_NEW_NEW,N_BUY_WEIGHT,D_BUY_TIME,D_OUT_TIME,D_UPDATE_TIME
    </sql>

    <!-- baseSql option中 select sf.* 会自动替换为 include -->
    <sql id="Base_SF_Column_List">
        sf.N_PRODUCT_ID,sf.S_FIELD,sf.S_STATE,sf.S_PIC_URL,sf.S_CATTLE_CODE
        ,sf.N_NEW_NEW,sf.N_BUY_WEIGHT,sf.D_BUY_TIME,sf.D_OUT_TIME,sf.D_UPDATE_TIME
    </sql>

    <operation name="insert" paramtype="object" remark="插入表:qmyz_cattle_manage">
        <selectKey resultType="java.lang.Long" keyProperty="id" order="AFTER">
            SELECT
            LAST_INSERT_ID()
        </selectKey>
        INSERT INTO qmyz_cattle_manage(
        <if test="nProductId !=null">
            N_PRODUCT_ID ,
        </if>
        <if test="sField !=null">
            S_FIELD ,
        </if>
        <if test="sState !=null">
            S_STATE ,
        </if>
        <if test="sPicUrl !=null">
            S_PIC_URL ,
        </if>
        <if test="sCattleCode !=null">
            S_CATTLE_CODE ,
        </if>
        <if test="nNewNew !=null">
            N_NEW_NEW ,
        </if>
        <if test="nBuyWeight !=null">
            N_BUY_WEIGHT ,
        </if>
        <if test="dBuyTime !=null">
            D_BUY_TIME ,
        </if>
        <if test="dOutTime !=null">
            D_OUT_TIME ,
        </if>
        <if test="dUpdateTime !=null">
            D_UPDATE_TIME 
        </if>
        )VALUES(
          <if test="nProductId !=null">
              #{nProductId,jdbcType=BIGINT}  ,
          </if>
          <if test="sField !=null">
              #{sField,jdbcType=VARCHAR}  ,
          </if>
          <if test="sState !=null">
              #{sState,jdbcType=VARCHAR}  ,
          </if>
          <if test="sPicUrl !=null">
              #{sPicUrl,jdbcType=VARCHAR}  ,
          </if>
          <if test="sCattleCode !=null">
              #{sCattleCode,jdbcType=VARCHAR}  ,
          </if>
          <if test="nNewNew !=null">
              #{nNewNew,jdbcType=INTEGER}  ,
          </if>
          <if test="nBuyWeight !=null">
              #{nBuyWeight,jdbcType=INTEGER}  ,
          </if>
          <if test="dBuyTime !=null">
              #{dBuyTime,jdbcType=DATE}  ,
          </if>
          <if test="dOutTime !=null">
              #{dOutTime,jdbcType=DATE}  ,
          </if>
          <if test="dUpdateTime !=null">
              #{dUpdateTime,jdbcType=TIMESTAMP}  
          </if>
        )
    </operation>

    <!-- foreach 可以自定义类型，paramtype="primitive" foreach->javatype="自己书写的类"  -->
    <!-- 只有一个参数且为List时必须将参数命名为list -->
    <operation name="insertBatch" paramtype="objectList" remark="批量插入表:qmyz_cattle_manage">
        INSERT INTO qmyz_cattle_manage(
            N_PRODUCT_ID
            ,S_FIELD
            ,S_STATE
            ,S_PIC_URL
            ,S_CATTLE_CODE
            ,N_NEW_NEW
            ,N_BUY_WEIGHT
            ,D_BUY_TIME
            ,D_OUT_TIME
            ,D_UPDATE_TIME
        )VALUES
        <foreach collection="list"  item="item" separator=",">
            (
                 #{item.nProductId,jdbcType=BIGINT}
                , #{item.sField,jdbcType=VARCHAR}
                , #{item.sState,jdbcType=VARCHAR}
                , #{item.sPicUrl,jdbcType=VARCHAR}
                , #{item.sCattleCode,jdbcType=VARCHAR}
                , #{item.nNewNew,jdbcType=INTEGER}
                , #{item.nBuyWeight,jdbcType=INTEGER}
                , #{item.dBuyTime,jdbcType=DATE}
                , #{item.dOutTime,jdbcType=DATE}
                , #{item.dUpdateTime,jdbcType=TIMESTAMP}
            )
        </foreach>
    </operation>

    <!-- 不推荐使用全 update 有需要自己打开
    <operation name="update" paramtype="object" remark="更新表:qmyz_cattle_manage">
        UPDATE qmyz_cattle_manage
        <set>
               <if test="nProductId !=null">
                    N_PRODUCT_ID    = #{nProductId,jdbcType=BIGINT},
              </if>
               <if test="sField !=null">
                    S_FIELD         = #{sField,jdbcType=VARCHAR},
              </if>
               <if test="sState !=null">
                    S_STATE         = #{sState,jdbcType=VARCHAR},
              </if>
               <if test="sPicUrl !=null">
                    S_PIC_URL       = #{sPicUrl,jdbcType=VARCHAR},
              </if>
               <if test="nNewNew !=null">
                    N_NEW_NEW       = #{nNewNew,jdbcType=INTEGER},
              </if>
               <if test="nBuyWeight !=null">
                    N_BUY_WEIGHT    = #{nBuyWeight,jdbcType=INTEGER},
              </if>
               <if test="dBuyTime !=null">
                    D_BUY_TIME      = #{dBuyTime,jdbcType=DATE},
              </if>
               <if test="dOutTime !=null">
                    D_OUT_TIME      = #{dOutTime,jdbcType=DATE},
              </if>
               <if test="dUpdateTime !=null">
                    D_UPDATE_TIME   = #{dUpdateTime,jdbcType=TIMESTAMP}
              </if>
        </set>
        WHERE
            S_CATTLE_CODE   = #{sCattleCode,jdbcType=VARCHAR}
    </operation>
    -->
    <operation name="deleteBySCattleCode"  remark="根据主键删除数据:qmyz_cattle_manage">
        <![CDATA[
        DELETE FROM qmyz_cattle_manage
        WHERE
            S_CATTLE_CODE = #{sCattleCode,jdbcType=VARCHAR}
        ]]>
    </operation>

    <operation name="getBySCattleCode" multiplicity="one" remark="根据主键获取数据:qmyz_cattle_manage">
        SELECT *
        FROM qmyz_cattle_manage
        WHERE
        <![CDATA[
            S_CATTLE_CODE = #{sCattleCode,jdbcType=VARCHAR}
        ]]>
    </operation>

</table>
