<!DOCTYPE table SYSTEM "../config/table-config-1.0.dtd">
<table sqlname="qmyz_shopping_cart" physicalName="qmyz_shopping_cart" remark="购物车表">
    <!--  特殊字符说明 &lt;&gt; <> -->
    <!-- baseSql option中 select * 会自动替换为 include -->
    <sql id="Base_Column_List">
        N_USER_ID,N_NUM,N_GOODS_ID
    </sql>

    <!-- baseSql option中 select sf.* 会自动替换为 include -->
    <sql id="Base_SF_Column_List">
        sf.N_USER_ID,sf.N_NUM,sf.N_GOODS_ID
    </sql>

    <operation name="insert" paramtype="object" remark="插入表:qmyz_shopping_cart">
        <selectKey resultType="java.lang.Long" keyProperty="id" order="AFTER">
            SELECT
            LAST_INSERT_ID()
        </selectKey>
        INSERT INTO qmyz_shopping_cart
        <trim prefix="(" suffix=")" suffixOverrides=",">
        <if test="nUserId !=null">
            N_USER_ID ,
        </if>
        <if test="nNum !=null">
            N_NUM ,
        </if>
        <if test="nGoodsId !=null">
            N_GOODS_ID 
        </if>
        </trim>
        <trim prefix="values (" suffix=")" suffixOverrides=",">
          <if test="nUserId !=null">
              #{nUserId,jdbcType=BIGINT}  ,
          </if>
          <if test="nNum !=null">
              #{nNum,jdbcType=INTEGER}  ,
          </if>
          <if test="nGoodsId !=null">
              #{nGoodsId,jdbcType=INTEGER}  
          </if>
        </trim>
    </operation>

    <!-- foreach 可以自定义类型，paramtype="primitive" foreach->javatype="自己书写的类"  -->
    <!-- 只有一个参数且为List时必须将参数命名为list -->
    <operation name="insertBatch" paramtype="objectList" remark="批量插入表:qmyz_shopping_cart">
        INSERT INTO qmyz_shopping_cart(
            N_USER_ID
            ,N_NUM
            ,N_GOODS_ID
        )VALUES
        <foreach collection="list"  item="item" separator=",">
            (
                 #{item.nUserId,jdbcType=BIGINT}
                , #{item.nNum,jdbcType=INTEGER}
                , #{item.nGoodsId,jdbcType=INTEGER}
            )
        </foreach>
    </operation>

    <!-- 不推荐使用全 update 有需要自己打开
    <operation name="update" paramtype="object" remark="更新表:qmyz_shopping_cart">
        UPDATE qmyz_shopping_cart
        <set>
               <if test="nNum !=null">
                    N_NUM           = #{nNum,jdbcType=INTEGER},
              </if>
        </set>
        WHERE
            N_GOODS_ID      = #{nGoodsId,jdbcType=INTEGER}
            AND N_USER_ID       = #{nUserId,jdbcType=BIGINT}
    </operation>
    -->
    <operation name="deleteByPrimary"  remark="根据主键删除数据:qmyz_shopping_cart">
        <![CDATA[
        DELETE FROM qmyz_shopping_cart
        WHERE
            N_GOODS_ID = #{nGoodsId,jdbcType=INTEGER}
            AND N_USER_ID = #{nUserId,jdbcType=BIGINT}
        ]]>
    </operation>

    <operation name="getByPrimary" multiplicity="one" remark="根据主键获取数据:qmyz_shopping_cart">
        SELECT *
        FROM qmyz_shopping_cart
        WHERE
        <![CDATA[
            N_GOODS_ID = #{nGoodsId,jdbcType=INTEGER}
            AND N_USER_ID = #{nUserId,jdbcType=BIGINT}
        ]]>
    </operation>

</table>
