<!DOCTYPE table SYSTEM "../config/table-config-1.0.dtd">
<table sqlname="qmyz_user_claim" physicalName="qmyz_user_claim" remark="用户认领表">
    <!--  特殊字符说明 &lt;&gt; <> -->
    <!-- baseSql option中 select * 会自动替换为 include -->
    <sql id="Base_Column_List">
        N_USER_ID,S_CATTLE_CODE,D_INCOME,D_UPDATE_TIME,N_INCOME
    </sql>

    <!-- baseSql option中 select sf.* 会自动替换为 include -->
    <sql id="Base_SF_Column_List">
        sf.N_USER_ID,sf.S_CATTLE_CODE,sf.D_INCOME,sf.D_UPDATE_TIME,sf.N_INCOME
    </sql>

    <operation name="insert" paramtype="object" remark="插入表:qmyz_user_claim">
        <selectKey resultType="java.lang.Long" keyProperty="id" order="AFTER">
            SELECT
            LAST_INSERT_ID()
        </selectKey>
        INSERT INTO qmyz_user_claim(
        <if test="nUserId !=null">
            N_USER_ID ,
        </if>
        <if test="sCattleCode !=null">
            S_CATTLE_CODE ,
        </if>
        <if test="dIncome !=null">
            D_INCOME ,
        </if>
        <if test="dUpdateTime !=null">
            D_UPDATE_TIME ,
        </if>
        <if test="nIncome !=null">
            N_INCOME 
        </if>
        )VALUES(
          <if test="nUserId !=null">
              #{nUserId,jdbcType=BIGINT}  ,
          </if>
          <if test="sCattleCode !=null">
              #{sCattleCode,jdbcType=VARCHAR}  ,
          </if>
          <if test="dIncome !=null">
              #{dIncome,jdbcType=DATE}  ,
          </if>
          <if test="dUpdateTime !=null">
              #{dUpdateTime,jdbcType=TIMESTAMP}  ,
          </if>
          <if test="nIncome !=null">
              #{nIncome,jdbcType=DECIMAL}  
          </if>
        )
    </operation>

    <!-- foreach 可以自定义类型，paramtype="primitive" foreach->javatype="自己书写的类"  -->
    <!-- 只有一个参数且为List时必须将参数命名为list -->
    <operation name="insertBatch" paramtype="objectList" remark="批量插入表:qmyz_user_claim">
        INSERT INTO qmyz_user_claim(
            N_USER_ID
            ,S_CATTLE_CODE
            ,D_INCOME
            ,D_UPDATE_TIME
            ,N_INCOME
        )VALUES
        <foreach collection="list"  item="item" separator=",">
            (
                 #{item.nUserId,jdbcType=BIGINT}
                , #{item.sCattleCode,jdbcType=VARCHAR}
                , #{item.dIncome,jdbcType=DATE}
                , #{item.dUpdateTime,jdbcType=TIMESTAMP}
                , #{item.nIncome,jdbcType=DECIMAL}
            )
        </foreach>
    </operation>

    <!-- 不推荐使用全 update 有需要自己打开
    <operation name="update" paramtype="object" remark="更新表:qmyz_user_claim">
        UPDATE qmyz_user_claim
        <set>
               <if test="dIncome !=null">
                    D_INCOME        = #{dIncome,jdbcType=DATE},
              </if>
               <if test="dUpdateTime !=null">
                    D_UPDATE_TIME   = #{dUpdateTime,jdbcType=TIMESTAMP},
              </if>
               <if test="nIncome !=null">
                    N_INCOME        = #{nIncome,jdbcType=DECIMAL},
              </if>
        </set>
        WHERE
            S_CATTLE_CODE   = #{sCattleCode,jdbcType=VARCHAR}
            AND N_USER_ID       = #{nUserId,jdbcType=BIGINT}
    </operation>
    -->
    <operation name="deleteByPrimary"  remark="根据主键删除数据:qmyz_user_claim">
        <![CDATA[
        DELETE FROM qmyz_user_claim
        WHERE
            S_CATTLE_CODE = #{sCattleCode,jdbcType=VARCHAR}
            AND N_USER_ID = #{nUserId,jdbcType=BIGINT}
        ]]>
    </operation>

    <operation name="getByPrimary" multiplicity="one" remark="根据主键获取数据:qmyz_user_claim">
        SELECT *
        FROM qmyz_user_claim
        WHERE
        <![CDATA[
            S_CATTLE_CODE = #{sCattleCode,jdbcType=VARCHAR}
            AND N_USER_ID = #{nUserId,jdbcType=BIGINT}
        ]]>
    </operation>






    <resultmap name="myAnimalResultMap" type="ResMapMyAquacultureVO" remark="分页返回结果">
        <column name="n_id" jdbctype="INTEGER" javatype="Integer" remark="产品编号"/>
        <column name="s_product_name" javatype="String" jdbctype="VARCHAR" remark="产品名称"/>
        <column name="s_insurance_url" javatype="String" jdbctype="VARCHAR" remark="保险"/>
    </resultmap>


    <operation name="getMyAnimal" multiplicity="paging" paging="myAnimal"  resultmap="myAnimalResultMap"
               remark="根据主键获取数据:qmyz_user_claim">
       select b.n_id,b.s_product_name,b.s_insurance_url from (
        select v.n_id,v.s_product_name,v.s_insurance_url
        from qmyz_order t,
        qmyz_order_goods u,
        qmyz_aquaculture_product v
        where t.N_USER_ID  = #{nUserId,jdbcType=BIGINT}
        and t.n_type = 1
        and t.s_state = '1'
        and t.n_id = u.n_order_id
        and u.n_type = 1
        and u.s_goods_id= concat(v.n_id,'')
        group by v.s_product_name,v.s_insurance_url ) b
    </operation>


    <operation name="getIncomeByNUserId" multiplicity="many"
               remark="根据主键获取数据:qmyz_user_claim">
        select b.d_income,
        sum(b.n_income_min) n_income_min,
        sum(b.n_income_max) n_income_max
        from (select a.d_income,
        a.n_income_min,
        a.n_income_max
        from (select t.d_income,
        t.n_income_min,
        t.n_income_max,
        ifnull((select u.s_state
        from qmyz_cattle_manage u
        where u.s_cattle_code = t.s_cattle_code),'0') s_state
        from qmyz_user_claim t
        where t.n_user_id = #{nUserId,jdbcType=BIGINT}
        and t.d_income >= date(now())) a
        where a.s_state not in ('2','3','4')) b
        group by b.d_income
        order by b.d_income
    </operation>
</table>
