<!DOCTYPE table SYSTEM "../config/table-config-1.0.dtd">
<table sqlname="qmyz_user_asset" physicalName="qmyz_user_asset" remark="用户资产表">
    <!--  特殊字符说明 &lt;&gt; <> -->
    <!-- baseSql option中 select * 会自动替换为 include -->
    <sql id="Base_Column_List">
        N_USER_ID,D_LAST_UPDATE,N_ACCOUNT_BALANCE,N_INTEGRAL_BALANCE
    </sql>

    <!-- baseSql option中 select sf.* 会自动替换为 include -->
    <sql id="Base_SF_Column_List">
        sf.N_USER_ID,sf.D_LAST_UPDATE,sf.N_ACCOUNT_BALANCE,sf.N_INTEGRAL_BALANCE
    </sql>

    <operation name="insert" paramtype="object" remark="插入表:qmyz_user_asset">
        <selectKey resultType="java.lang.Long" keyProperty="id" order="AFTER">
            SELECT
            LAST_INSERT_ID()
        </selectKey>
        INSERT INTO qmyz_user_asset(
        <if test="nUserId !=null">
            N_USER_ID ,
        </if>
        <if test="dLastUpdate !=null">
            D_LAST_UPDATE ,
        </if>
        <if test="nAccountBalance !=null">
            N_ACCOUNT_BALANCE ,
        </if>
        <if test="nIntegralBalance !=null">
            N_INTEGRAL_BALANCE 
        </if>
        )VALUES(
          <if test="nUserId !=null">
              #{nUserId,jdbcType=BIGINT}  ,
          </if>
          <if test="dLastUpdate !=null">
              #{dLastUpdate,jdbcType=TIMESTAMP}  ,
          </if>
          <if test="nAccountBalance !=null">
              #{nAccountBalance,jdbcType=DECIMAL}  ,
          </if>
          <if test="nIntegralBalance !=null">
              #{nIntegralBalance,jdbcType=DECIMAL}  
          </if>
        )
    </operation>

    <!-- foreach 可以自定义类型，paramtype="primitive" foreach->javatype="自己书写的类"  -->
    <!-- 只有一个参数且为List时必须将参数命名为list -->
    <operation name="insertBatch" paramtype="objectList" remark="批量插入表:qmyz_user_asset">
        INSERT INTO qmyz_user_asset(
            N_USER_ID
            ,D_LAST_UPDATE
            ,N_ACCOUNT_BALANCE
            ,N_INTEGRAL_BALANCE
        )VALUES
        <foreach collection="list"  item="item" separator=",">
            (
                 #{item.nUserId,jdbcType=BIGINT}
                , #{item.dLastUpdate,jdbcType=TIMESTAMP}
                , #{item.nAccountBalance,jdbcType=DECIMAL}
                , #{item.nIntegralBalance,jdbcType=DECIMAL}
            )
        </foreach>
    </operation>

    <operation name="deleteByNUserId"  remark="根据主键删除数据:qmyz_user_asset">
        <![CDATA[
        DELETE FROM qmyz_user_asset
        WHERE
            N_USER_ID = #{nUserId,jdbcType=BIGINT}
        ]]>
    </operation>

    <operation name="getByNUserId" multiplicity="one" remark="根据主键获取数据:qmyz_user_asset">
        SELECT *
        FROM qmyz_user_asset
        WHERE
        <![CDATA[
            N_USER_ID = #{nUserId,jdbcType=BIGINT}
        ]]>
    </operation>





    <resultmap name="userAssetMap" type="ResMapUserAssetVO">
        <column name="n_account_balance" javatype="String" jdbctype="VARCHAR"  remark="账户余额"/>
        <column name="n_integral_balance" javatype="String" jdbctype="VARCHAR" remark="积分余额"/>
    </resultmap>

    <operation name="getMyMoney" multiplicity="one" remark="根据主键获取数据:qmyz_user_asset" resultmap="userAssetMap">
        select  e.n_account_balance as n_account_balance , e.n_integral_balance as n_integral_balance
        from   qmyz_user_asset e
        where 1=1
        <![CDATA[
         and e.N_USER_ID = #{nUserId,jdbcType=BIGINT}
        ]]>
    </operation>


    <resultmap name="accUserIncomeMap" type="ResMapAccUserIncomeVO">
        <column name="n_id" javatype="Long" jdbctype="VARCHAR"  remark="产品ID"/>
    </resultmap>

    <operation name="accumulateUserIncomePage" multiplicity="paging" paging="accUserIncome" paramtype="primitive"
               remark="根据主键获取数据:qmyz_user_asset" resultmap="accUserIncomeMap">
        SELECT
        v.n_id
        from qmyz_user_settle t,
        qmyz_cattle_manage u,
        qmyz_aquaculture_product v
        WHERE
         t.s_cattle_code = u.s_cattle_code
        and u.s_state &lt;&gt; '1'
        and u.n_product_id = v.n_id
        <![CDATA[
         and t.N_USER_ID = #{nUserId,jdbcType=BIGINT}
        ]]>
        group by v.n_id
    </operation>

    <resultmap name="returnUserIncomeMap" type="ResMapReturnUserIncomeVO">
        <column name="n_id" javatype="Long" jdbctype="VARCHAR"  remark="产品ID"/>
    </resultmap>

    <operation name="returnUserIncomePage" multiplicity="paging" paging="returnUserIncome" paramtype="primitive"
               remark="根据主键获取数据:qmyz_user_asset" resultmap="returnUserIncomeMap">
        SELECT
        v.n_id
        from qmyz_user_claim t,
        qmyz_cattle_manage u,
        qmyz_aquaculture_product v
        WHERE
         t.s_cattle_code = u.s_cattle_code
        and u.s_state = '1'
        and u.n_product_id = v.n_id
        <![CDATA[
         and t.N_USER_ID = #{nUserId,jdbcType=BIGINT}
        ]]>
        group by v.n_id
    </operation>

    <operation name="updateReduceBalance" paramtype="object" remark="更新表:qmyz_user_asset">
        <![CDATA[
        UPDATE qmyz_user_asset
        SET
            N_ACCOUNT_BALANCE = N_ACCOUNT_BALANCE-#{nAccountBalance,jdbcType=DECIMAL}
            ,D_LAST_UPDATE   = CURRENT_DATE()
        WHERE
            N_USER_ID       = #{nUserId,jdbcType=BIGINT}
            and N_ACCOUNT_BALANCE >= #{nAccountBalance,jdbcType=DECIMAL}
        ]]>
    </operation>

    <operation name="update" paramtype="object" remark="更新表:qmyz_user_asset">
        UPDATE qmyz_user_asset
        <set>
            <if test="dLastUpdate !=null">
                D_LAST_UPDATE   = #{dLastUpdate,jdbcType=TIMESTAMP},
            </if>
            <if test="nAccountBalance !=null">
                N_ACCOUNT_BALANCE =N_ACCOUNT_BALANCE- #{nAccountBalance,jdbcType=DECIMAL},
            </if>
            <if test="nIntegralBalance !=null">
                N_INTEGRAL_BALANCE =N_INTEGRAL_BALANCE- #{nIntegralBalance,jdbcType=DECIMAL}
            </if>
        </set>
        WHERE
        N_USER_ID       = #{nUserId,jdbcType=BIGINT}
    </operation>


    <operation name="updateIntegral" paramtype="object" remark="更新表:qmyz_user_asset">
        UPDATE qmyz_user_asset
        <set>
            <if test="dLastUpdate !=null">
                D_LAST_UPDATE   = #{dLastUpdate,jdbcType=TIMESTAMP},
            </if>
            <if test="nIntegralBalance !=null">
                N_ACCOUNT_BALANCE =N_ACCOUNT_BALANCE+ #{nIntegralBalance,jdbcType=DECIMAL},
            </if>
            <if test="nIntegralBalance !=null">
                N_INTEGRAL_BALANCE =N_INTEGRAL_BALANCE- #{nIntegralBalance,jdbcType=DECIMAL}
            </if>
        </set>
        WHERE
        N_USER_ID       = #{nUserId,jdbcType=BIGINT}
        and N_INTEGRAL_BALANCE >= #{nIntegralBalance,jdbcType=DECIMAL}
    </operation>

    <resultmap name="allTotalMap" type="ResMapAllTotalVO">
        <column name="n_all_total" javatype="java.math.BigDecimal" jdbctype="DECIMAL"  remark="总资产"/>
    </resultmap>

    <operation name="getAllTotalByNUserId" multiplicity="one" paramtype="primitive"
               remark="根据主键获取数据:qmyz_user_asset" resultmap="allTotalMap">
        select ifnull((select sum(t.n_total)
        from qmyz_order t
        where t.n_user_id =  #{nUserId,jdbcType=BIGINT}
        and t.n_type in (1,3)
        and t.s_state = '1'),0)
        - ifnull((select sum(w.n_price+w.n_other)
        from qmyz_user_settle u,
        qmyz_cattle_manage v,
        qmyz_aquaculture_product w
        where u.n_user_id =  #{nUserId,jdbcType=BIGINT}
        and u.s_cattle_code = v.s_cattle_code
        and v.s_state in ('2','3','4')
        and v.n_product_id = w.n_id),0)
        + ifnull((select x.n_account_balance + x.n_integral_balance
        from qmyz_user_asset x
        where x.n_user_id =  #{nUserId,jdbcType=BIGINT}),0) n_all_total
    </operation>


    <resultmap name="inComeMap" type="ResMapInComeVO">
        <column name="n_income_min" javatype="java.math.BigDecimal" jdbctype="DECIMAL"  remark="最小预期资产"/>
        <column name="n_income_max" javatype="java.math.BigDecimal" jdbctype="DECIMAL"  remark="最大预期资产"/>
    </resultmap>

    <operation name="getInComeByNUserId" multiplicity="one" paramtype="primitive"
               remark="根据主键获取数据:qmyz_user_asset" resultmap="inComeMap">
        select sum(a.n_income_min) n_income_min,
        sum(a.n_income_max) n_income_max
        from (select t.n_income_min,
        t.n_income_max,
        ifnull((select u.s_state
        from qmyz_cattle_manage u
        where u.s_cattle_code = t.s_cattle_code),'0') s_state
        from qmyz_user_claim t
        where t.n_user_id =  #{nUserId,jdbcType=BIGINT}
        and t.d_income >= date(now())) a
        where a.s_state not in ('2','3','4')
    </operation>
</table>
