<!DOCTYPE table SYSTEM "../config/table-config-1.0.dtd">
<table sqlname="qmyz_order" physicalName="qmyz_order" remark="订单信息表">
    <!--  特殊字符说明 &lt;&gt; <> -->
    <!-- baseSql option中 select * 会自动替换为 include -->
    <sql id="Base_Column_List">
        N_ID,N_USER_ID,S_STATE,S_STATUS,S_ORDER_ID 
        ,S_EVALUATE,S_RECOMMEND,S_CONTRACT_PIC,S_LEAVE_MESSAGE,S_CONTRACT_CHOICE 
        ,N_TYPE,D_CREATE,D_PAY_TIME,D_LAST_UPDATE,N_POST 
        ,N_TOTAL,N_PAYMENT
    </sql>

    <!-- baseSql option中 select sf.* 会自动替换为 include -->
    <sql id="Base_SF_Column_List">
        sf.N_ID,sf.N_USER_ID,sf.S_STATE,sf.S_STATUS,sf.S_ORDER_ID
        ,sf.S_EVALUATE,sf.S_RECOMMEND,sf.S_CONTRACT_PIC,sf.S_LEAVE_MESSAGE,sf.S_CONTRACT_CHOICE
        ,sf.N_TYPE,sf.D_CREATE,sf.D_PAY_TIME,sf.D_LAST_UPDATE,sf.N_POST
        ,sf.N_TOTAL,sf.N_PAYMENT
    </sql>

    <operation name="insert" paramtype="object" remark="插入表:qmyz_order">
        <!--<selectKey resultType="java.lang.Long" keyProperty="id" order="AFTER">-->
            <!--SELECT-->
            <!--LAST_INSERT_ID()-->
        <!--</selectKey>-->
        INSERT INTO qmyz_order
        <trim prefix="(" suffix=")" suffixOverrides=",">
        <if test="nId !=null">
            N_ID ,
        </if>
        <if test="nUserId !=null">
            N_USER_ID ,
        </if>
        <if test="sState !=null">
            S_STATE ,
        </if>
        <if test="sStatus !=null">
            S_STATUS ,
        </if>
        <if test="sOrderId !=null">
            S_ORDER_ID ,
        </if>
        <if test="sEvaluate !=null">
            S_EVALUATE ,
        </if>
        <if test="sRecommend !=null">
            S_RECOMMEND ,
        </if>
        <if test="sContractPic !=null">
            S_CONTRACT_PIC ,
        </if>
        <if test="sLeaveMessage !=null">
            S_LEAVE_MESSAGE ,
        </if>
        <if test="sContractChoice !=null">
            S_CONTRACT_CHOICE ,
        </if>
        <if test="nType !=null">
            N_TYPE ,
        </if>
        <if test="dCreate !=null">
            D_CREATE ,
        </if>
        <if test="dPayTime !=null">
            D_PAY_TIME ,
        </if>
        <if test="dLastUpdate !=null">
            D_LAST_UPDATE ,
        </if>
        <if test="nPost !=null">
            N_POST ,
        </if>
        <if test="nTotal !=null">
            N_TOTAL ,
        </if>
        <if test="nPayment !=null">
            N_PAYMENT 
        </if>
        </trim>
        <trim prefix="values (" suffix=")" suffixOverrides=",">
          <if test="nId !=null">
              #{nId,jdbcType=BIGINT}  ,
          </if>
          <if test="nUserId !=null">
              #{nUserId,jdbcType=BIGINT}  ,
          </if>
          <if test="sState !=null">
              #{sState,jdbcType=VARCHAR}  ,
          </if>
          <if test="sStatus !=null">
              #{sStatus,jdbcType=VARCHAR}  ,
          </if>
          <if test="sOrderId !=null">
              #{sOrderId,jdbcType=VARCHAR}  ,
          </if>
          <if test="sEvaluate !=null">
              #{sEvaluate,jdbcType=VARCHAR}  ,
          </if>
          <if test="sRecommend !=null">
              #{sRecommend,jdbcType=VARCHAR}  ,
          </if>
          <if test="sContractPic !=null">
              #{sContractPic,jdbcType=VARCHAR}  ,
          </if>
          <if test="sLeaveMessage !=null">
              #{sLeaveMessage,jdbcType=VARCHAR}  ,
          </if>
          <if test="sContractChoice !=null">
              #{sContractChoice,jdbcType=VARCHAR}  ,
          </if>
          <if test="nType !=null">
              #{nType,jdbcType=INTEGER}  ,
          </if>
          <if test="dCreate !=null">
              #{dCreate,jdbcType=TIMESTAMP}  ,
          </if>
          <if test="dPayTime !=null">
              #{dPayTime,jdbcType=TIMESTAMP}  ,
          </if>
          <if test="dLastUpdate !=null">
              #{dLastUpdate,jdbcType=TIMESTAMP}  ,
          </if>
          <if test="nPost !=null">
              #{nPost,jdbcType=DECIMAL}  ,
          </if>
          <if test="nTotal !=null">
              #{nTotal,jdbcType=DECIMAL}  ,
          </if>
          <if test="nPayment !=null">
              #{nPayment,jdbcType=DECIMAL}  
          </if>
        </trim>
    </operation>

    <!-- foreach 可以自定义类型，paramtype="primitive" foreach->javatype="自己书写的类"  -->
    <!-- 只有一个参数且为List时必须将参数命名为list -->
    <operation name="insertBatch" paramtype="objectList" remark="批量插入表:qmyz_order">
        INSERT INTO qmyz_order(
            N_ID
            ,N_USER_ID
            ,S_STATE
            ,S_STATUS
            ,S_ORDER_ID
            ,S_EVALUATE
            ,S_RECOMMEND
            ,S_CONTRACT_PIC
            ,S_LEAVE_MESSAGE
            ,S_CONTRACT_CHOICE
            ,N_TYPE
            ,D_CREATE
            ,D_PAY_TIME
            ,D_LAST_UPDATE
            ,N_POST
            ,N_TOTAL
            ,N_PAYMENT
        )VALUES
        <foreach collection="list"  item="item" separator=",">
            (
                 #{item.nId,jdbcType=BIGINT}
                , #{item.nUserId,jdbcType=BIGINT}
                , #{item.sState,jdbcType=VARCHAR}
                , #{item.sStatus,jdbcType=VARCHAR}
                , #{item.sOrderId,jdbcType=VARCHAR}
                , #{item.sEvaluate,jdbcType=VARCHAR}
                , #{item.sRecommend,jdbcType=VARCHAR}
                , #{item.sContractPic,jdbcType=VARCHAR}
                , #{item.sLeaveMessage,jdbcType=VARCHAR}
                , #{item.sContractChoice,jdbcType=VARCHAR}
                , #{item.nType,jdbcType=INTEGER}
                , #{item.dCreate,jdbcType=TIMESTAMP}
                , #{item.dPayTime,jdbcType=TIMESTAMP}
                , #{item.dLastUpdate,jdbcType=TIMESTAMP}
                , #{item.nPost,jdbcType=DECIMAL}
                , #{item.nTotal,jdbcType=DECIMAL}
                , #{item.nPayment,jdbcType=DECIMAL}
            )
        </foreach>
    </operation>

    <!-- 不推荐使用全 update 有需要自己打开
    <operation name="update" paramtype="object" remark="更新表:qmyz_order">
        UPDATE qmyz_order
        <set>
               <if test="nUserId !=null">
                    N_USER_ID       = #{nUserId,jdbcType=BIGINT},
              </if>
               <if test="sState !=null">
                    S_STATE         = #{sState,jdbcType=VARCHAR},
              </if>
               <if test="sStatus !=null">
                    S_STATUS        = #{sStatus,jdbcType=VARCHAR},
              </if>
               <if test="sOrderId !=null">
                    S_ORDER_ID      = #{sOrderId,jdbcType=VARCHAR},
              </if>
               <if test="sEvaluate !=null">
                    S_EVALUATE      = #{sEvaluate,jdbcType=VARCHAR},
              </if>
               <if test="sRecommend !=null">
                    S_RECOMMEND     = #{sRecommend,jdbcType=VARCHAR},
              </if>
               <if test="sContractPic !=null">
                    S_CONTRACT_PIC  = #{sContractPic,jdbcType=VARCHAR},
              </if>
               <if test="sLeaveMessage !=null">
                    S_LEAVE_MESSAGE = #{sLeaveMessage,jdbcType=VARCHAR},
              </if>
               <if test="sContractChoice !=null">
                    S_CONTRACT_CHOICE = #{sContractChoice,jdbcType=VARCHAR},
              </if>
               <if test="nType !=null">
                    N_TYPE          = #{nType,jdbcType=INTEGER},
              </if>
               <if test="dCreate !=null">
                    D_CREATE        = #{dCreate,jdbcType=TIMESTAMP},
              </if>
               <if test="dPayTime !=null">
                    D_PAY_TIME      = #{dPayTime,jdbcType=TIMESTAMP},
              </if>
               <if test="dLastUpdate !=null">
                    D_LAST_UPDATE   = #{dLastUpdate,jdbcType=TIMESTAMP},
              </if>
               <if test="nPost !=null">
                    N_POST          = #{nPost,jdbcType=DECIMAL},
              </if>
               <if test="nTotal !=null">
                    N_TOTAL         = #{nTotal,jdbcType=DECIMAL},
              </if>
               <if test="nPayment !=null">
                    N_PAYMENT       = #{nPayment,jdbcType=DECIMAL}
              </if>
        </set>
        WHERE
            N_ID            = #{nId,jdbcType=BIGINT}
    </operation>
    -->
    <operation name="deleteByNId"  remark="根据主键删除数据:qmyz_order">
        <![CDATA[
        DELETE FROM qmyz_order
        WHERE
            N_ID = #{nId,jdbcType=BIGINT}
            and S_STATE = '9'
        ]]>
    </operation>

    <operation name="getByNId" multiplicity="one" remark="根据主键获取数据:qmyz_order">
        SELECT *
        FROM qmyz_order
        WHERE
        <![CDATA[
            N_ID = #{nId,jdbcType=BIGINT}
        ]]>
    </operation>

    <!-- 根据普通索引查询数据 -->
    <operation name="queryByQmyzOrder1" multiplicity="many" remark="根据普通索引QmyzOrder1获取数据:qmyz_order">
        SELECT *
        FROM qmyz_order
        WHERE
        <![CDATA[
            N_USER_ID       = #{nUserId,jdbcType=BIGINT}
            AND S_STATE         = #{sState,jdbcType=VARCHAR}
            AND S_EVALUATE      = #{sEvaluate,jdbcType=VARCHAR}
            AND S_CONTRACT_CHOICE = #{sContractChoice,jdbcType=VARCHAR}
        ]]>
    </operation>





    <operation name="getSeq" resulttype="java.lang.Long">
        SELECT nextval_safe('qmyz_order_seq')
    </operation>

    <resultmap name="orderGoodsInfosMap" type="ResMapOrderGoodsInfosVO">
        <column name="n_id"  javatype="int" jdbctype="INTEGER"    remark="订单编号"/>
        <column name="s_order_id" javatype="String" jdbctype="VARCHAR"   remark="订单"/>
        <column name="d_create" javatype="java.util.Date" jdbctype="TIMESTAMP"  remark="创建时间"/>
        <column name="s_state" javatype="String" jdbctype="VARCHAR"   remark="状态"/>
        <column name="s_evaluate" javatype="String" jdbctype="VARCHAR"   remark="评价状态"/>
        <column name="n_total" javatype="java.math.BigDecimal" jdbctype="DECIMAL"  remark="总价"/>
        <column name="n_post"  javatype="java.math.BigDecimal" jdbctype="DECIMAL"    remark="邮费"/>
        <column name="n_payment" javatype="java.math.BigDecimal" jdbctype="DECIMAL"  remark="第三方支付的钱"/>
        <column name="n_pay_type"  javatype="int" jdbctype="INTEGER"  remark="支付类型"/>
    </resultmap>

    <operation name="getGoodsByUserId" multiplicity="paging" paging="goodsOrderGoods" paramtype="primitive"
               resultmap="orderGoodsInfosMap"   remark="根据主键获取数据:qmyz_order">
        select a.n_id,
        a.s_order_id,
        a.d_create,
        a.s_state,
        a.s_evaluate,
        a.n_total,
        a.n_post,
        a.n_payment,
        substring_index(group_concat(a.n_pay_type order by a.d_pay_create desc), ',', 1) n_pay_type
        from (select t.n_id,
        t.s_order_id,
        t.d_create,
        t.s_state,
        t.s_evaluate,
        t.n_total,
        t.n_post,
        t.n_payment,
        u.n_pay_type,
        u.d_create as d_pay_create
        from qmyz_order t
        left join qmyz_order_payment u on t.n_id = u.n_order_id
        where t.n_type = 2
        <if test="nUserId !=null">
            and t.n_user_id    = #{nUserId,jdbcType=BIGINT}
        </if>
        <if test="sState !=null">
            and t.s_state    = #{sState,jdbcType=VARCHAR}
        </if>
        <if test="sEvaluate !=null">
            and  t.s_evaluate    = #{sEvaluate,jdbcType=VARCHAR}
        </if>
        ) a
        group by a.n_id,
        a.s_order_id,
        a.d_create,
        a.s_state,
        a.s_evaluate,
        a.n_total,
        a.n_post,
        a.n_payment
        order by a.n_id desc

    </operation>


    <resultmap name="goodsMap" type="ResMapGoodsVO">
        <column name="n_order_id"  javatype="java.lang.Long" jdbctype="BIGINT"  remark="数量"/>
        <column name="s_goods_name" javatype="String" jdbctype="VARCHAR"   remark="商品名称"/>
        <column name="s_thumbnail_url" javatype="String" jdbctype="VARCHAR"   remark="商品图片"/>
        <column name="s_specifications" javatype="String" jdbctype="VARCHAR"  remark="规格"/>
        <column name="n_goods_price" javatype="java.math.BigDecimal" jdbctype="DECIMAL"  remark="单价"/>
        <column name="n_num"  javatype="int" jdbctype="INTEGER"  remark="数量"/>
    </resultmap>

    <operation name="getGoodsList" multiplicity="many"  paramtype="primitive"
               resultmap="goodsMap" remark="根据主键获取数据:qmyz_order">
        select
        t.n_order_id,
        u.s_goods_name,
        u.s_specifications,
        u.n_goods_price,
        u.s_thumbnail_url,
        t.n_num
        from qmyz_order_goods t,
        qmyz_goods u
        where t.n_type = 2
        <if test="list !=null">
            and  t.n_order_id IN
            <foreach collection="list" item="nOrderId" index="index" open="(" close=")" separator=",">
                #{nOrderId,jdbcType=INTEGER}
            </foreach>
        </if>
        and t.s_goods_id = concat(u.n_id,'')
    </operation>

    <resultmap name="typeMap" type="ResMapOrderVO">
        <column name="n_num" javatype="int" jdbctype="BIGINT"  remark="待支付数量"/>
    </resultmap>

    <operation name="getTypeByNUserID" multiplicity="one" remark="根据主键获取数据:qmyz_order"  resultmap="typeMap">
        select count(*) n_num
        from qmyz_order t
        where (t.n_type = 1
        Or t.n_type = 2)
        and s_state = '0'
        and  N_USER_ID       = #{nUserId,jdbcType=BIGINT}
    </operation>

    <resultmap name="evaluateMap" type="ResMapEvaluateVO">
        <column name="n_num" javatype="int" jdbctype="BIGINT"  remark="待评价数量"/>
    </resultmap>

    <operation name="getEvaluateByNUserID" multiplicity="one" remark="根据主键获取数据:qmyz_order" resultmap="evaluateMap">
        select count(*) n_num
        from qmyz_order t
        where t.n_type = 2
        and s_evaluate= '0'
        and  s_state = '1'
        and  N_USER_ID       = #{nUserId,jdbcType=BIGINT}
    </operation>

    <operation name="getByNIdAndNUserId" multiplicity="one" remark="根据主键获取数据:qmyz_order">
        SELECT *
        FROM qmyz_order
        WHERE
        <![CDATA[
            N_ID = #{nId,jdbcType=BIGINT}
        ]]>
        and  N_USER_ID       = #{nUserId,jdbcType=BIGINT}
        and s_state = '0'
    </operation>
</table>
