<!DOCTYPE table SYSTEM "../config/table-config-1.0.dtd">
<table sqlname="qmyz_cattle_follow" physicalName="qmyz_cattle_follow" remark="牛只接盘表">
    <!--  特殊字符说明 &lt;&gt; <> -->
    <!-- baseSql option中 select * 会自动替换为 include -->
    <sql id="Base_Column_List">
        S_CATTLE_CODE,N_ID,N_FOLLOW,D_CREATE_TIME
    </sql>

    <!-- baseSql option中 select sf.* 会自动替换为 include -->
    <sql id="Base_SF_Column_List">
        sf.S_CATTLE_CODE,sf.N_ID,sf.N_FOLLOW,sf.D_CREATE_TIME
    </sql>

    <operation name="insert" paramtype="object" remark="插入表:qmyz_cattle_follow">
        <selectKey resultType="java.lang.Long" keyProperty="id" order="AFTER">
            SELECT
            LAST_INSERT_ID()
        </selectKey>
        INSERT INTO qmyz_cattle_follow
        <trim prefix="(" suffix=")" suffixOverrides=",">
        <if test="sCattleCode !=null">
            S_CATTLE_CODE ,
        </if>
        <if test="nId !=null">
            N_ID ,
        </if>
        <if test="nFollow !=null">
            N_FOLLOW ,
        </if>
        <if test="dCreateTime !=null">
            D_CREATE_TIME 
        </if>
        </trim>
        <trim prefix="values (" suffix=")" suffixOverrides=",">
          <if test="sCattleCode !=null">
              #{sCattleCode,jdbcType=VARCHAR}  ,
          </if>
          <if test="nId !=null">
              #{nId,jdbcType=INTEGER}  ,
          </if>
          <if test="nFollow !=null">
              #{nFollow,jdbcType=INTEGER}  ,
          </if>
          <if test="dCreateTime !=null">
              #{dCreateTime,jdbcType=TIMESTAMP}  
          </if>
        </trim>
    </operation>

    <!-- foreach 可以自定义类型，paramtype="primitive" foreach->javatype="自己书写的类"  -->
    <!-- 只有一个参数且为List时必须将参数命名为list -->
    <operation name="insertBatch" paramtype="objectList" remark="批量插入表:qmyz_cattle_follow">
        INSERT INTO qmyz_cattle_follow(
            S_CATTLE_CODE
            ,N_ID
            ,N_FOLLOW
            ,D_CREATE_TIME
        )VALUES
        <foreach collection="list"  item="item" separator=",">
            (
                 #{item.sCattleCode,jdbcType=VARCHAR}
                , #{item.nId,jdbcType=INTEGER}
                , #{item.nFollow,jdbcType=INTEGER}
                , #{item.dCreateTime,jdbcType=TIMESTAMP}
            )
        </foreach>
    </operation>

    <!-- 不推荐使用全 update 有需要自己打开
    <operation name="update" paramtype="object" remark="更新表:qmyz_cattle_follow">
        UPDATE qmyz_cattle_follow
        <set>
               <if test="sCattleCode !=null">
                    S_CATTLE_CODE   = #{sCattleCode,jdbcType=VARCHAR},
              </if>
               <if test="nFollow !=null">
                    N_FOLLOW        = #{nFollow,jdbcType=INTEGER},
              </if>
               <if test="dCreateTime !=null">
                    D_CREATE_TIME   = #{dCreateTime,jdbcType=TIMESTAMP}
              </if>
        </set>
        WHERE
            N_ID            = #{nId,jdbcType=INTEGER}
    </operation>
    -->
    <operation name="deleteByNId"  remark="根据主键删除数据:qmyz_cattle_follow">
        <![CDATA[
        DELETE FROM qmyz_cattle_follow
        WHERE
            N_ID = #{nId,jdbcType=INTEGER}
        ]]>
    </operation>

    <operation name="getByNId" multiplicity="one" remark="根据主键获取数据:qmyz_cattle_follow">
        SELECT *
        FROM qmyz_cattle_follow
        WHERE
        <![CDATA[
            N_ID = #{nId,jdbcType=INTEGER}
        ]]>
    </operation>





    <operation name="update" paramtype="object" remark="更新表:qmyz_cattle_follow">
        UPDATE qmyz_cattle_follow
        <set>
            <if test="nFollow !=null">
                N_FOLLOW        = #{nFollow,jdbcType=INTEGER},
            </if>
        </set>
        WHERE
        S_CATTLE_CODE   = #{sCattleCode,jdbcType=VARCHAR}
        and N_FOLLOW = 0
    </operation>
</table>
