<!DOCTYPE table SYSTEM "../config/table-config-1.0.dtd">
<table sqlname="qmyz_user_cash" physicalName="qmyz_user_cash" remark="用户提现表">
    <!--  特殊字符说明 &lt;&gt; <> -->
    <!-- baseSql option中 select * 会自动替换为 include -->
    <sql id="Base_Column_List">
        N_ID,N_USER_ID,S_BANK,S_NAME,S_STATE 
        ,S_CARD_NO,D_CASH_TIME,N_CASH,N_ACCOUNT_BALANCE
    </sql>

    <!-- baseSql option中 select sf.* 会自动替换为 include -->
    <sql id="Base_SF_Column_List">
        sf.N_ID,sf.N_USER_ID,sf.S_BANK,sf.S_NAME,sf.S_STATE
        ,sf.S_CARD_NO,sf.D_CASH_TIME,sf.N_CASH,sf.N_ACCOUNT_BALANCE
    </sql>

    <operation name="insert" paramtype="object" remark="插入表:qmyz_user_cash">
        <selectKey resultType="java.lang.Long" keyProperty="nId" order="BEFORE">
            SELECT nextval_safe('qmyz_user_cash_seq') as nId  from dual
        </selectKey>
        INSERT INTO qmyz_user_cash
        <trim prefix="(" suffix=")" suffixOverrides=",">
        <if test="nId !=null">
            N_ID ,
        </if>
        <if test="nUserId !=null">
            N_USER_ID ,
        </if>
        <if test="sBank !=null">
            S_BANK ,
        </if>
        <if test="sName !=null">
            S_NAME ,
        </if>
        <if test="sState !=null">
            S_STATE ,
        </if>
        <if test="sCardNo !=null">
            S_CARD_NO ,
        </if>
        <if test="dCashTime !=null">
            D_CASH_TIME ,
        </if>
        <if test="nCash !=null">
            N_CASH ,
        </if>
        <if test="nAccountBalance !=null">
            N_ACCOUNT_BALANCE 
        </if>
        </trim>
        <trim prefix="values (" suffix=")" suffixOverrides=",">
        <if test="nId !=null">
            #{nId,jdbcType=BIGINT}  ,
        </if>
          <if test="nUserId !=null">
              #{nUserId,jdbcType=BIGINT}  ,
          </if>
          <if test="sBank !=null">
              #{sBank,jdbcType=VARCHAR}  ,
          </if>
          <if test="sName !=null">
              #{sName,jdbcType=VARCHAR}  ,
          </if>
          <if test="sState !=null">
              #{sState,jdbcType=VARCHAR}  ,
          </if>
          <if test="sCardNo !=null">
              #{sCardNo,jdbcType=VARCHAR}  ,
          </if>
          <if test="dCashTime !=null">
              #{dCashTime,jdbcType=TIMESTAMP}  ,
          </if>
          <if test="nCash !=null">
              #{nCash,jdbcType=DECIMAL}  ,
          </if>
          <if test="nAccountBalance !=null">
              #{nAccountBalance,jdbcType=DECIMAL}  
          </if>
        </trim>
    </operation>

    <!-- foreach 可以自定义类型，paramtype="primitive" foreach->javatype="自己书写的类"  -->
    <!-- 只有一个参数且为List时必须将参数命名为list -->
    <operation name="insertBatch" paramtype="objectList" remark="批量插入表:qmyz_user_cash">
        INSERT INTO qmyz_user_cash(
            N_ID
            ,N_USER_ID
            ,S_BANK
            ,S_NAME
            ,S_STATE
            ,S_CARD_NO
            ,D_CASH_TIME
            ,N_CASH
            ,N_ACCOUNT_BALANCE
        )VALUES
        <foreach collection="list"  item="item" separator=",">
            (
                 #{item.nId,jdbcType=BIGINT}
                , #{item.nUserId,jdbcType=BIGINT}
                , #{item.sBank,jdbcType=VARCHAR}
                , #{item.sName,jdbcType=VARCHAR}
                , #{item.sState,jdbcType=VARCHAR}
                , #{item.sCardNo,jdbcType=VARCHAR}
                , #{item.dCashTime,jdbcType=TIMESTAMP}
                , #{item.nCash,jdbcType=DECIMAL}
                , #{item.nAccountBalance,jdbcType=DECIMAL}
            )
        </foreach>
    </operation>

    <!-- 不推荐使用全 update 有需要自己打开
    <operation name="update" paramtype="object" remark="更新表:qmyz_user_cash">
        UPDATE qmyz_user_cash
        <set>
               <if test="nUserId !=null">
                    N_USER_ID       = #{nUserId,jdbcType=BIGINT},
              </if>
               <if test="sBank !=null">
                    S_BANK          = #{sBank,jdbcType=VARCHAR},
              </if>
               <if test="sName !=null">
                    S_NAME          = #{sName,jdbcType=VARCHAR},
              </if>
               <if test="sState !=null">
                    S_STATE         = #{sState,jdbcType=VARCHAR},
              </if>
               <if test="sCardNo !=null">
                    S_CARD_NO       = #{sCardNo,jdbcType=VARCHAR},
              </if>
               <if test="dCashTime !=null">
                    D_CASH_TIME     = #{dCashTime,jdbcType=TIMESTAMP},
              </if>
               <if test="nCash !=null">
                    N_CASH          = #{nCash,jdbcType=DECIMAL},
              </if>
               <if test="nAccountBalance !=null">
                    N_ACCOUNT_BALANCE = #{nAccountBalance,jdbcType=DECIMAL}
              </if>
        </set>
        WHERE
            N_ID            = #{nId,jdbcType=BIGINT}
    </operation>
    -->
    <operation name="deleteByNId"  remark="根据主键删除数据:qmyz_user_cash">
        <![CDATA[
        DELETE FROM qmyz_user_cash
        WHERE
            N_ID = #{nId,jdbcType=BIGINT}
        ]]>
    </operation>






    <operation name="getByNUserID" multiplicity="one" remark="根据主键获取数据:qmyz_user_cash">
        select c.s_name,
        c.s_card_no,
        c.s_bank
        from (select a.s_name,
        a.s_card_no,
        a.s_bank,
        @rownum:=@rownum+1 AS rownum
        from (select t.s_name,
        t.s_card_no,
        t.s_bank
        from qmyz_user_cash t
        where t.n_user_id = #{nUserId,jdbcType=BIGINT}
        order by t.d_cash_time desc) a,(SELECT @rownum:=0) b) c
        where c.rownum = 1
    </operation>

    <operation name="getLastBank" multiplicity="one" remark="根据主键获取数据:qmyz_user_cash">
        select *
        from qmyz_user_cash t
        where t.n_user_id = #{nUserId,jdbcType=BIGINT}
        and t.s_state = '1'
        order by t.d_cash_time desc
        limit 0,1
    </operation>


    <operation name="getCashListBynUserId" multiplicity="paging" paging="userCash"
               paramtype="primitive"   remark="根据主键获取数据:qmyz_user_cash">
        select t.n_id,
        t.n_user_id,
        t.d_cash_time,
        t.n_cash,
        t.s_name,
        t.s_card_no,
        t.s_bank,
        t.s_state
        from qmyz_user_cash t
        where t.n_user_id =  #{nUserId,jdbcType=BIGINT}
        and t.s_state &lt;&gt; '0'
        order by t.d_cash_time desc
    </operation>
</table>
