<!DOCTYPE table SYSTEM "../config/table-config-1.0.dtd">
<table sqlname="qmyz_bestpay_log" physicalName="qmyz_bestpay_log" remark="翼支付明细表">
    <!--  特殊字符说明 &lt;&gt; <> -->
    <!-- baseSql option中 select * 会自动替换为 include -->
    <sql id="Base_Column_List">
        N_ID,CCY,SIGN,TRADENO,RESULTMSG 
        ,TRADETYPE,MERCHANTNO,OUTTRADENO,RESULTCODE,TRADESTATUS 
        ,INSTITUTIONCODE,TRADEFINISHEDDATE,PAYAMT,TRADEAMT,DISCOUNTAMT
    </sql>

    <!-- baseSql option中 select sf.* 会自动替换为 include -->
    <sql id="Base_SF_Column_List">
        sf.N_ID,sf.CCY,sf.SIGN,sf.TRADENO,sf.RESULTMSG
        ,sf.TRADETYPE,sf.MERCHANTNO,sf.OUTTRADENO,sf.RESULTCODE,sf.TRADESTATUS
        ,sf.INSTITUTIONCODE,sf.TRADEFINISHEDDATE,sf.PAYAMT,sf.TRADEAMT,sf.DISCOUNTAMT
    </sql>

    <operation name="insert" paramtype="object" remark="插入表:qmyz_bestpay_log">
        <selectKey resultType="java.lang.Long" keyProperty="nId" order="BEFORE">
            SELECT nextval_safe('qmyz_bestpay_log_seq') as nId  from dual
        </selectKey>
        INSERT INTO qmyz_bestpay_log
        <trim prefix="(" suffix=")" suffixOverrides=",">
        <if test="nId !=null">
            N_ID ,
        </if>
        <if test="ccy !=null">
            CCY ,
        </if>
        <if test="sign !=null">
            SIGN ,
        </if>
        <if test="tradeno !=null">
            TRADENO ,
        </if>
        <if test="resultmsg !=null">
            RESULTMSG ,
        </if>
        <if test="tradetype !=null">
            TRADETYPE ,
        </if>
        <if test="merchantno !=null">
            MERCHANTNO ,
        </if>
        <if test="outtradeno !=null">
            OUTTRADENO ,
        </if>
        <if test="resultcode !=null">
            RESULTCODE ,
        </if>
        <if test="tradestatus !=null">
            TRADESTATUS ,
        </if>
        <if test="institutioncode !=null">
            INSTITUTIONCODE ,
        </if>
        <if test="tradefinisheddate !=null">
            TRADEFINISHEDDATE ,
        </if>
        <if test="payamt !=null">
            PAYAMT ,
        </if>
        <if test="tradeamt !=null">
            TRADEAMT ,
        </if>
        <if test="discountamt !=null">
            DISCOUNTAMT 
        </if>
        </trim>
        <trim prefix="values (" suffix=")" suffixOverrides=",">
          <if test="nId !=null">
              #{nId,jdbcType=BIGINT}  ,
          </if>
          <if test="ccy !=null">
              #{ccy,jdbcType=VARCHAR}  ,
          </if>
          <if test="sign !=null">
              #{sign,jdbcType=VARCHAR}  ,
          </if>
          <if test="tradeno !=null">
              #{tradeno,jdbcType=VARCHAR}  ,
          </if>
          <if test="resultmsg !=null">
              #{resultmsg,jdbcType=VARCHAR}  ,
          </if>
          <if test="tradetype !=null">
              #{tradetype,jdbcType=VARCHAR}  ,
          </if>
          <if test="merchantno !=null">
              #{merchantno,jdbcType=VARCHAR}  ,
          </if>
          <if test="outtradeno !=null">
              #{outtradeno,jdbcType=VARCHAR}  ,
          </if>
          <if test="resultcode !=null">
              #{resultcode,jdbcType=VARCHAR}  ,
          </if>
          <if test="tradestatus !=null">
              #{tradestatus,jdbcType=VARCHAR}  ,
          </if>
          <if test="institutioncode !=null">
              #{institutioncode,jdbcType=VARCHAR}  ,
          </if>
          <if test="tradefinisheddate !=null">
              #{tradefinisheddate,jdbcType=VARCHAR}  ,
          </if>
          <if test="payamt !=null">
              #{payamt,jdbcType=DECIMAL}  ,
          </if>
          <if test="tradeamt !=null">
              #{tradeamt,jdbcType=DECIMAL}  ,
          </if>
          <if test="discountamt !=null">
              #{discountamt,jdbcType=DECIMAL}  
          </if>
        </trim>
    </operation>

    <!-- foreach 可以自定义类型，paramtype="primitive" foreach->javatype="自己书写的类"  -->
    <!-- 只有一个参数且为List时必须将参数命名为list -->
    <operation name="insertBatch" paramtype="objectList" remark="批量插入表:qmyz_bestpay_log">
        INSERT INTO qmyz_bestpay_log(
            N_ID
            ,CCY
            ,SIGN
            ,TRADENO
            ,RESULTMSG
            ,TRADETYPE
            ,MERCHANTNO
            ,OUTTRADENO
            ,RESULTCODE
            ,TRADESTATUS
            ,INSTITUTIONCODE
            ,TRADEFINISHEDDATE
            ,PAYAMT
            ,TRADEAMT
            ,DISCOUNTAMT
        )VALUES
        <foreach collection="list"  item="item" separator=",">
            (
                 #{item.nId,jdbcType=BIGINT}
                , #{item.ccy,jdbcType=VARCHAR}
                , #{item.sign,jdbcType=VARCHAR}
                , #{item.tradeno,jdbcType=VARCHAR}
                , #{item.resultmsg,jdbcType=VARCHAR}
                , #{item.tradetype,jdbcType=VARCHAR}
                , #{item.merchantno,jdbcType=VARCHAR}
                , #{item.outtradeno,jdbcType=VARCHAR}
                , #{item.resultcode,jdbcType=VARCHAR}
                , #{item.tradestatus,jdbcType=VARCHAR}
                , #{item.institutioncode,jdbcType=VARCHAR}
                , #{item.tradefinisheddate,jdbcType=VARCHAR}
                , #{item.payamt,jdbcType=DECIMAL}
                , #{item.tradeamt,jdbcType=DECIMAL}
                , #{item.discountamt,jdbcType=DECIMAL}
            )
        </foreach>
    </operation>

    <!-- 不推荐使用全 update 有需要自己打开
    <operation name="update" paramtype="object" remark="更新表:qmyz_bestpay_log">
        UPDATE qmyz_bestpay_log
        <set>
               <if test="ccy !=null">
                    CCY             = #{ccy,jdbcType=VARCHAR},
              </if>
               <if test="sign !=null">
                    SIGN            = #{sign,jdbcType=VARCHAR},
              </if>
               <if test="tradeno !=null">
                    TRADENO         = #{tradeno,jdbcType=VARCHAR},
              </if>
               <if test="resultmsg !=null">
                    RESULTMSG       = #{resultmsg,jdbcType=VARCHAR},
              </if>
               <if test="tradetype !=null">
                    TRADETYPE       = #{tradetype,jdbcType=VARCHAR},
              </if>
               <if test="merchantno !=null">
                    MERCHANTNO      = #{merchantno,jdbcType=VARCHAR},
              </if>
               <if test="outtradeno !=null">
                    OUTTRADENO      = #{outtradeno,jdbcType=VARCHAR},
              </if>
               <if test="resultcode !=null">
                    RESULTCODE      = #{resultcode,jdbcType=VARCHAR},
              </if>
               <if test="tradestatus !=null">
                    TRADESTATUS     = #{tradestatus,jdbcType=VARCHAR},
              </if>
               <if test="institutioncode !=null">
                    INSTITUTIONCODE = #{institutioncode,jdbcType=VARCHAR},
              </if>
               <if test="tradefinisheddate !=null">
                    TRADEFINISHEDDATE = #{tradefinisheddate,jdbcType=VARCHAR},
              </if>
               <if test="payamt !=null">
                    PAYAMT          = #{payamt,jdbcType=DECIMAL},
              </if>
               <if test="tradeamt !=null">
                    TRADEAMT        = #{tradeamt,jdbcType=DECIMAL},
              </if>
               <if test="discountamt !=null">
                    DISCOUNTAMT     = #{discountamt,jdbcType=DECIMAL}
              </if>
        </set>
        WHERE
            N_ID            = #{nId,jdbcType=BIGINT}
    </operation>
    -->
    <operation name="deleteByNId"  remark="根据主键删除数据:qmyz_bestpay_log">
        <![CDATA[
        DELETE FROM qmyz_bestpay_log
        WHERE
            N_ID = #{nId,jdbcType=BIGINT}
        ]]>
    </operation>

    <operation name="getByNId" multiplicity="one" remark="根据主键获取数据:qmyz_bestpay_log">
        SELECT *
        FROM qmyz_bestpay_log
        WHERE
        <![CDATA[
            N_ID = #{nId,jdbcType=BIGINT}
        ]]>
    </operation>

</table>
