<!DOCTYPE table SYSTEM "../config/table-config-1.0.dtd">
<table sqlname="qmyz_goods_detailpic" physicalName="qmyz_goods_detailpic" remark="商品详情图地址表">
    <!--  特殊字符说明 &lt;&gt; <> -->
    <!-- baseSql option中 select * 会自动替换为 include -->
    <sql id="Base_Column_List">
        S_PIC_URL,N_GOODS_ID
    </sql>

    <!-- baseSql option中 select sf.* 会自动替换为 include -->
    <sql id="Base_SF_Column_List">
        sf.S_PIC_URL,sf.N_GOODS_ID
    </sql>

    <operation name="insert" paramtype="object" remark="插入表:qmyz_goods_detailpic">
        <selectKey resultType="java.lang.Long" keyProperty="id" order="AFTER">
            SELECT
            LAST_INSERT_ID()
        </selectKey>
        INSERT INTO qmyz_goods_detailpic
        <trim prefix="(" suffix=")" suffixOverrides=",">
        <if test="sPicUrl !=null">
            S_PIC_URL ,
        </if>
        <if test="nGoodsId !=null">
            N_GOODS_ID 
        </if>
        </trim>
        <trim prefix="values (" suffix=")" suffixOverrides=",">
          <if test="sPicUrl !=null">
              #{sPicUrl,jdbcType=VARCHAR}  ,
          </if>
          <if test="nGoodsId !=null">
              #{nGoodsId,jdbcType=INTEGER}  
          </if>
        </trim>
    </operation>

    <!-- foreach 可以自定义类型，paramtype="primitive" foreach->javatype="自己书写的类"  -->
    <!-- 只有一个参数且为List时必须将参数命名为list -->
    <operation name="insertBatch" paramtype="objectList" remark="批量插入表:qmyz_goods_detailpic">
        INSERT INTO qmyz_goods_detailpic(
            S_PIC_URL
            ,N_GOODS_ID
        )VALUES
        <foreach collection="list"  item="item" separator=",">
            (
                 #{item.sPicUrl,jdbcType=VARCHAR}
                , #{item.nGoodsId,jdbcType=INTEGER}
            )
        </foreach>
    </operation>

    <!-- 不推荐使用全 update 有需要自己打开
    <operation name="update" paramtype="object" remark="更新表:qmyz_goods_detailpic">
        UPDATE qmyz_goods_detailpic
        <set>
        </set>
        WHERE
            N_GOODS_ID      = #{nGoodsId,jdbcType=INTEGER}
            AND S_PIC_URL       = #{sPicUrl,jdbcType=VARCHAR}
    </operation>
    -->
    <operation name="deleteByPrimary"  remark="根据主键删除数据:qmyz_goods_detailpic">
        <![CDATA[
        DELETE FROM qmyz_goods_detailpic
        WHERE
            N_GOODS_ID = #{nGoodsId,jdbcType=INTEGER}
            AND S_PIC_URL = #{sPicUrl,jdbcType=VARCHAR}
        ]]>
    </operation>

    <operation name="getByPrimary" multiplicity="one" remark="根据主键获取数据:qmyz_goods_detailpic">
        SELECT *
        FROM qmyz_goods_detailpic
        WHERE
        <![CDATA[
            N_GOODS_ID = #{nGoodsId,jdbcType=INTEGER}
            AND S_PIC_URL = #{sPicUrl,jdbcType=VARCHAR}
        ]]>
    </operation>





    <operation name="getByGoodsId" multiplicity="many" remark="根据主键获取数据:qmyz_goods_detailpic">
        SELECT *
        FROM qmyz_goods_detailpic
        WHERE
        <![CDATA[
            N_GOODS_ID = #{nGoodsId,jdbcType=INTEGER}
        ]]>
    </operation>
</table>
