<!DOCTYPE table SYSTEM "../config/table-config-1.0.dtd">
<table sqlname="qmyz_cattle_manage" physicalName="qmyz_cattle_manage" remark="牛只管理表">
    <!--  特殊字符说明 &lt;&gt; <> -->
    <!-- baseSql option中 select * 会自动替换为 include -->
    <sql id="Base_Column_List">
        N_PRODUCT_ID,S_FIELD,S_STATE,S_PIC_URL,S_CATTLE_CODE 
        ,D_BUY_TIME,D_OUT_TIME,D_EOUT_TIME,D_UPDATE_TIME,N_ERATE 
        ,N_EPROFIT,N_BUY_WEIGHT,N_NEW_WEIGHT,N_SALE_PRICE,N_WEIGHT_GAIN
    </sql>

    <!-- baseSql option中 select sf.* 会自动替换为 include -->
    <sql id="Base_SF_Column_List">
        sf.N_PRODUCT_ID,sf.S_FIELD,sf.S_STATE,sf.S_PIC_URL,sf.S_CATTLE_CODE
        ,sf.D_BUY_TIME,sf.D_OUT_TIME,sf.D_EOUT_TIME,sf.D_UPDATE_TIME,sf.N_ERATE
        ,sf.N_EPROFIT,sf.N_BUY_WEIGHT,sf.N_NEW_WEIGHT,sf.N_SALE_PRICE,sf.N_WEIGHT_GAIN
    </sql>

    <operation name="insert" paramtype="object" remark="插入表:qmyz_cattle_manage">
        <selectKey resultType="java.lang.Long" keyProperty="id" order="AFTER">
            SELECT
            LAST_INSERT_ID()
        </selectKey>
        INSERT INTO qmyz_cattle_manage
        <trim prefix="(" suffix=")" suffixOverrides=",">
        <if test="nProductId !=null">
            N_PRODUCT_ID ,
        </if>
        <if test="sField !=null">
            S_FIELD ,
        </if>
        <if test="sState !=null">
            S_STATE ,
        </if>
        <if test="sPicUrl !=null">
            S_PIC_URL ,
        </if>
        <if test="sCattleCode !=null">
            S_CATTLE_CODE ,
        </if>
        <if test="dBuyTime !=null">
            D_BUY_TIME ,
        </if>
        <if test="dOutTime !=null">
            D_OUT_TIME ,
        </if>
        <if test="dEoutTime !=null">
            D_EOUT_TIME ,
        </if>
        <if test="dUpdateTime !=null">
            D_UPDATE_TIME ,
        </if>
        <if test="nErate !=null">
            N_ERATE ,
        </if>
        <if test="nEprofit !=null">
            N_EPROFIT ,
        </if>
        <if test="nBuyWeight !=null">
            N_BUY_WEIGHT ,
        </if>
        <if test="nNewWeight !=null">
            N_NEW_WEIGHT ,
        </if>
        <if test="nSalePrice !=null">
            N_SALE_PRICE ,
        </if>
        <if test="nWeightGain !=null">
            N_WEIGHT_GAIN 
        </if>
        </trim>
        <trim prefix="values (" suffix=")" suffixOverrides=",">
          <if test="nProductId !=null">
              #{nProductId,jdbcType=BIGINT}  ,
          </if>
          <if test="sField !=null">
              #{sField,jdbcType=VARCHAR}  ,
          </if>
          <if test="sState !=null">
              #{sState,jdbcType=VARCHAR}  ,
          </if>
          <if test="sPicUrl !=null">
              #{sPicUrl,jdbcType=VARCHAR}  ,
          </if>
          <if test="sCattleCode !=null">
              #{sCattleCode,jdbcType=VARCHAR}  ,
          </if>
          <if test="dBuyTime !=null">
              #{dBuyTime,jdbcType=DATE}  ,
          </if>
          <if test="dOutTime !=null">
              #{dOutTime,jdbcType=DATE}  ,
          </if>
          <if test="dEoutTime !=null">
              #{dEoutTime,jdbcType=DATE}  ,
          </if>
          <if test="dUpdateTime !=null">
              #{dUpdateTime,jdbcType=TIMESTAMP}  ,
          </if>
          <if test="nErate !=null">
              #{nErate,jdbcType=DECIMAL}  ,
          </if>
          <if test="nEprofit !=null">
              #{nEprofit,jdbcType=DECIMAL}  ,
          </if>
          <if test="nBuyWeight !=null">
              #{nBuyWeight,jdbcType=DECIMAL}  ,
          </if>
          <if test="nNewWeight !=null">
              #{nNewWeight,jdbcType=DECIMAL}  ,
          </if>
          <if test="nSalePrice !=null">
              #{nSalePrice,jdbcType=DECIMAL}  ,
          </if>
          <if test="nWeightGain !=null">
              #{nWeightGain,jdbcType=DECIMAL}  
          </if>
        </trim>
    </operation>

    <!-- foreach 可以自定义类型，paramtype="primitive" foreach->javatype="自己书写的类"  -->
    <!-- 只有一个参数且为List时必须将参数命名为list -->
    <operation name="insertBatch" paramtype="objectList" remark="批量插入表:qmyz_cattle_manage">
        INSERT INTO qmyz_cattle_manage(
            N_PRODUCT_ID
            ,S_FIELD
            ,S_STATE
            ,S_PIC_URL
            ,S_CATTLE_CODE
            ,D_BUY_TIME
            ,D_OUT_TIME
            ,D_EOUT_TIME
            ,D_UPDATE_TIME
            ,N_ERATE
            ,N_EPROFIT
            ,N_BUY_WEIGHT
            ,N_NEW_WEIGHT
            ,N_SALE_PRICE
            ,N_WEIGHT_GAIN
        )VALUES
        <foreach collection="list"  item="item" separator=",">
            (
                 #{item.nProductId,jdbcType=BIGINT}
                , #{item.sField,jdbcType=VARCHAR}
                , #{item.sState,jdbcType=VARCHAR}
                , #{item.sPicUrl,jdbcType=VARCHAR}
                , #{item.sCattleCode,jdbcType=VARCHAR}
                , #{item.dBuyTime,jdbcType=DATE}
                , #{item.dOutTime,jdbcType=DATE}
                , #{item.dEoutTime,jdbcType=DATE}
                , #{item.dUpdateTime,jdbcType=TIMESTAMP}
                , #{item.nErate,jdbcType=DECIMAL}
                , #{item.nEprofit,jdbcType=DECIMAL}
                , #{item.nBuyWeight,jdbcType=DECIMAL}
                , #{item.nNewWeight,jdbcType=DECIMAL}
                , #{item.nSalePrice,jdbcType=DECIMAL}
                , #{item.nWeightGain,jdbcType=DECIMAL}
            )
        </foreach>
    </operation>

    <!-- 不推荐使用全 update 有需要自己打开
    <operation name="update" paramtype="object" remark="更新表:qmyz_cattle_manage">
        UPDATE qmyz_cattle_manage
        <set>
               <if test="nProductId !=null">
                    N_PRODUCT_ID    = #{nProductId,jdbcType=BIGINT},
              </if>
               <if test="sField !=null">
                    S_FIELD         = #{sField,jdbcType=VARCHAR},
              </if>
               <if test="sState !=null">
                    S_STATE         = #{sState,jdbcType=VARCHAR},
              </if>
               <if test="sPicUrl !=null">
                    S_PIC_URL       = #{sPicUrl,jdbcType=VARCHAR},
              </if>
               <if test="dBuyTime !=null">
                    D_BUY_TIME      = #{dBuyTime,jdbcType=DATE},
              </if>
               <if test="dOutTime !=null">
                    D_OUT_TIME      = #{dOutTime,jdbcType=DATE},
              </if>
               <if test="dEoutTime !=null">
                    D_EOUT_TIME     = #{dEoutTime,jdbcType=DATE},
              </if>
               <if test="dUpdateTime !=null">
                    D_UPDATE_TIME   = #{dUpdateTime,jdbcType=TIMESTAMP},
              </if>
               <if test="nErate !=null">
                    N_ERATE         = #{nErate,jdbcType=DECIMAL},
              </if>
               <if test="nEprofit !=null">
                    N_EPROFIT       = #{nEprofit,jdbcType=DECIMAL},
              </if>
               <if test="nBuyWeight !=null">
                    N_BUY_WEIGHT    = #{nBuyWeight,jdbcType=DECIMAL},
              </if>
               <if test="nNewWeight !=null">
                    N_NEW_WEIGHT    = #{nNewWeight,jdbcType=DECIMAL},
              </if>
               <if test="nSalePrice !=null">
                    N_SALE_PRICE    = #{nSalePrice,jdbcType=DECIMAL},
              </if>
               <if test="nWeightGain !=null">
                    N_WEIGHT_GAIN   = #{nWeightGain,jdbcType=DECIMAL}
              </if>
        </set>
        WHERE
            S_CATTLE_CODE   = #{sCattleCode,jdbcType=VARCHAR}
    </operation>
    -->
    <operation name="deleteBySCattleCode"  remark="根据主键删除数据:qmyz_cattle_manage">
        <![CDATA[
        DELETE FROM qmyz_cattle_manage
        WHERE
            S_CATTLE_CODE = #{sCattleCode,jdbcType=VARCHAR}
        ]]>
    </operation>

    <operation name="getBySCattleCode" multiplicity="one" remark="根据主键获取数据:qmyz_cattle_manage">
        SELECT *
        FROM qmyz_cattle_manage
        WHERE
        <![CDATA[
            S_CATTLE_CODE = #{sCattleCode,jdbcType=VARCHAR}
        ]]>
    </operation>

    <!-- 根据普通索引查询数据 -->
    <operation name="queryByQmyzCattleManage1" multiplicity="many" remark="根据普通索引QmyzCattleManage1获取数据:qmyz_cattle_manage">
        SELECT *
        FROM qmyz_cattle_manage
        WHERE
        <![CDATA[
            N_PRODUCT_ID    = #{nProductId,jdbcType=BIGINT}
            AND S_STATE         = #{sState,jdbcType=VARCHAR}
        ]]>
    </operation>






    <resultmap name="cattleManageMap" type="ResCattleManageMapVO">
        <column name="s_cattle_code" javatype="String" jdbctype="VARCHAR" remark="角标"/>
        <column name="s_pic_url" javatype="String" jdbctype="VARCHAR" remark="商品图片"/>
        <column name="d_buy_time" javatype="java.util.Date" jdbctype="TIMESTAMP"  remark="时间"/>
        <column name="d_out_time" javatype="java.util.Date" jdbctype="TIMESTAMP"  remark="时间"/>
    </resultmap>

    <operation name="getPageListByFollow" multiplicity="paging" paging="cattleManageFollow"
               paramtype="primitive" resultmap="cattleManageMap">
        select t.s_cattle_code,
        u.d_buy_time,
        date_add(u.d_buy_time,interval 12 month) d_out_time,
        u.s_pic_url
        from qmyz_cattle_follow t,
        qmyz_cattle_manage u
        where t.n_follow = 0
        and t.s_cattle_code = u.s_cattle_code
        order by t.n_id
    </operation>

    <resultmap name="cattleCodeMap" type="ResCattleCodeMapVO">
        <column name="s_pic_url" javatype="String" jdbctype="VARCHAR" remark="商品图片"/>
        <column name="s_cattle_code" javatype="String" jdbctype="VARCHAR" remark="角标"/>
        <column name="s_state" javatype="String" jdbctype="VARCHAR" remark="状态"/>
        <column name="n_buy_weight" javatype="java.lang.Long" jdbctype="BIGINT"  remark="买入重量"/>
        <column name="n_new_weight" javatype="java.lang.Long" jdbctype="BIGINT"  remark="最新重量"/>
        <column name="s_field" javatype="String" jdbctype="VARCHAR"  remark="栏位"/>
        <column name="d_buy_time" javatype="java.util.Date" jdbctype="TIMESTAMP"  remark="时间"/>
        <column name="d_out_time" javatype="java.util.Date" jdbctype="TIMESTAMP"  remark="时间"/>
        <column name="n_amount" javatype="java.math.BigDecimal" jdbctype="DECIMAL"    remark="总价"/>
    </resultmap>

    <operation name="getInfoByCattleCode" multiplicity="one"
               paramtype="object" resultmap="cattleCodeMap">
        select t.s_pic_url,
        t.s_cattle_code,
        t.s_state,
        t.n_buy_weight,
        t.n_new_weight,
        t.s_field,
        t.d_buy_time,
        date_add(t.d_buy_time,interval 12 month) d_out_time,
        (select u.n_price + u.n_other
        from qmyz_aquaculture_product u
        where u.n_id = t.n_product_id) n_amount
        from qmyz_cattle_manage t
        where
        <![CDATA[
            s_cattle_code         = #{sCattleCode,jdbcType=VARCHAR}
        ]]>
    </operation>
</table>
