<!DOCTYPE table SYSTEM "../config/table-config-1.0.dtd">
<table sqlname="qmyz_goods" physicalName="qmyz_goods" remark="商品表">
    <!--  特殊字符说明 &lt;&gt; <> -->
    <!-- baseSql option中 select * 会自动替换为 include -->
    <sql id="Base_Column_List">
        S_PIC_URL,S_GOODS_NAME,S_THUMBNAIL_URL,S_SPECIFICATIONS,N_ID 
        ,N_BUY,N_STATE,N_AMOUNT,N_PUBLISH,N_EVALUATE 
        ,D_END,D_CREATE,D_LAST_UPDATE,N_POST_PRICE,N_GOODS_PRICE
    </sql>

    <!-- baseSql option中 select sf.* 会自动替换为 include -->
    <sql id="Base_SF_Column_List">
        sf.S_PIC_URL,sf.S_GOODS_NAME,sf.S_THUMBNAIL_URL,sf.S_SPECIFICATIONS,sf.N_ID
        ,sf.N_BUY,sf.N_STATE,sf.N_AMOUNT,sf.N_PUBLISH,sf.N_EVALUATE
        ,sf.D_END,sf.D_CREATE,sf.D_LAST_UPDATE,sf.N_POST_PRICE,sf.N_GOODS_PRICE
    </sql>

    <operation name="insert" paramtype="object" remark="插入表:qmyz_goods">
        <selectKey resultType="java.lang.Long" keyProperty="id" order="AFTER">
            SELECT
            LAST_INSERT_ID()
        </selectKey>
        INSERT INTO qmyz_goods
        <trim prefix="(" suffix=")" suffixOverrides=",">
        <if test="sPicUrl !=null">
            S_PIC_URL ,
        </if>
        <if test="sGoodsName !=null">
            S_GOODS_NAME ,
        </if>
        <if test="sThumbnailUrl !=null">
            S_THUMBNAIL_URL ,
        </if>
        <if test="sSpecifications !=null">
            S_SPECIFICATIONS ,
        </if>
        <if test="nId !=null">
            N_ID ,
        </if>
        <if test="nBuy !=null">
            N_BUY ,
        </if>
        <if test="nState !=null">
            N_STATE ,
        </if>
        <if test="nAmount !=null">
            N_AMOUNT ,
        </if>
        <if test="nPublish !=null">
            N_PUBLISH ,
        </if>
        <if test="nEvaluate !=null">
            N_EVALUATE ,
        </if>
        <if test="dEnd !=null">
            D_END ,
        </if>
        <if test="dCreate !=null">
            D_CREATE ,
        </if>
        <if test="dLastUpdate !=null">
            D_LAST_UPDATE ,
        </if>
        <if test="nPostPrice !=null">
            N_POST_PRICE ,
        </if>
        <if test="nGoodsPrice !=null">
            N_GOODS_PRICE 
        </if>
        </trim>
        <trim prefix="values (" suffix=")" suffixOverrides=",">
          <if test="sPicUrl !=null">
              #{sPicUrl,jdbcType=VARCHAR}  ,
          </if>
          <if test="sGoodsName !=null">
              #{sGoodsName,jdbcType=VARCHAR}  ,
          </if>
          <if test="sThumbnailUrl !=null">
              #{sThumbnailUrl,jdbcType=VARCHAR}  ,
          </if>
          <if test="sSpecifications !=null">
              #{sSpecifications,jdbcType=VARCHAR}  ,
          </if>
          <if test="nId !=null">
              #{nId,jdbcType=INTEGER}  ,
          </if>
          <if test="nBuy !=null">
              #{nBuy,jdbcType=INTEGER}  ,
          </if>
          <if test="nState !=null">
              #{nState,jdbcType=INTEGER}  ,
          </if>
          <if test="nAmount !=null">
              #{nAmount,jdbcType=INTEGER}  ,
          </if>
          <if test="nPublish !=null">
              #{nPublish,jdbcType=INTEGER}  ,
          </if>
          <if test="nEvaluate !=null">
              #{nEvaluate,jdbcType=INTEGER}  ,
          </if>
          <if test="dEnd !=null">
              #{dEnd,jdbcType=TIMESTAMP}  ,
          </if>
          <if test="dCreate !=null">
              #{dCreate,jdbcType=TIMESTAMP}  ,
          </if>
          <if test="dLastUpdate !=null">
              #{dLastUpdate,jdbcType=TIMESTAMP}  ,
          </if>
          <if test="nPostPrice !=null">
              #{nPostPrice,jdbcType=DECIMAL}  ,
          </if>
          <if test="nGoodsPrice !=null">
              #{nGoodsPrice,jdbcType=DECIMAL}  
          </if>
        </trim>
    </operation>

    <!-- foreach 可以自定义类型，paramtype="primitive" foreach->javatype="自己书写的类"  -->
    <!-- 只有一个参数且为List时必须将参数命名为list -->
    <operation name="insertBatch" paramtype="objectList" remark="批量插入表:qmyz_goods">
        INSERT INTO qmyz_goods(
            S_PIC_URL
            ,S_GOODS_NAME
            ,S_THUMBNAIL_URL
            ,S_SPECIFICATIONS
            ,N_ID
            ,N_BUY
            ,N_STATE
            ,N_AMOUNT
            ,N_PUBLISH
            ,N_EVALUATE
            ,D_END
            ,D_CREATE
            ,D_LAST_UPDATE
            ,N_POST_PRICE
            ,N_GOODS_PRICE
        )VALUES
        <foreach collection="list"  item="item" separator=",">
            (
                 #{item.sPicUrl,jdbcType=VARCHAR}
                , #{item.sGoodsName,jdbcType=VARCHAR}
                , #{item.sThumbnailUrl,jdbcType=VARCHAR}
                , #{item.sSpecifications,jdbcType=VARCHAR}
                , #{item.nId,jdbcType=INTEGER}
                , #{item.nBuy,jdbcType=INTEGER}
                , #{item.nState,jdbcType=INTEGER}
                , #{item.nAmount,jdbcType=INTEGER}
                , #{item.nPublish,jdbcType=INTEGER}
                , #{item.nEvaluate,jdbcType=INTEGER}
                , #{item.dEnd,jdbcType=TIMESTAMP}
                , #{item.dCreate,jdbcType=TIMESTAMP}
                , #{item.dLastUpdate,jdbcType=TIMESTAMP}
                , #{item.nPostPrice,jdbcType=DECIMAL}
                , #{item.nGoodsPrice,jdbcType=DECIMAL}
            )
        </foreach>
    </operation>

    <!-- 不推荐使用全 update 有需要自己打开
    <operation name="update" paramtype="object" remark="更新表:qmyz_goods">
        UPDATE qmyz_goods
        <set>
               <if test="sPicUrl !=null">
                    S_PIC_URL       = #{sPicUrl,jdbcType=VARCHAR},
              </if>
               <if test="sGoodsName !=null">
                    S_GOODS_NAME    = #{sGoodsName,jdbcType=VARCHAR},
              </if>
               <if test="sThumbnailUrl !=null">
                    S_THUMBNAIL_URL = #{sThumbnailUrl,jdbcType=VARCHAR},
              </if>
               <if test="sSpecifications !=null">
                    S_SPECIFICATIONS = #{sSpecifications,jdbcType=VARCHAR},
              </if>
               <if test="nBuy !=null">
                    N_BUY           = #{nBuy,jdbcType=INTEGER},
              </if>
               <if test="nState !=null">
                    N_STATE         = #{nState,jdbcType=INTEGER},
              </if>
               <if test="nAmount !=null">
                    N_AMOUNT        = #{nAmount,jdbcType=INTEGER},
              </if>
               <if test="nPublish !=null">
                    N_PUBLISH       = #{nPublish,jdbcType=INTEGER},
              </if>
               <if test="nEvaluate !=null">
                    N_EVALUATE      = #{nEvaluate,jdbcType=INTEGER},
              </if>
               <if test="dEnd !=null">
                    D_END           = #{dEnd,jdbcType=TIMESTAMP},
              </if>
               <if test="dCreate !=null">
                    D_CREATE        = #{dCreate,jdbcType=TIMESTAMP},
              </if>
               <if test="dLastUpdate !=null">
                    D_LAST_UPDATE   = #{dLastUpdate,jdbcType=TIMESTAMP},
              </if>
               <if test="nPostPrice !=null">
                    N_POST_PRICE    = #{nPostPrice,jdbcType=DECIMAL},
              </if>
               <if test="nGoodsPrice !=null">
                    N_GOODS_PRICE   = #{nGoodsPrice,jdbcType=DECIMAL}
              </if>
        </set>
        WHERE
            N_ID            = #{nId,jdbcType=INTEGER}
    </operation>
    -->
    <operation name="deleteByNId"  remark="根据主键删除数据:qmyz_goods">
        <![CDATA[
        DELETE FROM qmyz_goods
        WHERE
            N_ID = #{nId,jdbcType=INTEGER}
        ]]>
    </operation>

    <operation name="getByNId" multiplicity="one" remark="根据主键获取数据:qmyz_goods">
        SELECT *
        FROM qmyz_goods
        WHERE
        <![CDATA[
            N_ID = #{nId,jdbcType=INTEGER}
        ]]>
    </operation>




    <operation name="getPageByGoodsList" multiplicity="paging" paging="goods" paramtype="primitive"
               remark="分页查询:根据组合条件查询商品分页列表:qmyz_goods 2">
        SELECT *
        FROM qmyz_goods
        where 1=1
        and  n_state = 1
        and ifnull(d_end,CURRENT_DATE())>=CURRENT_DATE() and ifnull(n_amount,n_buy)>=n_buy
        and n_publish = 1
        order by d_create desc
    </operation>

    <resultmap name="evaluateMap" type="ResMapEvaluateVO">
        <column name="n_score"  javatype="int" jdbctype="INTEGER"    remark="总分"/>
        <column name="n_num"  javatype="int" jdbctype="INTEGER"  remark="数量"/>
    </resultmap>

    <operation name="getEvaluateByGoodsId"  multiplicity="one"  paramtype="primitive"
               resultmap="evaluateMap" remark="根据主键获取数据:qmyz_user_evaluate">
        select sum(n_score) n_score,
        count(*) n_num
        from qmyz_user_evaluate t
        where t.n_goods_id =#{nGoodsId,jdbcType=INTEGER}
    </operation>
</table>
