<!DOCTYPE table SYSTEM "../config/table-config-1.0.dtd">
<table sqlname="qmyz_shopping_cart" physicalName="qmyz_shopping_cart" remark="购物车表">
    <!--  特殊字符说明 &lt;&gt; <> -->
    <!-- baseSql option中 select * 会自动替换为 include -->
    <sql id="Base_Column_List">
        N_USER_ID,N_NUM,N_GOODS_ID
    </sql>

    <!-- baseSql option中 select sf.* 会自动替换为 include -->
    <sql id="Base_SF_Column_List">
        sf.N_USER_ID,sf.N_NUM,sf.N_GOODS_ID
    </sql>

    <operation name="insert" paramtype="object" remark="插入表:qmyz_shopping_cart">
        INSERT IGNORE  INTO qmyz_shopping_cart
        <trim prefix="(" suffix=")" suffixOverrides=",">
        <if test="nUserId !=null">
            N_USER_ID ,
        </if>
        <if test="nNum !=null">
            N_NUM ,
        </if>
        <if test="nGoodsId !=null">
            N_GOODS_ID 
        </if>
        </trim>
        <trim prefix="values (" suffix=")" suffixOverrides=",">
          <if test="nUserId !=null">
              #{nUserId,jdbcType=BIGINT}  ,
          </if>
          <if test="nNum !=null">
              #{nNum,jdbcType=INTEGER}  ,
          </if>
          <if test="nGoodsId !=null">
              #{nGoodsId,jdbcType=INTEGER}  
          </if>
        </trim>
    </operation>

    <!-- foreach 可以自定义类型，paramtype="primitive" foreach->javatype="自己书写的类"  -->
    <!-- 只有一个参数且为List时必须将参数命名为list -->
    <operation name="insertBatch" paramtype="objectList" remark="批量插入表:qmyz_shopping_cart">
        INSERT INTO qmyz_shopping_cart(
            N_USER_ID
            ,N_NUM
            ,N_GOODS_ID
        )VALUES
        <foreach collection="list"  item="item" separator=",">
            (
                 #{item.nUserId,jdbcType=BIGINT}
                , #{item.nNum,jdbcType=INTEGER}
                , #{item.nGoodsId,jdbcType=INTEGER}
            )
        </foreach>
    </operation>

    <operation name="getByPrimary" multiplicity="one" remark="根据主键获取数据:qmyz_shopping_cart">
        SELECT *
        FROM qmyz_shopping_cart
        WHERE
        <![CDATA[
            N_GOODS_ID = #{nGoodsId,jdbcType=INTEGER}
            AND N_USER_ID = #{nUserId,jdbcType=BIGINT}
        ]]>
    </operation>





    <resultmap name="goodsMap" type="ResGoodsMapVO">
        <column name="n_id" javatype="Long" jdbctype="BIGINT"  remark="自增ID"/>
        <column name="s_goods_name" javatype="String" jdbctype="VARCHAR" remark="商品名称"/>
        <column name="s_specifications" javatype="String" jdbctype="VARCHAR" remark="规格"/>
        <column name="n_goods_price" javatype="java.math.BigDecimal" jdbctype="DECIMAL"  remark="产品单价"/>
        <column name="n_post_price" javatype="java.math.BigDecimal" jdbctype="DECIMAL"  remark="邮费"/>
        <column name="s_pic_url" javatype="String" jdbctype="VARCHAR" remark="商品图片"/>
        <column name="s_thumbnail_url" javatype="String" jdbctype="VARCHAR" remark="商品缩略图片"/>
        <column name="n_remaining_num" javatype="Long" jdbctype="BIGINT" remark="库存"/>
        <column name="n_num" javatype="Long" jdbctype="BIGINT" remark="数量"/>
        <column name="n_state" javatype="Long" jdbctype="BIGINT" remark="状态1 正常 2 无效 3 下架 4 库存不足 5 过期"/>
    </resultmap>

    <operation name="getPageByShoppingCart" multiplicity="paging" paging="shopCart"
               paramtype="primitive" resultmap="goodsMap"
               remark="分页查询:根据组合条件查询商品分页列表:qmyz_shopping_cart 2">
        select u.n_id,
        u.s_goods_name,
        u.s_specifications,
        u.n_goods_price,
        u.n_post_price,
        u.s_pic_url,
        u.s_thumbnail_url,
        u.n_amount - u.n_buy as n_remaining_num,
        t.n_num,
        case u.n_state when 0 then 2
        else case u.n_publish when 0 then 3
        else case u.n_amount - u.n_buy when 0 then 4
        else case when now()>d_end then 5
        else 1
        end
        end
        end
        end as n_state
        from qmyz_shopping_cart t,
        qmyz_goods u
        where t.n_user_id = #{nUserId,jdbcType=BIGINT}
        and t.n_goods_id = u.n_id
    </operation>


    <operation name="update" paramtype="object" remark="更新表:qmyz_shopping_cart">
        UPDATE qmyz_shopping_cart
        <set>
            <if test="nNum !=null">
                N_NUM           = #{nNum,jdbcType=INTEGER},
            </if>
        </set>
        WHERE
        N_GOODS_ID      = #{nGoodsId,jdbcType=INTEGER}
        AND N_USER_ID       = #{nUserId,jdbcType=BIGINT}
    </operation>


    <operation name="deleteByPrimary"   paramtype="object"  remark="根据主键删除数据:qmyz_shopping_cart">
        <![CDATA[
        DELETE FROM qmyz_shopping_cart
        WHERE
            N_GOODS_ID = #{nGoodsId,jdbcType=INTEGER}
            AND N_USER_ID = #{nUserId,jdbcType=BIGINT}
        ]]>
    </operation>
</table>
