<!DOCTYPE table SYSTEM "../config/table-config-1.0.dtd">
<table sqlname="rss_info" physicalName="rss_info" remark="RSS_INFO">
    <!--  特殊字符说明 &lt;&gt; <> -->
    <!-- baseSql option中 select * 会自动替换为 include -->
    <sql id="Base_Column_List">
        S_URL,S_REG_TEXT,N_CIRCLE_ID,S_URL_DETAIL,S_CIRCLE_NAME
        ,IS_RSS,N_RSS_INFO_ID
    </sql>

    <!-- baseSql option中 select sf.* 会自动替换为 include -->
    <sql id="Base_SF_Column_List">
        sf.S_URL,sf.S_REG_TEXT,sf.N_CIRCLE_ID,sf.S_URL_DETAIL,sf.S_CIRCLE_NAME
        ,sf.IS_RSS,sf.N_RSS_INFO_ID
    </sql>

    <operation name="insert" paramtype="object" remark="插入表:rss_info">
        <selectKey resultType="java.lang.Long" keyProperty="id" order="AFTER">
            SELECT
            LAST_INSERT_ID()
        </selectKey>
        INSERT INTO rss_info
        <trim prefix="(" suffix=")" suffixOverrides=",">
        <if test="sUrl !=null">
            S_URL ,
        </if>
        <if test="sRegText !=null">
            S_REG_TEXT ,
        </if>
        <if test="nCircleId !=null">
            N_CIRCLE_ID ,
        </if>
        <if test="sUrlDetail !=null">
            S_URL_DETAIL ,
        </if>
        <if test="sCircleName !=null">
            S_CIRCLE_NAME ,
        </if>
        <if test="isRss !=null">
            IS_RSS ,
        </if>
        <if test="nRssInfoId !=null">
            N_RSS_INFO_ID
        </if>
        </trim>
        <trim prefix="values (" suffix=")" suffixOverrides=",">
          <if test="sUrl !=null">
              #{sUrl,jdbcType=VARCHAR}  ,
          </if>
          <if test="sRegText !=null">
              #{sRegText,jdbcType=VARCHAR}  ,
          </if>
          <if test="nCircleId !=null">
              #{nCircleId,jdbcType=LONGVARCHAR}  ,
          </if>
          <if test="sUrlDetail !=null">
              #{sUrlDetail,jdbcType=VARCHAR}  ,
          </if>
          <if test="sCircleName !=null">
              #{sCircleName,jdbcType=VARCHAR}  ,
          </if>
          <if test="isRss !=null">
              #{isRss,jdbcType=INTEGER}  ,
          </if>
          <if test="nRssInfoId !=null">
              #{nRssInfoId,jdbcType=INTEGER}
          </if>
        </trim>
    </operation>

    <!-- foreach 可以自定义类型，paramtype="primitive" foreach->javatype="自己书写的类"  -->
    <!-- 只有一个参数且为List时必须将参数命名为list -->
    <operation name="insertBatch" paramtype="objectList" remark="批量插入表:rss_info">
        INSERT INTO rss_info(
            S_URL
            ,S_REG_TEXT
            ,N_CIRCLE_ID
            ,S_URL_DETAIL
            ,S_CIRCLE_NAME
            ,IS_RSS
            ,N_RSS_INFO_ID
        )VALUES
        <foreach collection="list"  item="item" separator=",">
            (
                 #{item.sUrl,jdbcType=VARCHAR}
                , #{item.sRegText,jdbcType=VARCHAR}
                , #{item.nCircleId,jdbcType=LONGVARCHAR}
                , #{item.sUrlDetail,jdbcType=VARCHAR}
                , #{item.sCircleName,jdbcType=VARCHAR}
                , #{item.isRss,jdbcType=INTEGER}
                , #{item.nRssInfoId,jdbcType=INTEGER}
            )
        </foreach>
    </operation>

    <!-- 不推荐使用全 update 有需要自己打开
    <operation name="update" paramtype="object" remark="更新表:rss_info">
        UPDATE rss_info
        <set>
               <if test="sUrl !=null">
                    S_URL           = #{sUrl,jdbcType=VARCHAR},
              </if>
               <if test="sRegText !=null">
                    S_REG_TEXT      = #{sRegText,jdbcType=VARCHAR},
              </if>
               <if test="nCircleId !=null">
                    N_CIRCLE_ID     = #{nCircleId,jdbcType=LONGVARCHAR},
              </if>
               <if test="sUrlDetail !=null">
                    S_URL_DETAIL    = #{sUrlDetail,jdbcType=VARCHAR},
              </if>
               <if test="sCircleName !=null">
                    S_CIRCLE_NAME   = #{sCircleName,jdbcType=VARCHAR},
              </if>
               <if test="isRss !=null">
                    IS_RSS          = #{isRss,jdbcType=INTEGER}
              </if>
        </set>
        WHERE
            N_RSS_INFO_ID   = #{nRssInfoId,jdbcType=INTEGER}
    </operation>
    -->
    <operation name="deleteByNRssInfoId"  remark="根据主键删除数据:rss_info">
        <![CDATA[
        DELETE FROM rss_info
        WHERE
            N_RSS_INFO_ID = #{nRssInfoId,jdbcType=INTEGER}
        ]]>
    </operation>

    <operation name="getByNRssInfoId" multiplicity="one" remark="根据主键获取数据:rss_info">
        SELECT *
        FROM rss_info
        WHERE
        <![CDATA[
            N_RSS_INFO_ID = #{nRssInfoId,jdbcType=INTEGER}
        ]]>
    </operation>


    <operation name="getRssInfos" multiplicity="many" remark="根据主键获取数据:rss_info">
        SELECT *
        FROM rss_info
    </operation>
</table>
