<!DOCTYPE table SYSTEM "../config/table-config-1.0.dtd">
<table sqlname="t_circle" physicalName="t_circle" remark="T_CIRCLE">
    <!--  特殊字符说明 &lt;&gt; <> -->
    <!-- baseSql option中 select * 会自动替换为 include -->
    <sql id="Base_Column_List">
        N_CIRCLE_ID,S_REMARK,S_CIRCLE_NAME,N_CLICK,N_TOPIC_COUNT
    </sql>

    <!-- baseSql option中 select sf.* 会自动替换为 include -->
    <sql id="Base_SF_Column_List">
        sf.N_CIRCLE_ID,sf.S_REMARK,sf.S_CIRCLE_NAME,sf.N_CLICK,sf.N_TOPIC_COUNT
    </sql>

    <operation name="insert" paramtype="object" remark="插入表:t_circle">
        <selectKey resultType="java.lang.Long" keyProperty="nCircleId" order="AFTER">
            SELECT
            LAST_INSERT_ID()
        </selectKey>
        INSERT INTO t_circle
        <trim prefix="(" suffix=")" suffixOverrides=",">
        <if test="nCircleId !=null">
            N_CIRCLE_ID ,
        </if>
        <if test="sRemark !=null">
            S_REMARK ,
        </if>
        <if test="sCircleName !=null">
            S_CIRCLE_NAME ,
        </if>
        <if test="nClick !=null">
            N_CLICK ,
        </if>
        <if test="nTopicCount !=null">
            N_TOPIC_COUNT 
        </if>
        </trim>
        <trim prefix="values (" suffix=")" suffixOverrides=",">
          <if test="nCircleId !=null">
              #{nCircleId,jdbcType=BIGINT}  ,
          </if>
          <if test="sRemark !=null">
              #{sRemark,jdbcType=VARCHAR}  ,
          </if>
          <if test="sCircleName !=null">
              #{sCircleName,jdbcType=VARCHAR}  ,
          </if>
          <if test="nClick !=null">
              #{nClick,jdbcType=INTEGER}  ,
          </if>
          <if test="nTopicCount !=null">
              #{nTopicCount,jdbcType=INTEGER}  
          </if>
        </trim>
    </operation>

    <!-- foreach 可以自定义类型，paramtype="primitive" foreach->javatype="自己书写的类"  -->
    <!-- 只有一个参数且为List时必须将参数命名为list -->
    <operation name="insertBatch" paramtype="objectList" remark="批量插入表:t_circle">
        INSERT INTO t_circle(
            N_CIRCLE_ID
            ,S_REMARK
            ,S_CIRCLE_NAME
            ,N_CLICK
            ,N_TOPIC_COUNT
        )VALUES
        <foreach collection="list"  item="item" separator=",">
            (
                 #{item.nCircleId,jdbcType=BIGINT}
                , #{item.sRemark,jdbcType=VARCHAR}
                , #{item.sCircleName,jdbcType=VARCHAR}
                , #{item.nClick,jdbcType=INTEGER}
                , #{item.nTopicCount,jdbcType=INTEGER}
            )
        </foreach>
    </operation>

    <!-- 不推荐使用全 update 有需要自己打开
    <operation name="update" paramtype="object" remark="更新表:t_circle">
        UPDATE t_circle
        <set>
               <if test="sRemark !=null">
                    S_REMARK        = #{sRemark,jdbcType=VARCHAR},
              </if>
               <if test="sCircleName !=null">
                    S_CIRCLE_NAME   = #{sCircleName,jdbcType=VARCHAR},
              </if>
               <if test="nClick !=null">
                    N_CLICK         = #{nClick,jdbcType=INTEGER},
              </if>
               <if test="nTopicCount !=null">
                    N_TOPIC_COUNT   = #{nTopicCount,jdbcType=INTEGER}
              </if>
        </set>
        WHERE
            N_CIRCLE_ID     = #{nCircleId,jdbcType=BIGINT}
    </operation>
    -->
    <operation name="deleteByNCircleId"  remark="根据主键删除数据:t_circle">
        <![CDATA[
        DELETE FROM t_circle
        WHERE
            N_CIRCLE_ID = #{nCircleId,jdbcType=BIGINT}
        ]]>
    </operation>

    <operation name="getByNCircleId" multiplicity="one" remark="根据主键获取数据:t_circle">
        SELECT *
        FROM t_circle
        WHERE
        <![CDATA[
            N_CIRCLE_ID = #{nCircleId,jdbcType=BIGINT}
        ]]>
    </operation>





    <operation name="getCircle" multiplicity="many" remark="根据主键获取数据:t_circle">
        SELECT *
        FROM t_circle
    </operation>
</table>
