<!DOCTYPE table SYSTEM "../config/table-config-1.0.dtd">
<table sqlname="t_reply" physicalName="t_reply_0" remark="T_REPLY">
    <!--  特殊字符说明 &lt;&gt; <> -->
    <!-- baseSql option中 select * 会自动替换为 include -->
    <sql id="Base_Column_List">
        N_USER_ID,N_TOPIC_ID,T_REPLY_ID,N_TOPIC_REPLY_ID,S_CONTENTS 
        ,S_USER_NAME,D_CREATE
    </sql>

    <!-- baseSql option中 select sf.* 会自动替换为 include -->
    <sql id="Base_SF_Column_List">
        sf.N_USER_ID,sf.N_TOPIC_ID,sf.T_REPLY_ID,sf.N_TOPIC_REPLY_ID,sf.S_CONTENTS
        ,sf.S_USER_NAME,sf.D_CREATE
    </sql>

    <operation name="insert" paramtype="object" remark="插入表:t_reply">
        INSERT INTO t_reply
        <trim prefix="(" suffix=")" suffixOverrides=",">
        <if test="nUserId !=null">
            N_USER_ID ,
        </if>
        <if test="nTopicId !=null">
            N_TOPIC_ID ,
        </if>
        <if test="tReplyId !=null">
            T_REPLY_ID ,
        </if>
        <if test="nTopicReplyId !=null">
            N_TOPIC_REPLY_ID ,
        </if>
        <if test="sContents !=null">
            S_CONTENTS ,
        </if>
        <if test="sUserName !=null">
            S_USER_NAME ,
        </if>
        <if test="dCreate !=null">
            D_CREATE 
        </if>
        </trim>
        <trim prefix="values (" suffix=")" suffixOverrides=",">
          <if test="nUserId !=null">
              #{nUserId,jdbcType=BIGINT}  ,
          </if>
          <if test="nTopicId !=null">
              #{nTopicId,jdbcType=BIGINT}  ,
          </if>
          <if test="tReplyId !=null">
              #{tReplyId,jdbcType=BIGINT}  ,
          </if>
          <if test="nTopicReplyId !=null">
              #{nTopicReplyId,jdbcType=BIGINT}  ,
          </if>
          <if test="sContents !=null">
              #{sContents,jdbcType=VARCHAR}  ,
          </if>
          <if test="sUserName !=null">
              #{sUserName,jdbcType=VARCHAR}  ,
          </if>
          <if test="dCreate !=null">
              #{dCreate,jdbcType=TIMESTAMP}  
          </if>
        </trim>
    </operation>

    <!-- foreach 可以自定义类型，paramtype="primitive" foreach->javatype="自己书写的类"  -->
    <!-- 只有一个参数且为List时必须将参数命名为list -->
    <operation name="insertBatch" paramtype="objectList" remark="批量插入表:t_reply">
        INSERT INTO t_reply(
            N_USER_ID
            ,N_TOPIC_ID
            ,T_REPLY_ID
            ,N_TOPIC_REPLY_ID
            ,S_CONTENTS
            ,S_USER_NAME
            ,D_CREATE
        )VALUES
        <foreach collection="list"  item="item" separator=",">
            (
                 #{item.nUserId,jdbcType=BIGINT}
                , #{item.nTopicId,jdbcType=BIGINT}
                , #{item.tReplyId,jdbcType=BIGINT}
                , #{item.nTopicReplyId,jdbcType=BIGINT}
                , #{item.sContents,jdbcType=VARCHAR}
                , #{item.sUserName,jdbcType=VARCHAR}
                , #{item.dCreate,jdbcType=TIMESTAMP}
            )
        </foreach>
    </operation>

    <!-- 不推荐使用全 update 有需要自己打开
    <operation name="update" paramtype="object" remark="更新表:t_reply">
        UPDATE t_reply
        <set>
               <if test="nUserId !=null">
                    N_USER_ID       = #{nUserId,jdbcType=BIGINT},
              </if>
               <if test="nTopicId !=null">
                    N_TOPIC_ID      = #{nTopicId,jdbcType=BIGINT},
              </if>
               <if test="nTopicReplyId !=null">
                    N_TOPIC_REPLY_ID = #{nTopicReplyId,jdbcType=BIGINT},
              </if>
               <if test="sContents !=null">
                    S_CONTENTS      = #{sContents,jdbcType=VARCHAR},
              </if>
               <if test="sUserName !=null">
                    S_USER_NAME     = #{sUserName,jdbcType=VARCHAR},
              </if>
               <if test="dCreate !=null">
                    D_CREATE        = #{dCreate,jdbcType=TIMESTAMP}
              </if>
        </set>
        WHERE
            T_REPLY_ID      = #{tReplyId,jdbcType=BIGINT}
    </operation>
    -->
    <operation name="deleteByTReplyId"  remark="根据主键删除数据:t_reply">
        <![CDATA[
        DELETE FROM t_reply
        WHERE
            T_REPLY_ID = #{tReplyId,jdbcType=BIGINT}
        ]]>
    </operation>

    <operation name="getByTReplyId" multiplicity="one" remark="根据主键获取数据:t_reply">
        SELECT *
        FROM t_reply
        WHERE
        <![CDATA[
            T_REPLY_ID = #{tReplyId,jdbcType=BIGINT}
        ]]>
    </operation>






    <operation name="getTReplyPage"  multiplicity="paging" paging="tReplyPaging"
               remark="根据主键获取数据:t_reply">
        SELECT   *
        from t_reply sf
        WHERE 1=1
        <![CDATA[
           and sf.N_TOPIC_REPLY_ID = #{nTopicReplyId,jdbcType=BIGINT}
        ]]>
        order by sf.N_TOPIC_REPLY_ID
    </operation>
</table>
