<!DOCTYPE table SYSTEM "../config/table-config-1.0.dtd">
<table sqlname="t_topic" physicalName="t_topic_1" remark="T_TOPIC">
    <!--  特殊字符说明 &lt;&gt; <> -->
    <!-- baseSql option中 select * 会自动替换为 include -->
    <sql id="Base_Column_List">
        N_USER_ID,N_TOPIC_ID,N_CIRCLE_ID,S_USER_NAME,S_TOPIC_NAME
        ,N_CLICK,N_REPLY,D_LAST_TIME,D_CREATE_TIME
    </sql>

    <!-- baseSql option中 select sf.* 会自动替换为 include -->
    <sql id="Base_SF_Column_List">
        sf.N_USER_ID,sf.N_TOPIC_ID,sf.N_CIRCLE_ID,sf.S_USER_NAME,sf.S_TOPIC_NAME
        ,sf.N_CLICK,sf.N_REPLY,sf.D_LAST_TIME,sf.D_CREATE_TIME
    </sql>

    <operation name="insert" paramtype="object" remark="插入表:t_topic">
        <selectKey resultType="java.lang.Long" keyProperty="id" order="AFTER">
            SELECT
            LAST_INSERT_ID()
        </selectKey>
        INSERT INTO t_topic
        <trim prefix="(" suffix=")" suffixOverrides=",">
        <if test="nUserId !=null">
            N_USER_ID ,
        </if>
        <if test="nTopicId !=null">
            N_TOPIC_ID ,
        </if>
        <if test="nCircleId !=null">
            N_CIRCLE_ID ,
        </if>
        <if test="sUserName !=null">
            S_USER_NAME ,
        </if>
        <if test="sTopicName !=null">
            S_TOPIC_NAME ,
        </if>
        <if test="nClick !=null">
            N_CLICK ,
        </if>
        <if test="nReply !=null">
            N_REPLY ,
        </if>
        <if test="dLastTime !=null">
            D_LAST_TIME ,
        </if>
        <if test="dCreateTime !=null">
            D_CREATE_TIME
        </if>
        </trim>
        <trim prefix="values (" suffix=")" suffixOverrides=",">
          <if test="nUserId !=null">
              #{nUserId,jdbcType=BIGINT}  ,
          </if>
          <if test="nTopicId !=null">
              #{nTopicId,jdbcType=BIGINT}  ,
          </if>
          <if test="nCircleId !=null">
              #{nCircleId,jdbcType=BIGINT}  ,
          </if>
          <if test="sUserName !=null">
              #{sUserName,jdbcType=VARCHAR}  ,
          </if>
          <if test="sTopicName !=null">
              #{sTopicName,jdbcType=VARCHAR}  ,
          </if>
          <if test="nClick !=null">
              #{nClick,jdbcType=INTEGER}  ,
          </if>
          <if test="nReply !=null">
              #{nReply,jdbcType=INTEGER}  ,
          </if>
          <if test="dLastTime !=null">
              #{dLastTime,jdbcType=TIMESTAMP}  ,
          </if>
          <if test="dCreateTime !=null">
              #{dCreateTime,jdbcType=TIMESTAMP}
          </if>
        </trim>
    </operation>

    <!-- foreach 可以自定义类型，paramtype="primitive" foreach->javatype="自己书写的类"  -->
    <!-- 只有一个参数且为List时必须将参数命名为list -->
    <operation name="insertBatch" paramtype="objectList" remark="批量插入表:t_topic">
        INSERT INTO t_topic(
            N_USER_ID
            ,N_TOPIC_ID
            ,N_CIRCLE_ID
            ,S_USER_NAME
            ,S_TOPIC_NAME
            ,N_CLICK
            ,N_REPLY
            ,D_LAST_TIME
            ,D_CREATE_TIME
        )VALUES
        <foreach collection="list"  item="item" separator=",">
            (
                 #{item.nUserId,jdbcType=BIGINT}
                , #{item.nTopicId,jdbcType=BIGINT}
                , #{item.nCircleId,jdbcType=BIGINT}
                , #{item.sUserName,jdbcType=VARCHAR}
                , #{item.sTopicName,jdbcType=VARCHAR}
                , #{item.nClick,jdbcType=INTEGER}
                , #{item.nReply,jdbcType=INTEGER}
                , #{item.dLastTime,jdbcType=TIMESTAMP}
                , #{item.dCreateTime,jdbcType=TIMESTAMP}
            )
        </foreach>
    </operation>

    <!-- 不推荐使用全 update 有需要自己打开
    <operation name="update" paramtype="object" remark="更新表:t_topic">
        UPDATE t_topic
        <set>
               <if test="nUserId !=null">
                    N_USER_ID       = #{nUserId,jdbcType=BIGINT},
              </if>
               <if test="nCircleId !=null">
                    N_CIRCLE_ID     = #{nCircleId,jdbcType=BIGINT},
              </if>
               <if test="sUserName !=null">
                    S_USER_NAME     = #{sUserName,jdbcType=VARCHAR},
              </if>
               <if test="sTopicName !=null">
                    S_TOPIC_NAME    = #{sTopicName,jdbcType=VARCHAR},
              </if>
               <if test="nClick !=null">
                    N_CLICK         = #{nClick,jdbcType=INTEGER},
              </if>
               <if test="nReply !=null">
                    N_REPLY        = #{nReply,jdbcType=INTEGER},
              </if>
               <if test="dLastTime !=null">
                    D_LAST_TIME     = #{dLastTime,jdbcType=TIMESTAMP},
              </if>
               <if test="dCreateTime !=null">
                    D_CREATE_TIME   = #{dCreateTime,jdbcType=TIMESTAMP}
              </if>
        </set>
        WHERE
            N_TOPIC_ID      = #{nTopicId,jdbcType=BIGINT}
    </operation>
    -->
    <operation name="deleteByNTopicId"  remark="根据主键删除数据:t_topic">
        <![CDATA[
        DELETE FROM t_topic
        WHERE
            N_TOPIC_ID = #{nTopicId,jdbcType=BIGINT}
        ]]>
    </operation>







    <resultmap name="topicMap" type="ResMapTopicVO">
        <column name="N_USER_ID" javatype="Long" jdbctype="BIGINT"  remark="收益"/>
        <column name="N_TOPIC_ID" javatype="Long" jdbctype="BIGINT"  remark="收益"/>
        <column name="N_CIRCLE_ID" javatype="Long" jdbctype="BIGINT"  remark="收益"/>
        <column name="S_USER_NAME" javatype="String" jdbctype="VARCHAR"  remark="产品名称"/>
        <column name="S_TOPIC_NAME" javatype="String" jdbctype="VARCHAR"  remark="产品名称"/>
        <column name="N_CLICK" javatype="Integer" jdbctype="INTEGER"  remark="收益"/>
        <column name="N_REPLY" javatype="Integer" jdbctype="INTEGER"  remark="收益"/>
        <column name="D_LAST_TIME" javatype="java.util.Date" jdbctype="TIMESTAMP"  remark="时间"/>
        <column name="D_CREATE_TIME" javatype="java.util.Date" jdbctype="TIMESTAMP"  remark="时间"/>
        <column name="S_CONTENTS" javatype="String" jdbctype="LONGVARCHAR"  remark="状态"/>
    </resultmap>

    <operation name="getTTopicPage"  multiplicity="paging" paging="tTopicPaging"
               resultmap="topicMap"  remark="根据主键获取数据:t_todo">
        SELECT    sf.N_USER_ID,sf.N_TOPIC_ID,sf.N_CIRCLE_ID,sf.S_USER_NAME,sf.S_TOPIC_NAME
        ,sf.N_CLICK,sf.N_REPLY,sf.D_LAST_TIME,sf.D_CREATE_TIME,u.S_CONTENTS
        from t_topic sf,
        t_topic_content u
        WHERE sf.N_TOPIC_ID = u.N_TOPIC_ID
        <if test="nCircleId !=null">
          and  sf.N_CIRCLE_ID= #{nCircleId,jdbcType=BIGINT}
        </if>
        <if test="nUserId !=null">
            and sf.N_USER_ID      = #{nUserId,jdbcType=INTEGER}
        </if>
        <if test="dCreateTime !=null">
           and  sf.D_CREATE_TIME      &gt;=  #{dCreateTime,jdbcType=TIMESTAMP}
        </if>

        order by sf.N_TOPIC_ID desc
    </operation>

    <operation name="getByNTopicId" multiplicity="one" resultmap="topicMap" remark="根据主键获取数据:t_topic">
        SELECT    sf.N_USER_ID,sf.N_TOPIC_ID,sf.N_CIRCLE_ID,sf.S_USER_NAME,sf.S_TOPIC_NAME
        ,sf.N_CLICK,sf.N_REPLY,sf.D_LAST_TIME,sf.D_CREATE_TIME,u.S_CONTENTS
        from t_topic sf,
        t_topic_content u
        WHERE 1=1
        and sf.N_TOPIC_ID = u.N_TOPIC_ID
        <![CDATA[
          and  sf.N_TOPIC_ID = #{nTopicId,jdbcType=BIGINT}
        ]]>
    </operation>
</table>
