<!DOCTYPE table SYSTEM "../config/table-config-1.0.dtd">
<table sqlname="t_topic_content" physicalName="t_topic_content_01" remark="T_TOPIC_CONTENT">
    <!--  特殊字符说明 &lt;&gt; <> -->
    <!-- baseSql option中 select * 会自动替换为 include -->
    <sql id="Base_Column_List">
        N_TOPIC_ID,S_CONTENTS
    </sql>

    <!-- baseSql option中 select sf.* 会自动替换为 include -->
    <sql id="Base_SF_Column_List">
        sf.N_TOPIC_ID,sf.S_CONTENTS
    </sql>

    <operation name="insert" paramtype="object" remark="插入表:t_topic_content">
        INSERT INTO t_topic_content
        <trim prefix="(" suffix=")" suffixOverrides=",">
        <if test="nTopicId !=null">
            N_TOPIC_ID ,
        </if>
        <if test="sContents !=null">
            S_CONTENTS 
        </if>
        </trim>
        <trim prefix="values (" suffix=")" suffixOverrides=",">
          <if test="nTopicId !=null">
              #{nTopicId,jdbcType=BIGINT}  ,
          </if>
          <if test="sContents !=null">
              #{sContents,typeHandler=org.apache.ibatis.type.StringTypeHandler,jdbcType=LONGVARCHAR}
          </if>
        </trim>
    </operation>

    <!-- foreach 可以自定义类型，paramtype="primitive" foreach->javatype="自己书写的类"  -->
    <!-- 只有一个参数且为List时必须将参数命名为list -->
    <operation name="insertBatch" paramtype="objectList" remark="批量插入表:t_topic_content">
        INSERT INTO t_topic_content(
            N_TOPIC_ID
            ,S_CONTENTS
        )VALUES
        <foreach collection="list"  item="item" separator=",">
            (
                 #{item.nTopicId,jdbcType=BIGINT}
                , #{item.sContents,jdbcType=LONGVARCHAR}
            )
        </foreach>
    </operation>

    <!-- 不推荐使用全 update 有需要自己打开
    <operation name="update" paramtype="object" remark="更新表:t_topic_content">
        UPDATE t_topic_content
        <set>
               <if test="sContents !=null">
                    S_CONTENTS      = #{sContents,jdbcType=LONGVARCHAR}
              </if>
        </set>
        WHERE
            N_TOPIC_ID      = #{nTopicId,jdbcType=BIGINT}
    </operation>
    -->
    <operation name="deleteByNTopicId"  remark="根据主键删除数据:t_topic_content">
        <![CDATA[
        DELETE FROM t_topic_content
        WHERE
            N_TOPIC_ID = #{nTopicId,jdbcType=BIGINT}
        ]]>
    </operation>

    <operation name="getByNTopicId" multiplicity="one" remark="根据主键获取数据:t_topic_content">
        SELECT *
        FROM t_topic_content
        WHERE
        <![CDATA[
            N_TOPIC_ID = #{nTopicId,jdbcType=BIGINT}
        ]]>
    </operation>

</table>
