<!DOCTYPE table SYSTEM "../config/table-config-1.0.dtd">
<table sqlname="t_topic_reply" physicalName="t_topic_reply_0" remark="T_TOPIC_REPLY">
    <!--  特殊字符说明 &lt;&gt; <> -->
    <!-- baseSql option中 select * 会自动替换为 include -->
    <sql id="Base_Column_List">
        N_USER_ID,N_TOPIC_ID,N_TOPIC_REPLY_ID,S_USER_NAME,N_CLICK 
        ,N_REPLY,D_CREATE
    </sql>

    <!-- baseSql option中 select sf.* 会自动替换为 include -->
    <sql id="Base_SF_Column_List">
        sf.N_USER_ID,sf.N_TOPIC_ID,sf.N_TOPIC_REPLY_ID,sf.S_USER_NAME,sf.N_CLICK
        ,sf.N_REPLY,sf.D_CREATE
    </sql>

    <operation name="insert" paramtype="object" remark="插入表:t_topic_reply">
        <selectKey resultType="java.lang.Long" keyProperty="id" order="AFTER">
            SELECT
            LAST_INSERT_ID()
        </selectKey>
        INSERT INTO t_topic_reply
        <trim prefix="(" suffix=")" suffixOverrides=",">
        <if test="nUserId !=null">
            N_USER_ID ,
        </if>
        <if test="nTopicId !=null">
            N_TOPIC_ID ,
        </if>
        <if test="nTopicReplyId !=null">
            N_TOPIC_REPLY_ID ,
        </if>
        <if test="sUserName !=null">
            S_USER_NAME ,
        </if>
        <if test="nClick !=null">
            N_CLICK ,
        </if>
        <if test="nReply !=null">
            N_REPLY ,
        </if>
        <if test="dCreate !=null">
            D_CREATE 
        </if>
        </trim>
        <trim prefix="values (" suffix=")" suffixOverrides=",">
          <if test="nUserId !=null">
              #{nUserId,jdbcType=BIGINT}  ,
          </if>
          <if test="nTopicId !=null">
              #{nTopicId,jdbcType=BIGINT}  ,
          </if>
          <if test="nTopicReplyId !=null">
              #{nTopicReplyId,jdbcType=BIGINT}  ,
          </if>
          <if test="sUserName !=null">
              #{sUserName,jdbcType=VARCHAR}  ,
          </if>
          <if test="nClick !=null">
              #{nClick,jdbcType=INTEGER}  ,
          </if>
          <if test="nReply !=null">
              #{nReply,jdbcType=INTEGER}  ,
          </if>
          <if test="dCreate !=null">
              #{dCreate,jdbcType=TIMESTAMP}  
          </if>
        </trim>
    </operation>

    <!-- foreach 可以自定义类型，paramtype="primitive" foreach->javatype="自己书写的类"  -->
    <!-- 只有一个参数且为List时必须将参数命名为list -->
    <operation name="insertBatch" paramtype="objectList" remark="批量插入表:t_topic_reply">
        INSERT INTO t_topic_reply(
            N_USER_ID
            ,N_TOPIC_ID
            ,N_TOPIC_REPLY_ID
            ,S_USER_NAME
            ,N_CLICK
            ,N_REPLY
            ,D_CREATE
        )VALUES
        <foreach collection="list"  item="item" separator=",">
            (
                 #{item.nUserId,jdbcType=BIGINT}
                , #{item.nTopicId,jdbcType=BIGINT}
                , #{item.nTopicReplyId,jdbcType=BIGINT}
                , #{item.sUserName,jdbcType=VARCHAR}
                , #{item.nClick,jdbcType=INTEGER}
                , #{item.nReply,jdbcType=INTEGER}
                , #{item.dCreate,jdbcType=TIMESTAMP}
            )
        </foreach>
    </operation>

    <!-- 不推荐使用全 update 有需要自己打开
    <operation name="update" paramtype="object" remark="更新表:t_topic_reply">
        UPDATE t_topic_reply
        <set>
               <if test="nUserId !=null">
                    N_USER_ID       = #{nUserId,jdbcType=BIGINT},
              </if>
               <if test="nTopicId !=null">
                    N_TOPIC_ID      = #{nTopicId,jdbcType=BIGINT},
              </if>
               <if test="sUserName !=null">
                    S_USER_NAME     = #{sUserName,jdbcType=VARCHAR},
              </if>
               <if test="nClick !=null">
                    N_CLICK         = #{nClick,jdbcType=INTEGER},
              </if>
               <if test="nReply !=null">
                    N_REPLY         = #{nReply,jdbcType=INTEGER},
              </if>
               <if test="dCreate !=null">
                    D_CREATE        = #{dCreate,jdbcType=TIMESTAMP}
              </if>
        </set>
        WHERE
            N_TOPIC_REPLY_ID = #{nTopicReplyId,jdbcType=BIGINT}
    </operation>
    -->
    <operation name="deleteByNTopicReplyId"  remark="根据主键删除数据:t_topic_reply">
        <![CDATA[
        DELETE FROM t_topic_reply
        WHERE
            N_TOPIC_REPLY_ID = #{nTopicReplyId,jdbcType=BIGINT}
        ]]>
    </operation>

    <operation name="getByNTopicReplyId" multiplicity="one" remark="根据主键获取数据:t_topic_reply">
        SELECT *
        FROM t_topic_reply
        WHERE
        <![CDATA[
            N_TOPIC_REPLY_ID = #{nTopicReplyId,jdbcType=BIGINT}
        ]]>
    </operation>





    <resultmap name="topicReplyMap" type="ResMapTopicReplyVO">
        <column name="N_USER_ID" javatype="Long" jdbctype="BIGINT"  remark="收益"/>
        <column name="N_TOPIC_ID" javatype="Long" jdbctype="BIGINT"  remark="收益"/>
        <column name="N_TOPIC_REPLY_ID" javatype="Long" jdbctype="BIGINT"  remark="收益"/>
        <column name="S_USER_NAME" javatype="String" jdbctype="VARCHAR"  remark="产品名称"/>
        <column name="N_CLICK" javatype="Integer" jdbctype="INTEGER"  remark="收益"/>
        <column name="N_REPLY" javatype="Integer" jdbctype="INTEGER"  remark="收益"/>
        <column name="D_CREATE_TIME" javatype="java.util.Date" jdbctype="TIMESTAMP"  remark="时间"/>
        <column name="S_CONTENTS" javatype="String" jdbctype="LONGVARCHAR"  remark="状态"/>
    </resultmap>

    <operation name="getTTopicReplyPage"  multiplicity="paging" paging="tTopicReplyPaging"
               resultmap="topicReplyMap"  remark="根据主键获取数据:t_todo_reply">
        SELECT    sf.N_USER_ID,sf.N_TOPIC_ID,sf.N_TOPIC_REPLY_ID,sf.S_USER_NAME,sf.N_CLICK
        ,sf.N_REPLY,sf.D_CREATE,u.S_CONTENTS
        from t_topic_reply sf,
        t_topic_reply_content u
        WHERE 1=1
        and sf.N_TOPIC_REPLY_ID = u.N_TOPIC_REPLY_ID
        <![CDATA[
         and   sf.N_TOPIC_ID = #{nTopicId,jdbcType=BIGINT}
        ]]>
        order by sf.N_TOPIC_ID
    </operation>
</table>
