<!DOCTYPE table SYSTEM "../config/table-config-1.0.dtd">
<table sqlname="qmyz_presell_act" physicalName="qmyz_presell_act" remark="预售活动表">
    <!--  特殊字符说明 &lt;&gt; <> -->
    <!-- baseSql option中 select * 会自动替换为 include -->
    <sql id="Base_Column_List">
        N_ID,S_PRODUCT_NAME,N_SELL,N_STATE,N_AMOUNT 
        ,N_PUBLISH,D_END,D_CREATE,D_LAST_UPDATE,N_PRICE
    </sql>

    <!-- baseSql option中 select sf.* 会自动替换为 include -->
    <sql id="Base_SF_Column_List">
        sf.N_ID,sf.S_PRODUCT_NAME,sf.N_SELL,sf.N_STATE,sf.N_AMOUNT
        ,sf.N_PUBLISH,sf.D_END,sf.D_CREATE,sf.D_LAST_UPDATE,sf.N_PRICE
    </sql>

    <operation name="insert" paramtype="object" remark="插入表:qmyz_presell_act">
        <selectKey resultType="java.lang.Long" keyProperty="nId" order="BEFORE">
            SELECT nextval_safe('qmyz_presell_act_seq') as nId  from dual
        </selectKey>
        INSERT INTO qmyz_presell_act
        <trim prefix="(" suffix=")" suffixOverrides=",">
        <if test="nId !=null">
            N_ID ,
        </if>
        <if test="sProductName !=null">
            S_PRODUCT_NAME ,
        </if>
        <if test="nSell !=null">
            N_SELL ,
        </if>
        <if test="nState !=null">
            N_STATE ,
        </if>
        <if test="nAmount !=null">
            N_AMOUNT ,
        </if>
        <if test="nPublish !=null">
            N_PUBLISH ,
        </if>
        <if test="dEnd !=null">
            D_END ,
        </if>
        <if test="dCreate !=null">
            D_CREATE ,
        </if>
        <if test="dLastUpdate !=null">
            D_LAST_UPDATE ,
        </if>
        <if test="nPrice !=null">
            N_PRICE 
        </if>
        </trim>
        <trim prefix="values (" suffix=")" suffixOverrides=",">
          <if test="nId !=null">
              #{nId,jdbcType=BIGINT}  ,
          </if>
          <if test="sProductName !=null">
              #{sProductName,jdbcType=VARCHAR}  ,
          </if>
          <if test="nSell !=null">
              #{nSell,jdbcType=INTEGER}  ,
          </if>
          <if test="nState !=null">
              #{nState,jdbcType=INTEGER}  ,
          </if>
          <if test="nAmount !=null">
              #{nAmount,jdbcType=INTEGER}  ,
          </if>
          <if test="nPublish !=null">
              #{nPublish,jdbcType=INTEGER}  ,
          </if>
          <if test="dEnd !=null">
              #{dEnd,jdbcType=TIMESTAMP}  ,
          </if>
          <if test="dCreate !=null">
              #{dCreate,jdbcType=TIMESTAMP}  ,
          </if>
          <if test="dLastUpdate !=null">
              #{dLastUpdate,jdbcType=TIMESTAMP}  ,
          </if>
          <if test="nPrice !=null">
              #{nPrice,jdbcType=DECIMAL}  
          </if>
        </trim>
    </operation>

    <!-- foreach 可以自定义类型，paramtype="primitive" foreach->javatype="自己书写的类"  -->
    <!-- 只有一个参数且为List时必须将参数命名为list -->
    <operation name="insertBatch" paramtype="objectList" remark="批量插入表:qmyz_presell_act">
        INSERT INTO qmyz_presell_act(
            N_ID
            ,S_PRODUCT_NAME
            ,N_SELL
            ,N_STATE
            ,N_AMOUNT
            ,N_PUBLISH
            ,D_END
            ,D_CREATE
            ,D_LAST_UPDATE
            ,N_PRICE
        )VALUES
        <foreach collection="list"  item="item" separator=",">
            (
                 #{item.nId,jdbcType=BIGINT}
                , #{item.sProductName,jdbcType=VARCHAR}
                , #{item.nSell,jdbcType=INTEGER}
                , #{item.nState,jdbcType=INTEGER}
                , #{item.nAmount,jdbcType=INTEGER}
                , #{item.nPublish,jdbcType=INTEGER}
                , #{item.dEnd,jdbcType=TIMESTAMP}
                , #{item.dCreate,jdbcType=TIMESTAMP}
                , #{item.dLastUpdate,jdbcType=TIMESTAMP}
                , #{item.nPrice,jdbcType=DECIMAL}
            )
        </foreach>
    </operation>

    <!-- 不推荐使用全 update 有需要自己打开
    <operation name="update" paramtype="object" remark="更新表:qmyz_presell_act">
        UPDATE qmyz_presell_act
        <set>
               <if test="sProductName !=null">
                    S_PRODUCT_NAME  = #{sProductName,jdbcType=VARCHAR},
              </if>
               <if test="nSell !=null">
                    N_SELL          = #{nSell,jdbcType=INTEGER},
              </if>
               <if test="nState !=null">
                    N_STATE         = #{nState,jdbcType=INTEGER},
              </if>
               <if test="nAmount !=null">
                    N_AMOUNT        = #{nAmount,jdbcType=INTEGER},
              </if>
               <if test="nPublish !=null">
                    N_PUBLISH       = #{nPublish,jdbcType=INTEGER},
              </if>
               <if test="dEnd !=null">
                    D_END           = #{dEnd,jdbcType=TIMESTAMP},
              </if>
               <if test="dCreate !=null">
                    D_CREATE        = #{dCreate,jdbcType=TIMESTAMP},
              </if>
               <if test="dLastUpdate !=null">
                    D_LAST_UPDATE   = #{dLastUpdate,jdbcType=TIMESTAMP},
              </if>
               <if test="nPrice !=null">
                    N_PRICE         = #{nPrice,jdbcType=DECIMAL}
              </if>
        </set>
        WHERE
            N_ID            = #{nId,jdbcType=BIGINT}
    </operation>
    -->
    <operation name="deleteByNId"  remark="根据主键删除数据:qmyz_presell_act">
        <![CDATA[
        DELETE FROM qmyz_presell_act
        WHERE
            N_ID = #{nId,jdbcType=BIGINT}
        ]]>
    </operation>

    <operation name="getByNId" multiplicity="one" remark="根据主键获取数据:qmyz_presell_act">
        SELECT *
        FROM qmyz_presell_act
        WHERE
        <![CDATA[
            N_ID = #{nId,jdbcType=BIGINT}
        ]]>
    </operation>



    <resultmap name="preSellActMap" type="ResMapPreSellActVO">
        <column name="n_id" javatype="String" jdbctype="VARCHAR" remark="自增ID"/>
        <column name="s_product_name" javatype="String" jdbctype="VARCHAR" remark="产品名称"/>
        <column name="d_create" javatype="java.util.Date" jdbctype="DATE" remark="时间"/>
        <column name="d_end" javatype="java.util.Date" jdbctype="DATE" remark="时间"/>
        <column name="n_amount" javatype="Long" jdbctype="INT"  remark="发布数量"/>
        <column name="n_remainder" javatype="Long" jdbctype="INT" remark="剩余数量"/>
        <column name="n_publish" javatype="Long" jdbctype="INT" remark="发布状态0 下架 1 上架"/>
        <column name="n_end" javatype="Long" jdbctype="INT" remark="预售状态"/>
    </resultmap>


    <operation name="getListByNId"  multiplicity="paging" paging="preSellAct"
               paramtype="primitive" resultmap="preSellActMap"  remark="根据主键获取数据:qmyz_presell_act">
      select  n_id,
        s_product_name,
        d_create,
        d_end,
        n_amount,
         n_remainder,
        n_publish,n_end
        from (  select t.n_id,
        t.s_product_name,
        t.d_create,
        t.d_end,
        t.n_amount,
        t.n_amount - t.n_sell n_remainder,
        t.n_publish,
        case t.n_amount - t.n_sell when 0 then 9
        else case when t.d_end &lt; now() then 9
        else 0 end
        end as n_end
        from qmyz_presell_act t
        where t.n_state = 1
        <if test="nPublish !=null">
           and t.N_PUBLISH       = #{nPublish,jdbcType=INTEGER}
        </if>
        <if test="dBeginDate !=null">
            and   ifnull(t.d_create,CURRENT_DATE()) &gt;= #{dBeginDate,jdbcType=TIMESTAMP}
        </if>
        <if test="dEndDate !=null">
            and   ifnull(t.d_create,CURRENT_DATE()) &lt;= #{dEndDate,jdbcType=TIMESTAMP}
        </if>
        <if test="nState !=null">
            and t.N_STATE         = #{nState,jdbcType=INTEGER}
        </if>
        ) h
        where  1=1
        <if test="nEnd !=null">
            and n_end       = #{nEnd,jdbcType=INTEGER}
        </if>
        order by d_create desc
    </operation>

    <operation name="update" paramtype="object" remark="更新表:qmyz_presell_act">
        UPDATE qmyz_presell_act
        <set>
            <if test="sProductName !=null">
                S_PRODUCT_NAME  = #{sProductName,jdbcType=VARCHAR},
            </if>
            <if test="nSell !=null">
                N_SELL          = #{nSell,jdbcType=INTEGER},
            </if>
            <if test="nState !=null">
                N_STATE         = #{nState,jdbcType=INTEGER},
            </if>
            <if test="nAmount !=null">
                N_AMOUNT        = #{nAmount,jdbcType=INTEGER},
            </if>
            <if test="nPublish !=null">
                N_PUBLISH       = #{nPublish,jdbcType=INTEGER},
            </if>
            <if test="dEnd !=null">
                D_END           = #{dEnd,jdbcType=TIMESTAMP},
            </if>
            <if test="dCreate !=null">
                D_CREATE        = #{dCreate,jdbcType=TIMESTAMP},
            </if>
            <if test="dLastUpdate !=null">
                D_LAST_UPDATE   = #{dLastUpdate,jdbcType=TIMESTAMP},
            </if>
            <if test="nPrice !=null">
                N_PRICE         = #{nPrice,jdbcType=DECIMAL}
            </if>
        </set>
        WHERE
        N_ID            = #{nId,jdbcType=BIGINT}
    </operation>

</table>
