<!DOCTYPE table SYSTEM "../config/table-config-1.0.dtd">
<table sqlname="qmyz_news_unread" physicalName="qmyz_news_unread" remark="用户未读消息表">
    <!--  特殊字符说明 &lt;&gt; <> -->
    <!-- baseSql option中 select * 会自动替换为 include -->
    <sql id="Base_Column_List">
        N_USER_ID,N_BUY_GOODS,N_MAKE_MONEY,N_SYSTEM_BULLETIN
    </sql>

    <!-- baseSql option中 select sf.* 会自动替换为 include -->
    <sql id="Base_SF_Column_List">
        sf.N_USER_ID,sf.N_BUY_GOODS,sf.N_MAKE_MONEY,sf.N_SYSTEM_BULLETIN
    </sql>

    <operation name="insert" paramtype="object" remark="插入表:qmyz_news_unread">
        <selectKey resultType="java.lang.Long" keyProperty="nId" order="BEFORE">
            SELECT nextval_safe('qmyz_aquaculture_product_seq') as nId  from dual
        </selectKey>
        INSERT INTO qmyz_news_unread
        <trim prefix="(" suffix=")" suffixOverrides=",">
        <if test="nUserId !=null">
            N_USER_ID ,
        </if>
        <if test="nBuyGoods !=null">
            N_BUY_GOODS ,
        </if>
        <if test="nMakeMoney !=null">
            N_MAKE_MONEY ,
        </if>
        <if test="nSystemBulletin !=null">
            N_SYSTEM_BULLETIN 
        </if>
        </trim>
        <trim prefix="values (" suffix=")" suffixOverrides=",">
          <if test="nUserId !=null">
              #{nUserId,jdbcType=BIGINT}  ,
          </if>
          <if test="nBuyGoods !=null">
              #{nBuyGoods,jdbcType=INTEGER}  ,
          </if>
          <if test="nMakeMoney !=null">
              #{nMakeMoney,jdbcType=INTEGER}  ,
          </if>
          <if test="nSystemBulletin !=null">
              #{nSystemBulletin,jdbcType=INTEGER}  
          </if>
        </trim>
    </operation>

    <!-- foreach 可以自定义类型，paramtype="primitive" foreach->javatype="自己书写的类"  -->
    <!-- 只有一个参数且为List时必须将参数命名为list -->
    <operation name="insertBatch" paramtype="objectList" remark="批量插入表:qmyz_news_unread">
        INSERT INTO qmyz_news_unread(
            N_USER_ID
            ,N_BUY_GOODS
            ,N_MAKE_MONEY
            ,N_SYSTEM_BULLETIN
        )VALUES
        <foreach collection="list"  item="item" separator=",">
            (
                 #{item.nUserId,jdbcType=BIGINT}
                , #{item.nBuyGoods,jdbcType=INTEGER}
                , #{item.nMakeMoney,jdbcType=INTEGER}
                , #{item.nSystemBulletin,jdbcType=INTEGER}
            )
        </foreach>
    </operation>

    <operation name="deleteByNUserId"  remark="根据主键删除数据:qmyz_news_unread">
        <![CDATA[
        DELETE FROM qmyz_news_unread
        WHERE
            N_USER_ID = #{nUserId,jdbcType=BIGINT}
        ]]>
    </operation>

    <operation name="getByNUserId" multiplicity="one" remark="根据主键获取数据:qmyz_news_unread">
        SELECT *
        FROM qmyz_news_unread
        WHERE
        <![CDATA[
            N_USER_ID = #{nUserId,jdbcType=BIGINT}
        ]]>
    </operation>




    <operation name="update" paramtype="object" remark="更新表:qmyz_news_unread">
        UPDATE qmyz_news_unread
        <set>
            <if test="nBuyGoods !=null">
                N_BUY_GOODS     = #{nBuyGoods,jdbcType=INTEGER},
            </if>
            <if test="nMakeMoney !=null">
                N_MAKE_MONEY    = #{nMakeMoney,jdbcType=INTEGER},
            </if>
            <if test="nSystemBulletin !=null">
                N_SYSTEM_BULLETIN =N_SYSTEM_BULLETIN+ #{nSystemBulletin,jdbcType=INTEGER}
            </if>
        </set>
    </operation>
</table>
