<!DOCTYPE table SYSTEM "../config/table-config-1.0.dtd">
<table sqlname="qmyz_cattle_follow" physicalName="qmyz_cattle_follow" remark="牛只接盘表">
    <!--  特殊字符说明 &lt;&gt; <> -->
    <!-- baseSql option中 select * 会自动替换为 include -->
    <sql id="Base_Column_List">
        S_CATTLE_CODE,N_ID,N_FOLLOW,D_CREATE_TIME
    </sql>

    <!-- baseSql option中 select sf.* 会自动替换为 include -->
    <sql id="Base_SF_Column_List">
        sf.S_CATTLE_CODE,sf.N_ID,sf.N_FOLLOW,sf.D_CREATE_TIME
    </sql>

    <operation name="insert" paramtype="object" remark="插入表:qmyz_cattle_follow">
        <selectKey resultType="java.lang.Integer" keyProperty="nId" order="BEFORE">
            SELECT nextval_safe('qmyz_cattle_follow_seq') as nId  from dual
        </selectKey>
        INSERT IGNORE INTO  qmyz_cattle_follow
        <trim prefix="(" suffix=")" suffixOverrides=",">
        <if test="sCattleCode !=null">
            S_CATTLE_CODE ,
        </if>
        <if test="nId !=null">
            N_ID ,
        </if>
        <if test="nFollow !=null">
            N_FOLLOW ,
        </if>
        <if test="dCreateTime !=null">
            D_CREATE_TIME 
        </if>
        </trim>
        <trim prefix="values (" suffix=")" suffixOverrides=",">
          <if test="sCattleCode !=null">
              #{sCattleCode,jdbcType=VARCHAR}  ,
          </if>
          <if test="nId !=null">
              #{nId,jdbcType=INTEGER}  ,
          </if>
          <if test="nFollow !=null">
              #{nFollow,jdbcType=INTEGER}  ,
          </if>
          <if test="dCreateTime !=null">
              #{dCreateTime,jdbcType=TIMESTAMP}  
          </if>
        </trim>
    </operation>

    <!-- foreach 可以自定义类型，paramtype="primitive" foreach->javatype="自己书写的类"  -->
    <!-- 只有一个参数且为List时必须将参数命名为list -->
    <operation name="insertBatch" paramtype="objectList" remark="批量插入表:qmyz_cattle_follow">
        INSERT INTO qmyz_cattle_follow(
            S_CATTLE_CODE
            ,N_ID
            ,N_FOLLOW
            ,D_CREATE_TIME
        )VALUES
        <foreach collection="list"  item="item" separator=",">
            (
                 #{item.sCattleCode,jdbcType=VARCHAR}
                , #{item.nId,jdbcType=INTEGER}
                , #{item.nFollow,jdbcType=INTEGER}
                , #{item.dCreateTime,jdbcType=TIMESTAMP}
            )
        </foreach>
    </operation>

    <!-- 不推荐使用全 update 有需要自己打开
    <operation name="update" paramtype="object" remark="更新表:qmyz_cattle_follow">
        UPDATE qmyz_cattle_follow
        <set>
               <if test="sCattleCode !=null">
                    S_CATTLE_CODE   = #{sCattleCode,jdbcType=VARCHAR},
              </if>
               <if test="nFollow !=null">
                    N_FOLLOW        = #{nFollow,jdbcType=INTEGER},
              </if>
               <if test="dCreateTime !=null">
                    D_CREATE_TIME   = #{dCreateTime,jdbcType=TIMESTAMP}
              </if>
        </set>
        WHERE
            N_ID            = #{nId,jdbcType=INTEGER}
    </operation>
    -->
    <operation name="deleteByNId"  remark="根据主键删除数据:qmyz_cattle_follow">
        <![CDATA[
        DELETE FROM qmyz_cattle_follow
        WHERE
            N_ID = #{nId,jdbcType=INTEGER}
        ]]>
    </operation>

    <operation name="getByNId" multiplicity="one" remark="根据主键获取数据:qmyz_cattle_follow">
        SELECT *
        FROM qmyz_cattle_follow
        WHERE
        <![CDATA[
            N_ID = #{nId,jdbcType=INTEGER}
        ]]>
    </operation>








    <resultmap name="followCattleManageMap" type="ResMapFollowCattleManageVO">
        <column name="s_cattle_code" javatype="String" jdbctype="VARCHAR"  remark="角标"/>
        <column name="n_id" javatype="java.lang.Long" jdbctype="BIGINT" remark="ID"/>
        <column name="s_pic_url" javatype="String" jdbctype="VARCHAR"  remark="图片"/>
        <column name="d_buy_time" javatype="java.util.Date" jdbctype="TIMESTAMP"  remark="时间"/>
        <column name="n_buy_weight" javatype="java.lang.Long" jdbctype="BIGINT"  remark="重量"/>
        <column name="n_new_weight" javatype="java.lang.Long" jdbctype="BIGINT"  remark="最新重量"/>
        <column name="s_field"  javatype="String" jdbctype="VARCHAR"  remark="栏位"/>
        <column name="d_income" javatype="java.util.Date" jdbctype="TIMESTAMP"  remark="时间"/>
        <column name="s_nickname"  javatype="String" jdbctype="VARCHAR"  remark="接盘人昵称"/>
        <column name="s_first_nickname"  javatype="String" jdbctype="VARCHAR"  remark="购买人昵称"/>
        <column name="n_follow" javatype="java.lang.Long" jdbctype="BIGINT"  remark="接盘状态0 接盘中 1 已接盘 2 已易主"/>
    </resultmap>

    <operation name="getFollowList"  multiplicity="paging" paging="followCattleManage" paramtype="primitive"
               resultmap="followCattleManageMap"   remark="根据主键获取数据:qmyz_cattle_follow">
        select s_cattle_code,
        n_id,
        s_pic_url,
        d_buy_time,
        n_buy_weight,
        n_new_weight,
        s_field,
        d_income,
        s_nickname,
        s_first_nickname,
        n_follow from (
        select t.s_cattle_code,
        t.n_id,
        u.s_pic_url,
        u.d_buy_time,
        u.n_buy_weight,
        u.n_new_weight,
        u.s_field,
        v.d_income,
        (select w.s_nickname from qmyz_user_info w where w.n_user_id = v.n_user_id) s_nickname,
        (select qui.s_nickname
        from qmyz_order qo,
        qmyz_order_goods qog,
        qmyz_user_info qui
        where qo.n_type = 3
        and qo.s_state = '1'
        and qo.d_create > t.d_create_time
        and qo.n_id = qog.n_order_id
        and qog.n_type = 3
        and qog.s_goods_id = t.s_cattle_code
        and qo.n_user_id = qui.n_user_id) s_first_nickname,
        t.n_follow
        from qmyz_cattle_follow t,
        qmyz_cattle_manage u,
        qmyz_user_claim v
        where t.s_cattle_code = u.s_cattle_code
        and u.s_cattle_code = v.s_cattle_code
        <if test="sCattleCode!=null and sCattleCode != ''">
            and t.s_cattle_code like  CONCAT(CONCAT('%',#{sCattleCode,jdbcType=VARCHAR},'%'))
        </if>
        <if test="nFollow!=null">
            and t.n_follow =  #{nFollow,jdbcType=INTEGER}
        </if>
        ) b
    </operation>

    <resultmap name="followCattleUserMap" type="ResMapFollowCattleUserVO">
        <column name="n_user_id" javatype="java.lang.Long" jdbctype="BIGINT"  remark="重量"/>
    </resultmap>

    <operation name="getNUserIdBysCattleCode"  multiplicity="one"  paramtype="primitive"
               resultmap="followCattleUserMap"     remark="根据主键获取数据:qmyz_cattle_follow">
        select qo.n_user_id
        from qmyz_order qo,
        qmyz_order_goods qog,
        qmyz_cattle_follow qcf
        where qo.n_type = 3
        and qo.s_state = '1'
        and qo.n_id = qog.n_order_id
        and qog.n_type = 3
        <if test="nId !=null">
            and qcf.n_id        = #{nId,jdbcType=INTEGER},
        </if>
        and qo.d_create > qcf.d_create_time
        and qog.s_goods_id = qcf.s_cattle_cod
    </operation>

    <operation name="update" paramtype="object" remark="更新表:qmyz_cattle_follow">
        UPDATE qmyz_cattle_follow
        <set>
            <if test="nFollow !=null">
                N_FOLLOW        = #{nFollow,jdbcType=INTEGER},
            </if>
            <if test="dCreateTime !=null">
                D_CREATE_TIME   = #{dCreateTime,jdbcType=TIMESTAMP}
            </if>
        </set>
        WHERE
        S_CATTLE_CODE   = #{sCattleCode,jdbcType=VARCHAR}
    </operation>
</table>
