<!DOCTYPE table SYSTEM "../config/table-config-1.0.dtd">
<table sqlname="qmyz_user_claim" physicalName="qmyz_user_claim" remark="用户认领表">
    <!--  特殊字符说明 &lt;&gt; <> -->
    <!-- baseSql option中 select * 会自动替换为 include -->
    <sql id="Base_Column_List">
        N_USER_ID,S_CATTLE_CODE,D_INCOME,D_UPDATE_TIME,N_INCOME_MAX 
        ,N_INCOME_MIN
    </sql>

    <!-- baseSql option中 select sf.* 会自动替换为 include -->
    <sql id="Base_SF_Column_List">
        sf.N_USER_ID,sf.S_CATTLE_CODE,sf.D_INCOME,sf.D_UPDATE_TIME,sf.N_INCOME_MAX
        ,sf.N_INCOME_MIN
    </sql>

    <operation name="insert" paramtype="object" remark="插入表:qmyz_user_claim">
        <selectKey resultType="java.lang.Long" keyProperty="id" order="AFTER">
            SELECT
            LAST_INSERT_ID()
        </selectKey>
        INSERT INTO qmyz_user_claim
        <trim prefix="(" suffix=")" suffixOverrides=",">
        <if test="nUserId !=null">
            N_USER_ID ,
        </if>
        <if test="sCattleCode !=null">
            S_CATTLE_CODE ,
        </if>
        <if test="dIncome !=null">
            D_INCOME ,
        </if>
        <if test="dUpdateTime !=null">
            D_UPDATE_TIME ,
        </if>
        <if test="nIncomeMax !=null">
            N_INCOME_MAX ,
        </if>
        <if test="nIncomeMin !=null">
            N_INCOME_MIN 
        </if>
        </trim>
        <trim prefix="values (" suffix=")" suffixOverrides=",">
          <if test="nUserId !=null">
              #{nUserId,jdbcType=BIGINT}  ,
          </if>
          <if test="sCattleCode !=null">
              #{sCattleCode,jdbcType=VARCHAR}  ,
          </if>
          <if test="dIncome !=null">
              #{dIncome,jdbcType=DATE}  ,
          </if>
          <if test="dUpdateTime !=null">
              #{dUpdateTime,jdbcType=TIMESTAMP}  ,
          </if>
          <if test="nIncomeMax !=null">
              #{nIncomeMax,jdbcType=DECIMAL}  ,
          </if>
          <if test="nIncomeMin !=null">
              #{nIncomeMin,jdbcType=DECIMAL}  
          </if>
        </trim>
    </operation>

    <!-- foreach 可以自定义类型，paramtype="primitive" foreach->javatype="自己书写的类"  -->
    <!-- 只有一个参数且为List时必须将参数命名为list -->
    <operation name="insertBatch" paramtype="objectList" remark="批量插入表:qmyz_user_claim">
        INSERT INTO qmyz_user_claim(
            N_USER_ID
            ,S_CATTLE_CODE
            ,D_INCOME
            ,D_UPDATE_TIME
            ,N_INCOME_MAX
            ,N_INCOME_MIN
        )VALUES
        <foreach collection="list"  item="item" separator=",">
            (
                 #{item.nUserId,jdbcType=BIGINT}
                , #{item.sCattleCode,jdbcType=VARCHAR}
                , #{item.dIncome,jdbcType=DATE}
                , #{item.dUpdateTime,jdbcType=TIMESTAMP}
                , #{item.nIncomeMax,jdbcType=DECIMAL}
                , #{item.nIncomeMin,jdbcType=DECIMAL}
            )
        </foreach>
    </operation>

    <!-- 不推荐使用全 update 有需要自己打开
    <operation name="update" paramtype="object" remark="更新表:qmyz_user_claim">
        UPDATE qmyz_user_claim
        <set>
               <if test="nUserId !=null">
                    N_USER_ID       = #{nUserId,jdbcType=BIGINT},
              </if>
               <if test="dIncome !=null">
                    D_INCOME        = #{dIncome,jdbcType=DATE},
              </if>
               <if test="dUpdateTime !=null">
                    D_UPDATE_TIME   = #{dUpdateTime,jdbcType=TIMESTAMP},
              </if>
               <if test="nIncomeMax !=null">
                    N_INCOME_MAX    = #{nIncomeMax,jdbcType=DECIMAL},
              </if>
               <if test="nIncomeMin !=null">
                    N_INCOME_MIN    = #{nIncomeMin,jdbcType=DECIMAL}
              </if>
        </set>
        WHERE
            S_CATTLE_CODE   = #{sCattleCode,jdbcType=VARCHAR}
    </operation>
    -->
    <operation name="deleteBySCattleCode"  remark="根据主键删除数据:qmyz_user_claim">
        <![CDATA[
        DELETE FROM qmyz_user_claim
        WHERE
            S_CATTLE_CODE = #{sCattleCode,jdbcType=VARCHAR}
        ]]>
    </operation>

    <operation name="getBySCattleCode" multiplicity="one" remark="根据主键获取数据:qmyz_user_claim">
        SELECT *
        FROM qmyz_user_claim
        WHERE
        <![CDATA[
            S_CATTLE_CODE = #{sCattleCode,jdbcType=VARCHAR}
        ]]>
    </operation>

    <!-- 根据普通索引查询数据 -->
    <operation name="queryByQmyzUserClaim1" multiplicity="many" remark="根据普通索引QmyzUserClaim1获取数据:qmyz_user_claim">
        SELECT *
        FROM qmyz_user_claim
        WHERE
        <![CDATA[
            N_USER_ID       = #{nUserId,jdbcType=BIGINT}
        ]]>
    </operation>






    <operation name="update" paramtype="object" remark="更新表:qmyz_user_claim">
        UPDATE qmyz_user_claim
        <set>
            <if test="nUserId !=null">
                N_USER_ID       = #{nUserId,jdbcType=BIGINT},
            </if>
            <if test="dIncome !=null">
                D_INCOME        = #{dIncome,jdbcType=DATE},
            </if>
            <if test="dUpdateTime !=null">
                D_UPDATE_TIME   = #{dUpdateTime,jdbcType=TIMESTAMP},
            </if>
            <if test="nIncomeMax !=null">
                N_INCOME_MAX    = #{nIncomeMax,jdbcType=DECIMAL},
            </if>
            <if test="nIncomeMin !=null">
                N_INCOME_MIN    = #{nIncomeMin,jdbcType=DECIMAL}
            </if>
        </set>
        WHERE
        S_CATTLE_CODE   = #{sCattleCode,jdbcType=VARCHAR}
    </operation>
</table>
