<!DOCTYPE table SYSTEM "../config/table-config-1.0.dtd">
<table sqlname="qmyz_corporate_assets_log" physicalName="qmyz_corporate_assets_log" remark="公司资产记录表">
    <!--  特殊字符说明 &lt;&gt; <> -->
    <!-- baseSql option中 select * 会自动替换为 include -->
    <sql id="Base_Column_List">
        N_ID,N_USER_ID,S_ACTION_TYPE,S_ACTION_OBJECT,N_TYPE 
        ,N_IN_OUT,D_TIME,N_MONEY
    </sql>

    <!-- baseSql option中 select sf.* 会自动替换为 include -->
    <sql id="Base_SF_Column_List">
        sf.N_ID,sf.N_USER_ID,sf.S_ACTION_TYPE,sf.S_ACTION_OBJECT,sf.N_TYPE
        ,sf.N_IN_OUT,sf.D_TIME,sf.N_MONEY
    </sql>

    <operation name="insert" paramtype="object" remark="插入表:qmyz_corporate_assets_log">
        <selectKey resultType="java.lang.Long" keyProperty="nId" order="BEFORE">
            SELECT nextval_safe('qmyz_corporate_assets_log_seq') as nId  from dual
        </selectKey>
        INSERT INTO qmyz_corporate_assets_log
        <trim prefix="(" suffix=")" suffixOverrides=",">
        <if test="nId !=null">
            N_ID ,
        </if>
        <if test="nUserId !=null">
            N_USER_ID ,
        </if>
        <if test="sActionType !=null">
            S_ACTION_TYPE ,
        </if>
        <if test="sActionObject !=null">
            S_ACTION_OBJECT ,
        </if>
        <if test="nType !=null">
            N_TYPE ,
        </if>
        <if test="nInOut !=null">
            N_IN_OUT ,
        </if>
        <if test="dTime !=null">
            D_TIME ,
        </if>
        <if test="nMoney !=null">
            N_MONEY 
        </if>
        </trim>
        <trim prefix="values (" suffix=")" suffixOverrides=",">
          <if test="nId !=null">
              #{nId,jdbcType=BIGINT}  ,
          </if>
          <if test="nUserId !=null">
              #{nUserId,jdbcType=BIGINT}  ,
          </if>
          <if test="sActionType !=null">
              #{sActionType,jdbcType=VARCHAR}  ,
          </if>
          <if test="sActionObject !=null">
              #{sActionObject,jdbcType=VARCHAR}  ,
          </if>
          <if test="nType !=null">
              #{nType,jdbcType=INTEGER}  ,
          </if>
          <if test="nInOut !=null">
              #{nInOut,jdbcType=INTEGER}  ,
          </if>
          <if test="dTime !=null">
              #{dTime,jdbcType=TIMESTAMP}  ,
          </if>
          <if test="nMoney !=null">
              #{nMoney,jdbcType=DECIMAL}  
          </if>
        </trim>
    </operation>

    <!-- foreach 可以自定义类型，paramtype="primitive" foreach->javatype="自己书写的类"  -->
    <!-- 只有一个参数且为List时必须将参数命名为list -->
    <operation name="insertBatch" paramtype="objectList" remark="批量插入表:qmyz_corporate_assets_log">
        INSERT INTO qmyz_corporate_assets_log(
            N_ID
            ,N_USER_ID
            ,S_ACTION_TYPE
            ,S_ACTION_OBJECT
            ,N_TYPE
            ,N_IN_OUT
            ,D_TIME
            ,N_MONEY
        )VALUES
        <foreach collection="list"  item="item" separator=",">
            (
                 #{item.nId,jdbcType=BIGINT}
                , #{item.nUserId,jdbcType=BIGINT}
                , #{item.sActionType,jdbcType=VARCHAR}
                , #{item.sActionObject,jdbcType=VARCHAR}
                , #{item.nType,jdbcType=INTEGER}
                , #{item.nInOut,jdbcType=INTEGER}
                , #{item.dTime,jdbcType=TIMESTAMP}
                , #{item.nMoney,jdbcType=DECIMAL}
            )
        </foreach>
    </operation>

    <!-- 不推荐使用全 update 有需要自己打开
    <operation name="update" paramtype="object" remark="更新表:qmyz_corporate_assets_log">
        UPDATE qmyz_corporate_assets_log
        <set>
               <if test="nUserId !=null">
                    N_USER_ID       = #{nUserId,jdbcType=BIGINT},
              </if>
               <if test="sActionType !=null">
                    S_ACTION_TYPE   = #{sActionType,jdbcType=VARCHAR},
              </if>
               <if test="sActionObject !=null">
                    S_ACTION_OBJECT = #{sActionObject,jdbcType=VARCHAR},
              </if>
               <if test="nType !=null">
                    N_TYPE          = #{nType,jdbcType=INTEGER},
              </if>
               <if test="nInOut !=null">
                    N_IN_OUT        = #{nInOut,jdbcType=INTEGER},
              </if>
               <if test="dTime !=null">
                    D_TIME          = #{dTime,jdbcType=TIMESTAMP},
              </if>
               <if test="nMoney !=null">
                    N_MONEY         = #{nMoney,jdbcType=DECIMAL}
              </if>
        </set>
        WHERE
            N_ID            = #{nId,jdbcType=BIGINT}
    </operation>
    -->
    <operation name="deleteByNId"  remark="根据主键删除数据:qmyz_corporate_assets_log">
        <![CDATA[
        DELETE FROM qmyz_corporate_assets_log
        WHERE
            N_ID = #{nId,jdbcType=BIGINT}
        ]]>
    </operation>

    <operation name="getByNId" multiplicity="one" remark="根据主键获取数据:qmyz_corporate_assets_log">
        SELECT *
        FROM qmyz_corporate_assets_log
        WHERE
        <![CDATA[
            N_ID = #{nId,jdbcType=BIGINT}
        ]]>
    </operation>

    <!-- 根据普通索引查询数据 -->
    <operation name="queryByQmyzCorporateAssetsLog1" multiplicity="many" remark="根据普通索引QmyzCorporateAssetsLog1获取数据:qmyz_corporate_assets_log">
        SELECT *
        FROM qmyz_corporate_assets_log
        WHERE
        <![CDATA[
            N_USER_ID       = #{nUserId,jdbcType=BIGINT}
            AND N_IN_OUT        = #{nInOut,jdbcType=INTEGER}
            AND N_TYPE          = #{nType,jdbcType=INTEGER}
            AND S_ACTION_TYPE   = #{sActionType,jdbcType=VARCHAR}
            AND S_ACTION_OBJECT = #{sActionObject,jdbcType=VARCHAR}
        ]]>
    </operation>
</table>
