<!DOCTYPE table SYSTEM "../config/table-config-1.0.dtd">
<table sqlname="qmyz_user_info" physicalName="qmyz_user_info" remark="用户信息表">
    <!--  特殊字符说明 &lt;&gt; <> -->
    <!-- baseSql option中 select * 会自动替换为 include -->
    <sql id="Base_Column_List">
        N_USER_ID,S_IDE,S_SEX,S_MAIL,S_NAME 
        ,S_PHONE,S_PIC_URL,S_NICKNAME,D_LAST_UPDATE
    </sql>

    <!-- baseSql option中 select sf.* 会自动替换为 include -->
    <sql id="Base_SF_Column_List">
        sf.N_USER_ID,sf.S_IDE,sf.S_SEX,sf.S_MAIL,sf.S_NAME
        ,sf.S_PHONE,sf.S_PIC_URL,sf.S_NICKNAME,sf.D_LAST_UPDATE
    </sql>

    <operation name="insert" paramtype="object" remark="插入表:qmyz_user_info">
        <selectKey resultType="java.lang.Long" keyProperty="id" order="AFTER">
            SELECT
            LAST_INSERT_ID()
        </selectKey>
        INSERT INTO qmyz_user_info
        <trim prefix="(" suffix=")" suffixOverrides=",">
        <if test="nUserId !=null">
            N_USER_ID ,
        </if>
        <if test="sIde !=null">
            S_IDE ,
        </if>
        <if test="sSex !=null">
            S_SEX ,
        </if>
        <if test="sMail !=null">
            S_MAIL ,
        </if>
        <if test="sName !=null">
            S_NAME ,
        </if>
        <if test="sPhone !=null">
            S_PHONE ,
        </if>
        <if test="sPicUrl !=null">
            S_PIC_URL ,
        </if>
        <if test="sNickname !=null">
            S_NICKNAME ,
        </if>
        <if test="dLastUpdate !=null">
            D_LAST_UPDATE 
        </if>
        </trim>
        <trim prefix="values (" suffix=")" suffixOverrides=",">
          <if test="nUserId !=null">
              #{nUserId,jdbcType=BIGINT}  ,
          </if>
          <if test="sIde !=null">
              #{sIde,jdbcType=VARCHAR}  ,
          </if>
          <if test="sSex !=null">
              #{sSex,jdbcType=VARCHAR}  ,
          </if>
          <if test="sMail !=null">
              #{sMail,jdbcType=VARCHAR}  ,
          </if>
          <if test="sName !=null">
              #{sName,jdbcType=VARCHAR}  ,
          </if>
          <if test="sPhone !=null">
              #{sPhone,jdbcType=VARCHAR}  ,
          </if>
          <if test="sPicUrl !=null">
              #{sPicUrl,jdbcType=VARCHAR}  ,
          </if>
          <if test="sNickname !=null">
              #{sNickname,jdbcType=VARCHAR}  ,
          </if>
          <if test="dLastUpdate !=null">
              #{dLastUpdate,jdbcType=TIMESTAMP}  
          </if>
        </trim>
    </operation>

    <!-- foreach 可以自定义类型，paramtype="primitive" foreach->javatype="自己书写的类"  -->
    <!-- 只有一个参数且为List时必须将参数命名为list -->
    <operation name="insertBatch" paramtype="objectList" remark="批量插入表:qmyz_user_info">
        INSERT INTO qmyz_user_info(
            N_USER_ID
            ,S_IDE
            ,S_SEX
            ,S_MAIL
            ,S_NAME
            ,S_PHONE
            ,S_PIC_URL
            ,S_NICKNAME
            ,D_LAST_UPDATE
        )VALUES
        <foreach collection="list"  item="item" separator=",">
            (
                 #{item.nUserId,jdbcType=BIGINT}
                , #{item.sIde,jdbcType=VARCHAR}
                , #{item.sSex,jdbcType=VARCHAR}
                , #{item.sMail,jdbcType=VARCHAR}
                , #{item.sName,jdbcType=VARCHAR}
                , #{item.sPhone,jdbcType=VARCHAR}
                , #{item.sPicUrl,jdbcType=VARCHAR}
                , #{item.sNickname,jdbcType=VARCHAR}
                , #{item.dLastUpdate,jdbcType=TIMESTAMP}
            )
        </foreach>
    </operation>

    <!-- 不推荐使用全 update 有需要自己打开
    <operation name="update" paramtype="object" remark="更新表:qmyz_user_info">
        UPDATE qmyz_user_info
        <set>
               <if test="sIde !=null">
                    S_IDE           = #{sIde,jdbcType=VARCHAR},
              </if>
               <if test="sSex !=null">
                    S_SEX           = #{sSex,jdbcType=VARCHAR},
              </if>
               <if test="sMail !=null">
                    S_MAIL          = #{sMail,jdbcType=VARCHAR},
              </if>
               <if test="sName !=null">
                    S_NAME          = #{sName,jdbcType=VARCHAR},
              </if>
               <if test="sPhone !=null">
                    S_PHONE         = #{sPhone,jdbcType=VARCHAR},
              </if>
               <if test="sPicUrl !=null">
                    S_PIC_URL       = #{sPicUrl,jdbcType=VARCHAR},
              </if>
               <if test="sNickname !=null">
                    S_NICKNAME      = #{sNickname,jdbcType=VARCHAR},
              </if>
               <if test="dLastUpdate !=null">
                    D_LAST_UPDATE   = #{dLastUpdate,jdbcType=TIMESTAMP}
              </if>
        </set>
        WHERE
            N_USER_ID       = #{nUserId,jdbcType=BIGINT}
    </operation>
    -->
    <operation name="deleteByNUserId"  remark="根据主键删除数据:qmyz_user_info">
        <![CDATA[
        DELETE FROM qmyz_user_info
        WHERE
            N_USER_ID = #{nUserId,jdbcType=BIGINT}
        ]]>
    </operation>

    <operation name="getByNUserId" multiplicity="one" remark="根据主键获取数据:qmyz_user_info">
        SELECT *
        FROM qmyz_user_info
        WHERE
        <![CDATA[
            N_USER_ID = #{nUserId,jdbcType=BIGINT}
        ]]>
    </operation>



    <resultmap name="userInfoNumMap" type="ResMapUserInfoNumVO">
        <column name="n_user_id" javatype="Long" jdbctype="BIGINT"  remark="用户ID"/>
        <column name="s_nickname" javatype="String" jdbctype="VARCHAR"  remark="昵称"/>
        <column name="s_name" javatype="String" jdbctype="VARCHAR"  remark="姓名"/>
        <column name="s_sex" javatype="String" jdbctype="VARCHAR"  remark="性别"/>
        <column name="s_phone" javatype="String" jdbctype="VARCHAR"  remark="手机"/>
        <column name="s_ide" javatype="String" jdbctype="VARCHAR"  remark="身份证"/>
        <column name="s_mail" javatype="String" jdbctype="VARCHAR"  remark="邮件"/>
        <column name="n_num" javatype="java.lang.Long" jdbctype="BIGINT"  remark="数量"/>
        <column name="s_recommend" javatype="String" jdbctype="VARCHAR"  remark="推荐人"/>
        <column name="s_recommend_name" javatype="String" jdbctype="VARCHAR"  remark="推荐码"/>
        <column name="s_status" javatype="String" jdbctype="VARCHAR"  remark="推荐码"/>
    </resultmap>


    <operation name="getListByNum" multiplicity="paging" paging="userInfoNum" paramtype="primitive"
               resultmap="userInfoNumMap"  remark="根据主键获取数据:qmyz_user_info">
        select a.n_user_id,
        a.s_nickname,
        a.s_name,
        a.s_sex,
        a.s_phone,
        a.s_ide,
        a.s_mail,
        a.n_num,
        a.d_create,
        a.s_recommend,
        a.s_recommend_name,a.s_status
        from (select t.n_user_id,
        t.s_nickname,
        t.s_name,
        t.s_sex,
        t.s_phone,
        t.s_ide,
        t.s_mail,
        ifnull((select sum(v.n_num)
        from qmyz_order u,
        qmyz_order_goods v
        where u.n_type in (1,3)
        and s_state = '1'
        and u.n_id = v.n_order_id
        and v.n_type in (1,3)
        and u.n_user_id = t.n_user_id),0) n_num,
        (select w.d_create
        from qmyz_user_account w
        where w.n_user_id = t.n_user_id) d_create,
        (select qur.s_recommend
        from qmyz_user_recommend qur
        where qur.n_user_id = t.n_user_id) s_recommend,
        (select concat(qui.s_nickname,'(',qui.s_name,')')
        from qmyz_user_account qua,
        qmyz_user_info qui
        where qua.n_user_id = t.n_user_id
        and qua.n_recommend_id = qui.n_user_id) s_recommend_name
        ,qua.s_status from qmyz_user_info t,qmyz_user_account qua
        where 1=1 and t.n_user_id = qua.n_user_id) a where 1=1
        <if test="dBeginDate !=null">
            and   a.d_create &gt;= #{dBeginDate,jdbcType=TIMESTAMP}
        </if>
        <if test="dEndDate !=null">
            and   a.d_create &lt;= #{dEndDate,jdbcType=TIMESTAMP}
        </if>
        <if test="nNum == 0">
            and   a.n_num = #{nNum,jdbcType=BIGINT}
        </if>
        <if test="nNum == 1">
            and   a.n_num > 0
        </if>
        order by a.n_user_id
    </operation>

    <resultmap name="userAquacultureMap" type="ResMapUserAquacultureVO">
        <column name="n_id" javatype="Long" jdbctype="BIGINT"  remark="产品ID"/>
        <column name="s_product_name" javatype="String" jdbctype="VARCHAR"  remark="产品名称"/>
        <column name="d_pay_time" javatype="java.util.Date" jdbctype="TIMESTAMP"  remark="支付时间"/>
        <column name="n_num" javatype="java.lang.Long" jdbctype="BIGINT"  remark="数量"/>
    </resultmap>


    <operation name="getAquacultureListByNUserId" multiplicity="paging" paging="userAquaculture" paramtype="primitive"
               resultmap="userAquacultureMap"  remark="根据主键获取数据:qmyz_user_info">

       select n_id,s_product_name,d_pay_time,n_num from (
        select a.n_id,
        a.s_product_name,
        min(a.d_pay_time) d_pay_time,
        sum(a.n_num) n_num
        from (select v.n_id,
        v.s_product_name,
        min(date(t.d_pay_time)) d_pay_time,
        sum(u.n_num) n_num
        from qmyz_order t,
        qmyz_order_goods u,
        qmyz_aquaculture_product v
        where t.n_user_id = #{nUserId,jdbcType=BIGINT}
        and t.n_type = 1
        and t.s_state = '1'
        and t.n_id = u.n_order_id
        and u.n_type = 1
        and u.s_goods_id= CONCAT(v.n_id, '')
        group by v.n_id,
        v.s_product_name
        union
        select v.n_id,
        v.s_product_name,
        min(date(t.d_pay_time)) d_pay_time,
        sum(u.n_num) n_num
        from qmyz_order t,
        qmyz_order_goods u,
        qmyz_cattle_manage w,
        qmyz_aquaculture_product v
        where t.n_user_id = #{nUserId,jdbcType=BIGINT}
        and t.n_type = 3
        and t.s_state = '1'
        and t.n_id = u.n_order_id
        and u.n_type = 3
        and u.s_goods_id = w.s_cattle_code
        and w.n_product_id = v.n_id
        group by v.n_id,
        v.s_product_name) a
        group by a.n_id,
        a.s_product_name ) b
    </operation>

    <resultmap name="userAquacultureInfoMap" type="ResMapUserAquacultureInfoVO">
        <column name="s_cattle_code" javatype="String" jdbctype="VARCHAR"  remark="产品名称"/>
        <column name="d_income" javatype="java.util.Date" jdbctype="TIMESTAMP"  remark="时间"/>
        <column name="n_income_min" javatype="java.math.BigDecimal" jdbctype="DECIMAL"  remark="收益"/>
        <column name="n_income_max" javatype="java.math.BigDecimal" jdbctype="DECIMAL"  remark="收益"/>
        <column name="s_state" javatype="String" jdbctype="VARCHAR"  remark="状态"/>
        <column name="n_new_weight" javatype="java.math.BigDecimal" jdbctype="DECIMAL"  remark="重量"/>
    </resultmap>

    <operation name="getAquacultureInfoByNUserId" multiplicity="many" paramtype="primitive"
               resultmap="userAquacultureInfoMap"  remark="根据主键获取数据:qmyz_user_info">
        select qmyz_cattle_allot.s_cattle_code,
        case qmyz_cattle_manage.s_state when '1' then qmyz_user_claim.d_income else qmyz_user_settle.d_settle end as d_income,
        case qmyz_cattle_manage.s_state when '1' then qmyz_user_claim.n_income_min else qmyz_user_settle.n_income end as n_income_min,
        case qmyz_cattle_manage.s_state when '1' then qmyz_user_claim.n_income_max else qmyz_user_settle.n_income end as n_income_max,
        ifnull(qmyz_cattle_manage.s_state,0) s_state,
        qmyz_cattle_manage.n_new_weight
        from qmyz_cattle_allot
        left join qmyz_user_claim on (qmyz_cattle_allot.s_cattle_code = qmyz_user_claim.s_cattle_code)
        left join qmyz_cattle_manage on (qmyz_user_claim.s_cattle_code = qmyz_cattle_manage.s_cattle_code)
        left join qmyz_user_settle on (qmyz_user_claim.n_user_id = qmyz_user_settle.n_user_id and qmyz_user_claim.s_cattle_code = qmyz_user_settle.s_cattle_code)
        where qmyz_cattle_allot.n_user_id = #{nUserId,jdbcType=BIGINT}
        and qmyz_cattle_allot.n_product_id = #{nProductId,jdbcType=BIGINT}
        order by qmyz_user_claim.s_cattle_code
    </operation>
</table>
