<!DOCTYPE table SYSTEM "../config/table-config-1.0.dtd">
<table sqlname="qmyz_ad_publish" physicalName="qmyz_ad_publish" remark="广告发布表">
    <!--  特殊字符说明 &lt;&gt; <> -->
    <!-- baseSql option中 select * 会自动替换为 include -->
    <sql id="Base_Column_List">
        S_TITLE,S_PIC_URL,S_LINK_OBJECT,N_ID,N_ORDER 
        ,N_STATE,N_AD_TYPE,N_PUBLISH,N_LINK_TYPE,D_CREATE
    </sql>

    <!-- baseSql option中 select sf.* 会自动替换为 include -->
    <sql id="Base_SF_Column_List">
        sf.S_TITLE,sf.S_PIC_URL,sf.S_LINK_OBJECT,sf.N_ID,sf.N_ORDER
        ,sf.N_STATE,sf.N_AD_TYPE,sf.N_PUBLISH,sf.N_LINK_TYPE,sf.D_CREATE
    </sql>

    <operation name="insert" paramtype="object" remark="插入表:qmyz_ad_publish">
        <selectKey resultType="java.lang.Integer" keyProperty="nId" order="BEFORE">
            SELECT nextval_safe('qmyz_ad_publish_seq') as nId  from dual
        </selectKey>
        INSERT INTO qmyz_ad_publish
        <trim prefix="(" suffix=")" suffixOverrides=",">
        <if test="sTitle !=null">
            S_TITLE ,
        </if>
        <if test="sPicUrl !=null">
            S_PIC_URL ,
        </if>
        <if test="sLinkObject !=null">
            S_LINK_OBJECT ,
        </if>
        <if test="nId !=null">
            N_ID ,
        </if>
        <if test="nOrder !=null">
            N_ORDER ,
        </if>
        <if test="nState !=null">
            N_STATE ,
        </if>
        <if test="nAdType !=null">
            N_AD_TYPE ,
        </if>
        <if test="nPublish !=null">
            N_PUBLISH ,
        </if>
        <if test="nLinkType !=null">
            N_LINK_TYPE ,
        </if>
        <if test="dCreate !=null">
            D_CREATE 
        </if>
        </trim>
        <trim prefix="values (" suffix=")" suffixOverrides=",">
          <if test="sTitle !=null">
              #{sTitle,jdbcType=VARCHAR}  ,
          </if>
          <if test="sPicUrl !=null">
              #{sPicUrl,jdbcType=VARCHAR}  ,
          </if>
          <if test="sLinkObject !=null">
              #{sLinkObject,jdbcType=VARCHAR}  ,
          </if>
          <if test="nId !=null">
              #{nId,jdbcType=INTEGER}  ,
          </if>
          <if test="nOrder !=null">
              #{nOrder,jdbcType=INTEGER}  ,
          </if>
          <if test="nState !=null">
              #{nState,jdbcType=INTEGER}  ,
          </if>
          <if test="nAdType !=null">
              #{nAdType,jdbcType=INTEGER}  ,
          </if>
          <if test="nPublish !=null">
              #{nPublish,jdbcType=INTEGER}  ,
          </if>
          <if test="nLinkType !=null">
              #{nLinkType,jdbcType=INTEGER}  ,
          </if>
          <if test="dCreate !=null">
              #{dCreate,jdbcType=TIMESTAMP}  
          </if>
        </trim>
    </operation>

    <!-- foreach 可以自定义类型，paramtype="primitive" foreach->javatype="自己书写的类"  -->
    <!-- 只有一个参数且为List时必须将参数命名为list -->
    <operation name="insertBatch" paramtype="objectList" remark="批量插入表:qmyz_ad_publish">
        INSERT INTO qmyz_ad_publish(
            S_TITLE
            ,S_PIC_URL
            ,S_LINK_OBJECT
            ,N_ID
            ,N_ORDER
            ,N_STATE
            ,N_AD_TYPE
            ,N_PUBLISH
            ,N_LINK_TYPE
            ,D_CREATE
        )VALUES
        <foreach collection="list"  item="item" separator=",">
            (
                 #{item.sTitle,jdbcType=VARCHAR}
                , #{item.sPicUrl,jdbcType=VARCHAR}
                , #{item.sLinkObject,jdbcType=VARCHAR}
                , #{item.nId,jdbcType=INTEGER}
                , #{item.nOrder,jdbcType=INTEGER}
                , #{item.nState,jdbcType=INTEGER}
                , #{item.nAdType,jdbcType=INTEGER}
                , #{item.nPublish,jdbcType=INTEGER}
                , #{item.nLinkType,jdbcType=INTEGER}
                , #{item.dCreate,jdbcType=TIMESTAMP}
            )
        </foreach>
    </operation>

    <!-- 不推荐使用全 update 有需要自己打开
    <operation name="update" paramtype="object" remark="更新表:qmyz_ad_publish">
        UPDATE qmyz_ad_publish
        <set>
               <if test="sTitle !=null">
                    S_TITLE         = #{sTitle,jdbcType=VARCHAR},
              </if>
               <if test="sPicUrl !=null">
                    S_PIC_URL       = #{sPicUrl,jdbcType=VARCHAR},
              </if>
               <if test="sLinkObject !=null">
                    S_LINK_OBJECT   = #{sLinkObject,jdbcType=VARCHAR},
              </if>
               <if test="nOrder !=null">
                    N_ORDER         = #{nOrder,jdbcType=INTEGER},
              </if>
               <if test="nState !=null">
                    N_STATE         = #{nState,jdbcType=INTEGER},
              </if>
               <if test="nAdType !=null">
                    N_AD_TYPE       = #{nAdType,jdbcType=INTEGER},
              </if>
               <if test="nPublish !=null">
                    N_PUBLISH       = #{nPublish,jdbcType=INTEGER},
              </if>
               <if test="nLinkType !=null">
                    N_LINK_TYPE     = #{nLinkType,jdbcType=INTEGER},
              </if>
               <if test="dCreate !=null">
                    D_CREATE        = #{dCreate,jdbcType=TIMESTAMP}
              </if>
        </set>
        WHERE
            N_ID            = #{nId,jdbcType=INTEGER}
    </operation>
    -->
    <operation name="deleteByNId"  remark="根据主键删除数据:qmyz_ad_publish">
        <![CDATA[
        DELETE FROM qmyz_ad_publish
        WHERE
            N_ID = #{nId,jdbcType=INTEGER}
        ]]>
    </operation>

    <operation name="getByNId" multiplicity="one" remark="根据主键获取数据:qmyz_ad_publish">
        SELECT *
        FROM qmyz_ad_publish
        WHERE
        <![CDATA[
            N_ID = #{nId,jdbcType=INTEGER}
        ]]>
    </operation>





    <operation name="getAdPublish"  multiplicity="paging" paging="adPublish" remark="根据主键获取数据:qmyz_ad_publish">
        SELECT *
        FROM qmyz_ad_publish
        WHERE
            n_state = 1
            order by n_ad_type,n_order asc,n_publish desc
    </operation>

    <operation name="updateState" paramtype="object" remark="更新表:qmyz_ad_publish">
        <![CDATA[
        UPDATE qmyz_ad_publish
        SET
            N_STATE         = 0
        WHERE
            N_ID            = #{nId,jdbcType=INTEGER}
        ]]>
    </operation>

    <operation name="update" paramtype="object" remark="更新表:qmyz_ad_publish">
        UPDATE qmyz_ad_publish
        <set>
            <if test="sTitle !=null">
                S_TITLE         = #{sTitle,jdbcType=VARCHAR},
            </if>
            <if test="sPicUrl !=null">
                S_PIC_URL       = #{sPicUrl,jdbcType=VARCHAR},
            </if>
            <if test="sLinkObject !=null">
                S_LINK_OBJECT   = #{sLinkObject,jdbcType=VARCHAR},
            </if>
            <if test="nOrder !=null">
                N_ORDER         = #{nOrder,jdbcType=INTEGER},
            </if>
            <if test="nState !=null">
                N_STATE         = #{nState,jdbcType=INTEGER},
            </if>
            <if test="nAdType !=null">
                N_AD_TYPE       = #{nAdType,jdbcType=INTEGER},
            </if>
            <if test="nPublish !=null">
                N_PUBLISH       = #{nPublish,jdbcType=INTEGER},
            </if>
            <if test="nLinkType !=null">
                N_LINK_TYPE     = #{nLinkType,jdbcType=INTEGER},
            </if>
            <if test="dCreate !=null">
                D_CREATE        = #{dCreate,jdbcType=TIMESTAMP}
            </if>
        </set>
        WHERE
        N_ID            = #{nId,jdbcType=INTEGER}
    </operation>

    <operation name="updatePublish" paramtype="object" remark="更新表:qmyz_ad_publish">
        <![CDATA[
        UPDATE qmyz_ad_publish
        SET
            N_PUBLISH         = #{nPublish,jdbcType=INTEGER}
        WHERE
            N_ID            = #{nId,jdbcType=INTEGER}
        ]]>
    </operation>

    <operation name="updateOrderByAdType" paramtype="object" remark="更新表:qmyz_ad_publish">
        UPDATE qmyz_ad_publish
        SET
              N_ORDER         = N_ORDER + 1
        WHERE
           N_AD_TYPE       = #{nAdType,jdbcType=INTEGER}
        <if test="nOrder !=null">
            and N_ORDER    &gt;  1
        </if>
    </operation>


    <resultmap name="adPublishManagerMap" type="ResMapAdPublishManagerVO">
        <column name="n_ad_type" javatype="java.lang.Long" jdbctype="BIGINT"  remark="类型"/>
        <column name="n_num" javatype="java.lang.Long" jdbctype="BIGINT"  remark="数量"/>
    </resultmap>


    <operation name="getAdPublishManager" multiplicity="many"  resultmap="adPublishManagerMap"
               remark="根据主键获取数据:qmyz_ad_publish">
        select t.n_ad_type,
        count(*) n_num
        from qmyz_ad_publish t
        where t.n_state = 1
        and t.n_publish = 1
        group by t.n_ad_type
    </operation>
</table>
