<!DOCTYPE table SYSTEM "../config/table-config-1.0.dtd">
<table sqlname="qmyz_user_balance_log" physicalName="qmyz_user_balance_log" remark="用户余额记录表">
    <!--  特殊字符说明 &lt;&gt; <> -->
    <!-- baseSql option中 select * 会自动替换为 include -->
    <sql id="Base_Column_List">
        N_ID,N_USER_ID,S_STATE,S_CATTLE_CODE,N_TYPE 
        ,N_ORDER_ID,D_TIME,N_USE_BALANCE,N_ACCOUNT_BALANCE
    </sql>

    <!-- baseSql option中 select sf.* 会自动替换为 include -->
    <sql id="Base_SF_Column_List">
        sf.N_ID,sf.N_USER_ID,sf.S_STATE,sf.S_CATTLE_CODE,sf.N_TYPE
        ,sf.N_ORDER_ID,sf.D_TIME,sf.N_USE_BALANCE,sf.N_ACCOUNT_BALANCE
    </sql>

    <operation name="insert" paramtype="object" remark="插入表:qmyz_user_balance_log">
        <selectKey resultType="java.lang.Long" keyProperty="nId" order="BEFORE">
            SELECT nextval_safe('qmyz_user_balance_log_seq') as nId  from dual
        </selectKey>
        INSERT INTO qmyz_user_balance_log
        <trim prefix="(" suffix=")" suffixOverrides=",">
        <if test="nId !=null">
            N_ID ,
        </if>
        <if test="nUserId !=null">
            N_USER_ID ,
        </if>
        <if test="sState !=null">
            S_STATE ,
        </if>
        <if test="sCattleCode !=null">
            S_CATTLE_CODE ,
        </if>
        <if test="nType !=null">
            N_TYPE ,
        </if>
        <if test="nOrderId !=null">
            N_ORDER_ID ,
        </if>
        <if test="dTime !=null">
            D_TIME ,
        </if>
        <if test="nUseBalance !=null">
            N_USE_BALANCE ,
        </if>
        <if test="nAccountBalance !=null">
            N_ACCOUNT_BALANCE 
        </if>
        </trim>
        <trim prefix="values (" suffix=")" suffixOverrides=",">
          <if test="nId !=null">
              #{nId,jdbcType=BIGINT}  ,
          </if>
          <if test="nUserId !=null">
              #{nUserId,jdbcType=BIGINT}  ,
          </if>
          <if test="sState !=null">
              #{sState,jdbcType=VARCHAR}  ,
          </if>
          <if test="sCattleCode !=null">
              #{sCattleCode,jdbcType=VARCHAR}  ,
          </if>
          <if test="nType !=null">
              #{nType,jdbcType=INTEGER}  ,
          </if>
          <if test="nOrderId !=null">
              #{nOrderId,jdbcType=INTEGER}  ,
          </if>
          <if test="dTime !=null">
              #{dTime,jdbcType=TIMESTAMP}  ,
          </if>
          <if test="nUseBalance !=null">
              #{nUseBalance,jdbcType=DECIMAL}  ,
          </if>
          <if test="nAccountBalance !=null">
              #{nAccountBalance,jdbcType=DECIMAL}  
          </if>
        </trim>
    </operation>

    <!-- foreach 可以自定义类型，paramtype="primitive" foreach->javatype="自己书写的类"  -->
    <!-- 只有一个参数且为List时必须将参数命名为list -->
    <operation name="insertBatch" paramtype="objectList" remark="批量插入表:qmyz_user_balance_log">
        INSERT INTO qmyz_user_balance_log(
            N_ID
            ,N_USER_ID
            ,S_STATE
            ,S_CATTLE_CODE
            ,N_TYPE
            ,N_ORDER_ID
            ,D_TIME
            ,N_USE_BALANCE
            ,N_ACCOUNT_BALANCE
        )VALUES
        <foreach collection="list"  item="item" separator=",">
            (
                 #{item.nId,jdbcType=BIGINT}
                , #{item.nUserId,jdbcType=BIGINT}
                , #{item.sState,jdbcType=VARCHAR}
                , #{item.sCattleCode,jdbcType=VARCHAR}
                , #{item.nType,jdbcType=INTEGER}
                , #{item.nOrderId,jdbcType=INTEGER}
                , #{item.dTime,jdbcType=TIMESTAMP}
                , #{item.nUseBalance,jdbcType=DECIMAL}
                , #{item.nAccountBalance,jdbcType=DECIMAL}
            )
        </foreach>
    </operation>

    <!-- 不推荐使用全 update 有需要自己打开
    <operation name="update" paramtype="object" remark="更新表:qmyz_user_balance_log">
        UPDATE qmyz_user_balance_log
        <set>
               <if test="nUserId !=null">
                    N_USER_ID       = #{nUserId,jdbcType=BIGINT},
              </if>
               <if test="sState !=null">
                    S_STATE         = #{sState,jdbcType=VARCHAR},
              </if>
               <if test="sCattleCode !=null">
                    S_CATTLE_CODE   = #{sCattleCode,jdbcType=VARCHAR},
              </if>
               <if test="nType !=null">
                    N_TYPE          = #{nType,jdbcType=INTEGER},
              </if>
               <if test="nOrderId !=null">
                    N_ORDER_ID      = #{nOrderId,jdbcType=INTEGER},
              </if>
               <if test="dTime !=null">
                    D_TIME          = #{dTime,jdbcType=TIMESTAMP},
              </if>
               <if test="nUseBalance !=null">
                    N_USE_BALANCE   = #{nUseBalance,jdbcType=DECIMAL},
              </if>
               <if test="nAccountBalance !=null">
                    N_ACCOUNT_BALANCE = #{nAccountBalance,jdbcType=DECIMAL}
              </if>
        </set>
        WHERE
            N_ID            = #{nId,jdbcType=BIGINT}
    </operation>
    -->
    <operation name="deleteByNId"  remark="根据主键删除数据:qmyz_user_balance_log">
        <![CDATA[
        DELETE FROM qmyz_user_balance_log
        WHERE
            N_ID = #{nId,jdbcType=BIGINT}
        ]]>
    </operation>

    <operation name="getByNId" multiplicity="one" remark="根据主键获取数据:qmyz_user_balance_log">
        SELECT *
        FROM qmyz_user_balance_log
        WHERE
        <![CDATA[
            N_ID = #{nId,jdbcType=BIGINT}
        ]]>
    </operation>

    <!-- 根据普通索引查询数据 -->
    <operation name="queryByQmyzUserBalanceLog1" multiplicity="many" remark="根据普通索引QmyzUserBalanceLog1获取数据:qmyz_user_balance_log">
        SELECT *
        FROM qmyz_user_balance_log
        WHERE
        <![CDATA[
            N_USER_ID       = #{nUserId,jdbcType=BIGINT}
            AND N_TYPE          = #{nType,jdbcType=INTEGER}
            AND S_STATE         = #{sState,jdbcType=VARCHAR}
        ]]>
    </operation>
</table>
