<!DOCTYPE table SYSTEM "../config/table-config-1.0.dtd">
<table sqlname="qmyz_user_settle" physicalName="qmyz_user_settle" remark="用户认领结算表">
    <!--  特殊字符说明 &lt;&gt; <> -->
    <!-- baseSql option中 select * 会自动替换为 include -->
    <sql id="Base_Column_List">
        N_ID,N_USER_ID,S_CATTLE_CODE,D_SETTLE,N_INCOME
    </sql>

    <!-- baseSql option中 select sf.* 会自动替换为 include -->
    <sql id="Base_SF_Column_List">
        sf.N_ID,sf.N_USER_ID,sf.S_CATTLE_CODE,sf.D_SETTLE,sf.N_INCOME
    </sql>

    <operation name="insert" paramtype="object" remark="插入表:qmyz_user_settle">
        <selectKey resultType="java.lang.Long" keyProperty="nId" order="BEFORE">
            SELECT nextval_safe('qmyz_user_settle_seq') as nId  from dual
        </selectKey>
        INSERT INTO qmyz_user_settle
        <trim prefix="(" suffix=")" suffixOverrides=",">
        <if test="nId !=null">
            N_ID ,
        </if>
        <if test="nUserId !=null">
            N_USER_ID ,
        </if>
        <if test="sCattleCode !=null">
            S_CATTLE_CODE ,
        </if>
        <if test="dSettle !=null">
            D_SETTLE ,
        </if>
        <if test="nIncome !=null">
            N_INCOME 
        </if>
        </trim>
        <trim prefix="values (" suffix=")" suffixOverrides=",">
          <if test="nId !=null">
              #{nId,jdbcType=BIGINT}  ,
          </if>
          <if test="nUserId !=null">
              #{nUserId,jdbcType=BIGINT}  ,
          </if>
          <if test="sCattleCode !=null">
              #{sCattleCode,jdbcType=VARCHAR}  ,
          </if>
          <if test="dSettle !=null">
              #{dSettle,jdbcType=DATE}  ,
          </if>
          <if test="nIncome !=null">
              #{nIncome,jdbcType=DECIMAL}  
          </if>
        </trim>
    </operation>

    <!-- foreach 可以自定义类型，paramtype="primitive" foreach->javatype="自己书写的类"  -->
    <!-- 只有一个参数且为List时必须将参数命名为list -->
    <operation name="insertBatch" paramtype="objectList" remark="批量插入表:qmyz_user_settle">
        INSERT INTO qmyz_user_settle(
            N_ID
            ,N_USER_ID
            ,S_CATTLE_CODE
            ,D_SETTLE
            ,N_INCOME
        )VALUES
        <foreach collection="list"  item="item" separator=",">
            (
                 #{item.nId,jdbcType=BIGINT}
                , #{item.nUserId,jdbcType=BIGINT}
                , #{item.sCattleCode,jdbcType=VARCHAR}
                , #{item.dSettle,jdbcType=DATE}
                , #{item.nIncome,jdbcType=DECIMAL}
            )
        </foreach>
    </operation>

    <!-- 不推荐使用全 update 有需要自己打开
    <operation name="update" paramtype="object" remark="更新表:qmyz_user_settle">
        UPDATE qmyz_user_settle
        <set>
               <if test="nUserId !=null">
                    N_USER_ID       = #{nUserId,jdbcType=BIGINT},
              </if>
               <if test="sCattleCode !=null">
                    S_CATTLE_CODE   = #{sCattleCode,jdbcType=VARCHAR},
              </if>
               <if test="dSettle !=null">
                    D_SETTLE        = #{dSettle,jdbcType=DATE},
              </if>
               <if test="nIncome !=null">
                    N_INCOME        = #{nIncome,jdbcType=DECIMAL}
              </if>
        </set>
        WHERE
            N_ID            = #{nId,jdbcType=BIGINT}
    </operation>
    -->
    <operation name="deleteByNId"  remark="根据主键删除数据:qmyz_user_settle">
        <![CDATA[
        DELETE FROM qmyz_user_settle
        WHERE
            N_ID = #{nId,jdbcType=BIGINT}
        ]]>
    </operation>

    <operation name="getByNId" multiplicity="one" remark="根据主键获取数据:qmyz_user_settle">
        SELECT *
        FROM qmyz_user_settle
        WHERE
        <![CDATA[
            N_ID = #{nId,jdbcType=BIGINT}
        ]]>
    </operation>

</table>
