<!DOCTYPE table SYSTEM "../config/table-config-1.0.dtd">
<table sqlname="qmyz_goods" physicalName="qmyz_goods" remark="商品表">
    <!--  特殊字符说明 &lt;&gt; <> -->
    <!-- baseSql option中 select * 会自动替换为 include -->
    <sql id="Base_Column_List">
        S_PIC_URL,S_GOODS_NAME,S_THUMBNAIL_URL,S_SPECIFICATIONS,N_ID
        ,N_BUY,N_STATE,N_AMOUNT,N_PUBLISH,N_EVALUATE
        ,D_END,D_CREATE,D_LAST_UPDATE,N_POST_PRICE,N_GOODS_PRICE
    </sql>

    <!-- baseSql option中 select sf.* 会自动替换为 include -->
    <sql id="Base_SF_Column_List">
        sf.S_PIC_URL,sf.S_GOODS_NAME,sf.S_THUMBNAIL_URL,sf.S_SPECIFICATIONS,sf.N_ID
        ,sf.N_BUY,sf.N_STATE,sf.N_AMOUNT,sf.N_PUBLISH,sf.N_EVALUATE
        ,sf.D_END,sf.D_CREATE,sf.D_LAST_UPDATE,sf.N_POST_PRICE,sf.N_GOODS_PRICE
    </sql>

    <operation name="insert" paramtype="object" remark="插入表:qmyz_goods">
        <!--<selectKey resultType="java.lang.Long" keyProperty="nId" order="BEFORE">-->
        <!--SELECT nextval_safe('qmyz_goods_seq') as nId  from dual-->
        <!--</selectKey>-->
        INSERT INTO qmyz_goods
        <trim prefix="(" suffix=")" suffixOverrides=",">
            <if test="sPicUrl !=null">
                S_PIC_URL ,
            </if>
            <if test="sGoodsName !=null">
                S_GOODS_NAME ,
            </if>
            <if test="sThumbnailUrl !=null">
                S_THUMBNAIL_URL ,
            </if>
            <if test="sSpecifications !=null">
                S_SPECIFICATIONS ,
            </if>
            <if test="nId !=null">
                N_ID ,
            </if>
            <if test="nBuy !=null">
                N_BUY ,
            </if>
            <if test="nState !=null">
                N_STATE ,
            </if>
            <if test="nAmount !=null">
                N_AMOUNT ,
            </if>
            <if test="nPublish !=null">
                N_PUBLISH ,
            </if>
            <if test="nEvaluate !=null">
                N_EVALUATE ,
            </if>
            <if test="dEnd !=null">
                D_END ,
            </if>
            <if test="dCreate !=null">
                D_CREATE ,
            </if>
            <if test="dLastUpdate !=null">
                D_LAST_UPDATE ,
            </if>
            <if test="nPostPrice !=null">
                N_POST_PRICE ,
            </if>
            <if test="nGoodsPrice !=null">
                N_GOODS_PRICE
            </if>
        </trim>
        <trim prefix="values (" suffix=")" suffixOverrides=",">
            <if test="sPicUrl !=null">
                #{sPicUrl,jdbcType=VARCHAR} ,
            </if>
            <if test="sGoodsName !=null">
                #{sGoodsName,jdbcType=VARCHAR} ,
            </if>
            <if test="sThumbnailUrl !=null">
                #{sThumbnailUrl,jdbcType=VARCHAR} ,
            </if>
            <if test="sSpecifications !=null">
                #{sSpecifications,jdbcType=VARCHAR} ,
            </if>
            <if test="nId !=null">
                #{nId,jdbcType=INTEGER} ,
            </if>
            <if test="nBuy !=null">
                #{nBuy,jdbcType=INTEGER} ,
            </if>
            <if test="nState !=null">
                #{nState,jdbcType=INTEGER} ,
            </if>
            <if test="nAmount !=null">
                #{nAmount,jdbcType=INTEGER} ,
            </if>
            <if test="nPublish !=null">
                #{nPublish,jdbcType=INTEGER} ,
            </if>
            <if test="nEvaluate !=null">
                #{nEvaluate,jdbcType=INTEGER} ,
            </if>
            <if test="dEnd !=null">
                #{dEnd,jdbcType=TIMESTAMP} ,
            </if>
            <if test="dCreate !=null">
                #{dCreate,jdbcType=TIMESTAMP} ,
            </if>
            <if test="dLastUpdate !=null">
                #{dLastUpdate,jdbcType=TIMESTAMP} ,
            </if>
            <if test="nPostPrice !=null">
                #{nPostPrice,jdbcType=DECIMAL} ,
            </if>
            <if test="nGoodsPrice !=null">
                #{nGoodsPrice,jdbcType=DECIMAL}
            </if>
        </trim>
    </operation>

    <!-- foreach 可以自定义类型，paramtype="primitive" foreach->javatype="自己书写的类"  -->
    <!-- 只有一个参数且为List时必须将参数命名为list -->
    <operation name="insertBatch" paramtype="objectList" remark="批量插入表:qmyz_goods">
        INSERT INTO qmyz_goods(
        S_PIC_URL
        ,S_GOODS_NAME
        ,S_THUMBNAIL_URL
        ,S_SPECIFICATIONS
        ,N_ID
        ,N_BUY
        ,N_STATE
        ,N_AMOUNT
        ,N_PUBLISH
        ,N_EVALUATE
        ,D_END
        ,D_CREATE
        ,D_LAST_UPDATE
        ,N_POST_PRICE
        ,N_GOODS_PRICE
        )VALUES
        <foreach collection="list" item="item" separator=",">
            (
            #{item.sPicUrl,jdbcType=VARCHAR}
            , #{item.sGoodsName,jdbcType=VARCHAR}
            , #{item.sThumbnailUrl,jdbcType=VARCHAR}
            , #{item.sSpecifications,jdbcType=VARCHAR}
            , #{item.nId,jdbcType=INTEGER}
            , #{item.nBuy,jdbcType=INTEGER}
            , #{item.nState,jdbcType=INTEGER}
            , #{item.nAmount,jdbcType=INTEGER}
            , #{item.nPublish,jdbcType=INTEGER}
            , #{item.nEvaluate,jdbcType=INTEGER}
            , #{item.dEnd,jdbcType=TIMESTAMP}
            , #{item.dCreate,jdbcType=TIMESTAMP}
            , #{item.dLastUpdate,jdbcType=TIMESTAMP}
            , #{item.nPostPrice,jdbcType=DECIMAL}
            , #{item.nGoodsPrice,jdbcType=DECIMAL}
            )
        </foreach>
    </operation>

    <!-- 不推荐使用全 update 有需要自己打开
    <operation name="update" paramtype="object" remark="更新表:qmyz_goods">
        UPDATE qmyz_goods
        <set>
               <if test="sPicUrl !=null">
                    S_PIC_URL       = #{sPicUrl,jdbcType=VARCHAR},
              </if>
               <if test="sGoodsName !=null">
                    S_GOODS_NAME    = #{sGoodsName,jdbcType=VARCHAR},
              </if>
               <if test="sThumbnailUrl !=null">
                    S_THUMBNAIL_URL = #{sThumbnailUrl,jdbcType=VARCHAR},
              </if>
               <if test="sSpecifications !=null">
                    S_SPECIFICATIONS = #{sSpecifications,jdbcType=VARCHAR},
              </if>
               <if test="nBuy !=null">
                    N_BUY           = #{nBuy,jdbcType=INTEGER},
              </if>
               <if test="nState !=null">
                    N_STATE         = #{nState,jdbcType=INTEGER},
              </if>
               <if test="nAmount !=null">
                    N_AMOUNT        = #{nAmount,jdbcType=INTEGER},
              </if>
               <if test="nPublish !=null">
                    N_PUBLISH       = #{nPublish,jdbcType=INTEGER},
              </if>
               <if test="nEvaluate !=null">
                    N_EVALUATE      = #{nEvaluate,jdbcType=INTEGER},
              </if>
               <if test="dEnd !=null">
                    D_END           = #{dEnd,jdbcType=TIMESTAMP},
              </if>
               <if test="dCreate !=null">
                    D_CREATE        = #{dCreate,jdbcType=TIMESTAMP},
              </if>
               <if test="dLastUpdate !=null">
                    D_LAST_UPDATE   = #{dLastUpdate,jdbcType=TIMESTAMP},
              </if>
               <if test="nPostPrice !=null">
                    N_POST_PRICE    = #{nPostPrice,jdbcType=DECIMAL},
              </if>
               <if test="nGoodsPrice !=null">
                    N_GOODS_PRICE   = #{nGoodsPrice,jdbcType=DECIMAL}
              </if>
        </set>
        WHERE
            N_ID            = #{nId,jdbcType=INTEGER}
    </operation>
    -->
    <operation name="deleteByNId" remark="根据主键删除数据:qmyz_goods">
        <![CDATA[
        DELETE FROM qmyz_goods
        WHERE
            N_ID = #{nId,jdbcType=INTEGER}
        ]]>
    </operation>

    <operation name="getByNId" multiplicity="one" remark="根据主键获取数据:qmyz_goods">
        SELECT *
        FROM qmyz_goods
        WHERE
        <![CDATA[
            N_ID = #{nId,jdbcType=INTEGER}
        ]]>
    </operation>


    <resultmap name="goodsOrderMap" type="ResMapGoodsOrderVO">
        <column name="n_id" javatype="Long" jdbctype="INT" remark="自增ID"/>
        <column name="s_order_id" javatype="String" jdbctype="VARCHAR" remark="订单编号"/>
        <column name="n_user_id" javatype="Long" jdbctype="INT" remark="用户编号"/>
        <column name="d_create" javatype="java.util.Date" jdbctype="DATE" remark="时间"/>
        <column name="s_goods_name" javatype="String" jdbctype="VARCHAR" remark="产品名称"/>
        <column name="n_num" javatype="String" jdbctype="VARCHAR" remark="数量"/>
        <column name="d_pay_time" javatype="java.util.Date" jdbctype="DATE" remark="时间"/>
        <column name="s_state" javatype="String" jdbctype="VARCHAR" remark="状态0 未发送 1 已发送"/>
    </resultmap>

    <operation name="getList" multiplicity="paging" paging="goods" paramtype="primitive" resultmap="goodsOrderMap"
               remark="根据主键获取数据:qmyz_goods">
        select n_id, s_order_id, n_user_id, d_create, s_goods_name, n_num,d_pay_time,s_state
        from (
        select t.n_id,
        t.s_order_id,
        t.n_user_id,
        t.d_create,
        min(w.s_goods_name) s_goods_name,
        sum(v.n_num) n_num,
        t.d_pay_time,
        u.s_state
        from qmyz_order t,
        qmyz_order_send u,
        qmyz_order_goods v,
        qmyz_goods w
        where t.n_type = 2
        and t.s_state = '1'
        and t.n_id = u.n_order_id
        and t.n_id = v.n_order_id
        and v.n_type = 2
        <if test="sState !=null">
            and u.s_state = #{sState,jdbcType=VARCHAR}
        </if>
        <if test="dBeginDate !=null">
            and t.d_create &gt;= #{dBeginDate,jdbcType=TIMESTAMP}
        </if>
        <if test="dEndDate !=null">
            and t.d_create &lt;= #{dEndDate,jdbcType=TIMESTAMP}
        </if>
        and v.s_goods_id = concat(w.n_id,'')
        group by t.n_id,
        t.s_order_id,
        t.n_user_id,
        t.d_create,
        t.d_pay_time,
        u.s_state ) b
        order by n_id desc
    </operation>


    <resultmap name="aquaOrderMap" type="ResAquacultureOrderMapVO">
        <column name="n_id" javatype="String" jdbctype="VARCHAR" remark="自增ID"/>
        <column name="s_order_id" javatype="String" jdbctype="VARCHAR" remark="订单编号"/>
        <column name="n_user_id" javatype="Long" jdbctype="INT" remark="用户编号"/>
        <column name="d_create" javatype="java.util.Date" jdbctype="DATE" remark="时间"/>
        <column name="s_product_name" javatype="String" jdbctype="VARCHAR" remark="产品名称"/>
        <column name="n_num" javatype="Long" jdbctype="INT" remark="数量"/>
        <column name="d_pay_time" javatype="java.util.Date" jdbctype="DATE" remark="时间"/>
        <column name="s_state" javatype="String" jdbctype="VARCHAR" remark="状态0 未发送 1 已发送"/>
        <column name="n_pay_type" javatype="Long" jdbctype="INT" remark="类型"/>
        <column name="s_contract_choice" javatype="String" jdbctype="VARCHAR" remark="1 电子合同 2 纸质合同"/>
        <column name="s_contract_state" javatype="String" jdbctype="VARCHAR" remark="状态"/>
        <column name="s_name" javatype="String" jdbctype="VARCHAR" remark="名字"/>
        <column name="n_total" javatype="java.math.BigDecimal" jdbctype="DECIMAL" remark="总计"/>
        <column name="n_payment" javatype="java.math.BigDecimal" jdbctype="DECIMAL" remark="钱"/>
        <column name="s_phone" javatype="String" jdbctype="VARCHAR" remark="手机"/>
        <column name="s_recommend" javatype="String" jdbctype="VARCHAR" remark="推荐人"/>
    </resultmap>

    <operation name="getAquaList" multiplicity="paging" paging="aquaOrders"
               paramtype="primitive" resultmap="aquaOrderMap" remark="根据主键获取数据:qmyz_goods">
        select
        a.n_id,a.s_order_id,a.n_user_id,a.d_create,a.s_product_name,a.n_num,a.d_pay_time,a.s_state,
        substring_index(group_concat(a.n_pay_type  order by a.d_pay_create desc), ',', 1)
        n_pay_type,a.s_contract_choice,a.s_contract_state,a.s_name,a.n_total,a.n_payment,a.s_phone,a.s_recommend from
        (select
        t.n_id,t.s_order_id,t.n_user_id,t.d_create,v.s_product_name,u.n_num,t.d_pay_time,t.s_state,t.s_contract_choice,(select
        b.s_state from qmyz_contract_send b where b.n_order_id = t.n_id) s_contract_state,w.n_pay_type,w.d_create as
        d_pay_create,(select c.s_name from qmyz_user_info c where c.n_user_id = t.n_user_id)
        s_name,t.n_total,t.n_payment,(select qui.s_phone from qmyz_user_info qui where qui.n_user_id = t.n_user_id)
        s_phone,t.s_recommend from qmyz_order t left join qmyz_order_goods u on t.n_id = u.n_order_id left join
        qmyz_aquaculture_product v on u.s_goods_id = concat(v.n_id,'') left join qmyz_order_payment w on t.n_id=
        w.n_order_id where t.n_type = 1
        <if test="sState !=null">
            and t.s_state = #{sState,jdbcType=VARCHAR}
        </if>
        and t.s_state &lt;&gt; 9 and u.n_type = 1)
        a group by
        a.n_id,a.s_order_id,a.n_user_id,a.d_create,a.s_product_name,a.n_num,a.d_pay_time,a.s_state,
        a.s_contract_choice,a.s_contract_state,a.s_name,a.n_total,a.n_payment,a.s_phone,a.s_recommend
        having 1=1
        <if test="nPayType !=null">
            and substring_index(group_concat(a.n_pay_type order by a.d_pay_create desc), ',', 1) =
            #{nPayType,jdbcType=INTEGER}
        </if>
        <if test="sContractChoice !=null">
            and s_contract_choice = #{sContractChoice,jdbcType=VARCHAR}
        </if>
        <if test="sContractState !=null">
            and s_contract_state = #{sContractState,jdbcType=VARCHAR}
        </if>
        order by a.n_id desc

    </operation>

    <resultmap name="sendInfoMap" type="ResMapSendInfoVO">
        <column name="s_goods_name" javatype="String" jdbctype="VARCHAR" remark="商品名称"/>
        <column name="s_specifications" javatype="String" jdbctype="VARCHAR" remark="规格"/>
        <column name="n_goods_price" javatype="java.math.BigDecimal" jdbctype="DECIMAL" remark="产品单价"/>
        <column name="n_post_price" javatype="java.math.BigDecimal" jdbctype="DECIMAL" remark="邮费"/>
        <column name="n_num" javatype="Long" jdbctype="BIGINT" remark="数量"/>
        <column name="n_total" javatype="java.math.BigDecimal" jdbctype="DECIMAL" remark="总计"/>
        <column name="s_name" javatype="String" jdbctype="VARCHAR" remark="姓名"/>
        <column name="s_phone" javatype="String" jdbctype="VARCHAR" remark="电话"/>
        <column name="s_address" javatype="String" jdbctype="VARCHAR" remark="地址"/>
        <column name="s_leave_message" javatype="String" jdbctype="VARCHAR" remark="留言"/>
        <column name="s_thumbnail_url" javatype="String" jdbctype="VARCHAR" remark="缩略图"/>
        <column name="n_post" javatype="java.math.BigDecimal" jdbctype="DECIMAL" remark="邮费"/>
    </resultmap>

    <operation name="getSendInfoList" multiplicity="many"
               paramtype="primitive" resultmap="sendInfoMap" remark="根据主键获取数据:qmyz_goods">
        select w.s_goods_name,
        w.s_specifications,
        w.n_goods_price,
        w.n_post_price,
        v.n_num,
        w.s_thumbnail_url,
        t.n_total,
        t.n_post,
        u.s_name,
        u.s_phone,
        u.s_address,
        t.s_leave_message
        from qmyz_order t,
        qmyz_order_send u,
        qmyz_order_goods v,
        qmyz_goods w
        where t.n_id = #{nId,jdbcType=INTEGER}
        and t.n_type = 2
        and t.s_state = '1'
        and t.n_id = u.n_order_id
        and u.s_state = '0'
        and t.n_id = v.n_order_id
        and v.n_type = 2
        and v.s_goods_id = concat(w.n_id,'')
    </operation>

    <operation name="getGoodsList" multiplicity="paging" paging="goodsList"
               paramtype="primitive" remark="根据主键获取数据:qmyz_goods">
        SELECT *
        FROM qmyz_goods
        WHERE n_state = 1
        <if test="nPublish !=null">
            and N_PUBLISH = #{nPublish,jdbcType=INTEGER}
        </if>
    </operation>

    <operation name="update" paramtype="object" remark="更新表:qmyz_goods">
        UPDATE qmyz_goods
        <set>
            <if test="sPicUrl !=null">
                S_PIC_URL = #{sPicUrl,jdbcType=VARCHAR},
            </if>
            <if test="sGoodsName !=null">
                S_GOODS_NAME = #{sGoodsName,jdbcType=VARCHAR},
            </if>
            <if test="sThumbnailUrl !=null">
                S_THUMBNAIL_URL = #{sThumbnailUrl,jdbcType=VARCHAR},
            </if>
            <if test="sSpecifications !=null">
                S_SPECIFICATIONS = #{sSpecifications,jdbcType=VARCHAR},
            </if>
            <if test="nBuy !=null">
                N_BUY = #{nBuy,jdbcType=INTEGER},
            </if>
            <if test="nState !=null">
                N_STATE = #{nState,jdbcType=INTEGER},
            </if>
            <if test="nAmount !=null">
                N_AMOUNT = #{nAmount,jdbcType=INTEGER},
            </if>
            <if test="nPublish !=null">
                N_PUBLISH = #{nPublish,jdbcType=INTEGER},
            </if>
            <if test="nEvaluate !=null">
                N_EVALUATE = #{nEvaluate,jdbcType=INTEGER},
            </if>
            <if test="dEnd !=null">
                D_END = #{dEnd,jdbcType=TIMESTAMP},
            </if>
            <if test="dCreate !=null">
                D_CREATE = #{dCreate,jdbcType=TIMESTAMP},
            </if>
            <if test="dLastUpdate !=null">
                D_LAST_UPDATE = #{dLastUpdate,jdbcType=TIMESTAMP},
            </if>
            <if test="nPostPrice !=null">
                N_POST_PRICE = #{nPostPrice,jdbcType=DECIMAL},
            </if>
            <if test="nGoodsPrice !=null">
                N_GOODS_PRICE = #{nGoodsPrice,jdbcType=DECIMAL}
            </if>
        </set>
        WHERE
        N_ID = #{nId,jdbcType=INTEGER}
    </operation>

    <operation name="getHotGoods" multiplicity="many" paramtype="primitive"
               remark="根据主键获取数据:qmyz_goods">
        select *
        from (select t.n_id,
        t.s_goods_name,
        t.s_specifications,
        t.n_buy
        from qmyz_goods t
        where t.n_state = 1
        and t.n_publish = 1
        order by t.n_buy desc) u
        limit 4
    </operation>

    <operation name="getUnsalableGoods" multiplicity="many" paramtype="primitive"
               remark="根据主键获取数据:qmyz_goods">
        select *
        from (select t.n_id,
        t.s_goods_name,
        t.s_specifications,
        t.n_buy
        from qmyz_goods t
        where t.n_state = 1
        and t.n_publish = 1
        order by t.n_buy) u
        limit 4
    </operation>

    <operation name="getSeq" resulttype="java.lang.Integer">
        SELECT nextval_safe('qmyz_goods_seq')
    </operation>
</table>
