<!DOCTYPE table SYSTEM "../config/table-config-1.0.dtd">
<table sqlname="qmyz_order" physicalName="qmyz_order" remark="订单信息表">
    <!--  特殊字符说明 &lt;&gt; <> -->
    <!-- baseSql option中 select * 会自动替换为 include -->
    <sql id="Base_Column_List">
        N_ID,N_USER_ID,S_STATE,S_ORDER_ID,S_EVALUATE 
        ,S_CONTRACT_PIC,S_LEAVE_MESSAGE,S_CONTRACT_CHOICE,N_TYPE,D_CREATE 
        ,D_PAY_TIME,D_LAST_UPDATE,N_POST,N_TOTAL,N_PAYMENT
    </sql>

    <!-- baseSql option中 select sf.* 会自动替换为 include -->
    <sql id="Base_SF_Column_List">
        sf.N_ID,sf.N_USER_ID,sf.S_STATE,sf.S_ORDER_ID,sf.S_EVALUATE
        ,sf.S_CONTRACT_PIC,sf.S_LEAVE_MESSAGE,sf.S_CONTRACT_CHOICE,sf.N_TYPE,sf.D_CREATE
        ,sf.D_PAY_TIME,sf.D_LAST_UPDATE,sf.N_POST,sf.N_TOTAL,sf.N_PAYMENT
    </sql>

    <operation name="insert" paramtype="object" remark="插入表:qmyz_order">
        <selectKey resultType="java.lang.Long" keyProperty="id" order="AFTER">
            SELECT
            LAST_INSERT_ID()
        </selectKey>
        INSERT INTO qmyz_order
        <trim prefix="(" suffix=")" suffixOverrides=",">
        <if test="nId !=null">
            N_ID ,
        </if>
        <if test="nUserId !=null">
            N_USER_ID ,
        </if>
        <if test="sState !=null">
            S_STATE ,
        </if>
        <if test="sOrderId !=null">
            S_ORDER_ID ,
        </if>
        <if test="sEvaluate !=null">
            S_EVALUATE ,
        </if>
        <if test="sContractPic !=null">
            S_CONTRACT_PIC ,
        </if>
        <if test="sLeaveMessage !=null">
            S_LEAVE_MESSAGE ,
        </if>
        <if test="sContractChoice !=null">
            S_CONTRACT_CHOICE ,
        </if>
        <if test="nType !=null">
            N_TYPE ,
        </if>
        <if test="dCreate !=null">
            D_CREATE ,
        </if>
        <if test="dPayTime !=null">
            D_PAY_TIME ,
        </if>
        <if test="dLastUpdate !=null">
            D_LAST_UPDATE ,
        </if>
        <if test="nPost !=null">
            N_POST ,
        </if>
        <if test="nTotal !=null">
            N_TOTAL ,
        </if>
        <if test="nPayment !=null">
            N_PAYMENT 
        </if>
        </trim>
        <trim prefix="values (" suffix=")" suffixOverrides=",">
          <if test="nId !=null">
              #{nId,jdbcType=BIGINT}  ,
          </if>
          <if test="nUserId !=null">
              #{nUserId,jdbcType=BIGINT}  ,
          </if>
          <if test="sState !=null">
              #{sState,jdbcType=VARCHAR}  ,
          </if>
          <if test="sOrderId !=null">
              #{sOrderId,jdbcType=VARCHAR}  ,
          </if>
          <if test="sEvaluate !=null">
              #{sEvaluate,jdbcType=VARCHAR}  ,
          </if>
          <if test="sContractPic !=null">
              #{sContractPic,jdbcType=VARCHAR}  ,
          </if>
          <if test="sLeaveMessage !=null">
              #{sLeaveMessage,jdbcType=VARCHAR}  ,
          </if>
          <if test="sContractChoice !=null">
              #{sContractChoice,jdbcType=VARCHAR}  ,
          </if>
          <if test="nType !=null">
              #{nType,jdbcType=INTEGER}  ,
          </if>
          <if test="dCreate !=null">
              #{dCreate,jdbcType=TIMESTAMP}  ,
          </if>
          <if test="dPayTime !=null">
              #{dPayTime,jdbcType=TIMESTAMP}  ,
          </if>
          <if test="dLastUpdate !=null">
              #{dLastUpdate,jdbcType=TIMESTAMP}  ,
          </if>
          <if test="nPost !=null">
              #{nPost,jdbcType=DECIMAL}  ,
          </if>
          <if test="nTotal !=null">
              #{nTotal,jdbcType=DECIMAL}  ,
          </if>
          <if test="nPayment !=null">
              #{nPayment,jdbcType=DECIMAL}  
          </if>
        </trim>
    </operation>

    <!-- foreach 可以自定义类型，paramtype="primitive" foreach->javatype="自己书写的类"  -->
    <!-- 只有一个参数且为List时必须将参数命名为list -->
    <operation name="insertBatch" paramtype="objectList" remark="批量插入表:qmyz_order">
        INSERT INTO qmyz_order(
            N_ID
            ,N_USER_ID
            ,S_STATE
            ,S_ORDER_ID
            ,S_EVALUATE
            ,S_CONTRACT_PIC
            ,S_LEAVE_MESSAGE
            ,S_CONTRACT_CHOICE
            ,N_TYPE
            ,D_CREATE
            ,D_PAY_TIME
            ,D_LAST_UPDATE
            ,N_POST
            ,N_TOTAL
            ,N_PAYMENT
        )VALUES
        <foreach collection="list"  item="item" separator=",">
            (
                 #{item.nId,jdbcType=BIGINT}
                , #{item.nUserId,jdbcType=BIGINT}
                , #{item.sState,jdbcType=VARCHAR}
                , #{item.sOrderId,jdbcType=VARCHAR}
                , #{item.sEvaluate,jdbcType=VARCHAR}
                , #{item.sContractPic,jdbcType=VARCHAR}
                , #{item.sLeaveMessage,jdbcType=VARCHAR}
                , #{item.sContractChoice,jdbcType=VARCHAR}
                , #{item.nType,jdbcType=INTEGER}
                , #{item.dCreate,jdbcType=TIMESTAMP}
                , #{item.dPayTime,jdbcType=TIMESTAMP}
                , #{item.dLastUpdate,jdbcType=TIMESTAMP}
                , #{item.nPost,jdbcType=DECIMAL}
                , #{item.nTotal,jdbcType=DECIMAL}
                , #{item.nPayment,jdbcType=DECIMAL}
            )
        </foreach>
    </operation>

    <!-- 不推荐使用全 update 有需要自己打开
    <operation name="update" paramtype="object" remark="更新表:qmyz_order">
        UPDATE qmyz_order
        <set>
               <if test="nUserId !=null">
                    N_USER_ID       = #{nUserId,jdbcType=BIGINT},
              </if>
               <if test="sState !=null">
                    S_STATE         = #{sState,jdbcType=VARCHAR},
              </if>
               <if test="sOrderId !=null">
                    S_ORDER_ID      = #{sOrderId,jdbcType=VARCHAR},
              </if>
               <if test="sEvaluate !=null">
                    S_EVALUATE      = #{sEvaluate,jdbcType=VARCHAR},
              </if>
               <if test="sContractPic !=null">
                    S_CONTRACT_PIC  = #{sContractPic,jdbcType=VARCHAR},
              </if>
               <if test="sLeaveMessage !=null">
                    S_LEAVE_MESSAGE = #{sLeaveMessage,jdbcType=VARCHAR},
              </if>
               <if test="sContractChoice !=null">
                    S_CONTRACT_CHOICE = #{sContractChoice,jdbcType=VARCHAR},
              </if>
               <if test="nType !=null">
                    N_TYPE          = #{nType,jdbcType=INTEGER},
              </if>
               <if test="dCreate !=null">
                    D_CREATE        = #{dCreate,jdbcType=TIMESTAMP},
              </if>
               <if test="dPayTime !=null">
                    D_PAY_TIME      = #{dPayTime,jdbcType=TIMESTAMP},
              </if>
               <if test="dLastUpdate !=null">
                    D_LAST_UPDATE   = #{dLastUpdate,jdbcType=TIMESTAMP},
              </if>
               <if test="nPost !=null">
                    N_POST          = #{nPost,jdbcType=DECIMAL},
              </if>
               <if test="nTotal !=null">
                    N_TOTAL         = #{nTotal,jdbcType=DECIMAL},
              </if>
               <if test="nPayment !=null">
                    N_PAYMENT       = #{nPayment,jdbcType=DECIMAL}
              </if>
        </set>
        WHERE
            N_ID            = #{nId,jdbcType=BIGINT}
    </operation>
    -->
    <operation name="deleteByNId"  remark="根据主键删除数据:qmyz_order">
        <![CDATA[
        DELETE FROM qmyz_order
        WHERE
            N_ID = #{nId,jdbcType=BIGINT}
        ]]>
    </operation>

    <operation name="getByNId" multiplicity="one" remark="根据主键获取数据:qmyz_order">
        SELECT *
        FROM qmyz_order
        WHERE
        <![CDATA[
            N_ID = #{nId,jdbcType=BIGINT}
        ]]>
    </operation>

    <!-- 根据普通索引查询数据 -->
    <operation name="queryByQmyzOrder1" multiplicity="many" remark="根据普通索引QmyzOrder1获取数据:qmyz_order">
        SELECT *
        FROM qmyz_order
        WHERE
        <![CDATA[
            N_USER_ID       = #{nUserId,jdbcType=BIGINT}
            AND S_STATE         = #{sState,jdbcType=VARCHAR}
            AND S_EVALUATE      = #{sEvaluate,jdbcType=VARCHAR}
            AND S_CONTRACT_CHOICE = #{sContractChoice,jdbcType=VARCHAR}
        ]]>
    </operation>




    <resultmap name="rebateMap" type="ResMapRebateVO">
        <column name="s_nickname" javatype="String" jdbctype="VARCHAR" remark="昵称"/>
        <column name="s_name" javatype="String" jdbctype="VARCHAR" remark="姓名"/>
        <column name="s_recommend" javatype="String" jdbctype="VARCHAR" remark="推荐人"/>
        <column name="s_claim_name" javatype="String" jdbctype="VARCHAR" remark="认领人"/>
        <column name="d_time" javatype="java.util.Date" jdbctype="DATE" remark="时间"/>
        <column name="s_product_name" javatype="String" jdbctype="VARCHAR" remark="产品"/>
        <column name="n_num" javatype="Long" jdbctype="BIGINT" remark="数量"/>
        <column name="s_order_id" javatype="String" jdbctype="VARCHAR" remark="订单"/>
    </resultmap>

    <operation name="getRebateList" multiplicity="paging" paging="rebatePage"
               paramtype="primitive" resultmap="rebateMap" remark="根据主键获取数据:qmyz_order">
        select w.s_nickname,
        w.s_name,
        v.s_recommend,
        (select qui.s_name
        from qmyz_user_info qui
        where qui.n_user_id = t.n_user_id) s_claim_name,
        t.d_pay_time d_time,
        (select qap.s_product_name
        from qmyz_aquaculture_product qap
        where concat(qap.n_id,'') = u.s_goods_id) s_product_name,
        u.n_num,
        t.s_order_id
        from qmyz_order t,
        qmyz_order_goods u,
        qmyz_user_recommend v,
        qmyz_user_info w
        where t.s_state = '1'
        and t.n_type = 1
        and t.n_id = u.n_order_id
        and t.n_type = u.n_type
        and t.s_recommend = v.s_recommend
        and v.n_user_id = w.n_user_id
        <if test="dBeginDate !=null">
            and   t.d_pay_time &gt;= #{dBeginDate,jdbcType=TIMESTAMP}
        </if>
        <if test="dEndDate !=null">
            and   t.d_pay_time &lt;= #{dEndDate,jdbcType=TIMESTAMP}
        </if>

        Order by t.n_id desc
    </operation>
</table>
