<!DOCTYPE table SYSTEM "../config/table-config-1.0.dtd">
<table sqlname="qmyz_cattle_manage" physicalName="qmyz_cattle_manage" remark="牛只管理表">
    <!--  特殊字符说明 &lt;&gt; <> -->
    <!-- baseSql option中 select * 会自动替换为 include -->
    <sql id="Base_Column_List">
        N_PRODUCT_ID,S_FIELD,S_STATE,S_PIC_URL,S_CATTLE_CODE 
        ,D_BUY_TIME,D_OUT_TIME,D_EOUT_TIME,D_UPDATE_TIME,N_ERATE 
        ,N_EPROFIT,N_BUY_WEIGHT,N_NEW_WEIGHT,N_SALE_PRICE,N_WEIGHT_GAIN
    </sql>

    <!-- baseSql option中 select sf.* 会自动替换为 include -->
    <sql id="Base_SF_Column_List">
        sf.N_PRODUCT_ID,sf.S_FIELD,sf.S_STATE,sf.S_PIC_URL,sf.S_CATTLE_CODE
        ,sf.D_BUY_TIME,sf.D_OUT_TIME,sf.D_EOUT_TIME,sf.D_UPDATE_TIME,sf.N_ERATE
        ,sf.N_EPROFIT,sf.N_BUY_WEIGHT,sf.N_NEW_WEIGHT,sf.N_SALE_PRICE,sf.N_WEIGHT_GAIN
    </sql>

    <operation name="insert" paramtype="object" remark="插入表:qmyz_cattle_manage">
        <selectKey resultType="java.lang.Long" keyProperty="id" order="AFTER">
            SELECT
            LAST_INSERT_ID()
        </selectKey>
        INSERT INTO qmyz_cattle_manage
        <trim prefix="(" suffix=")" suffixOverrides=",">
        <if test="nProductId !=null">
            N_PRODUCT_ID ,
        </if>
        <if test="sField !=null">
            S_FIELD ,
        </if>
        <if test="sState !=null">
            S_STATE ,
        </if>
        <if test="sPicUrl !=null">
            S_PIC_URL ,
        </if>
        <if test="sCattleCode !=null">
            S_CATTLE_CODE ,
        </if>
        <if test="dBuyTime !=null">
            D_BUY_TIME ,
        </if>
        <if test="dOutTime !=null">
            D_OUT_TIME ,
        </if>
        <if test="dEoutTime !=null">
            D_EOUT_TIME ,
        </if>
        <if test="dUpdateTime !=null">
            D_UPDATE_TIME ,
        </if>
        <if test="nErate !=null">
            N_ERATE ,
        </if>
        <if test="nEprofit !=null">
            N_EPROFIT ,
        </if>
        <if test="nBuyWeight !=null">
            N_BUY_WEIGHT ,
        </if>
        <if test="nNewWeight !=null">
            N_NEW_WEIGHT ,
        </if>
        <if test="nSalePrice !=null">
            N_SALE_PRICE ,
        </if>
        <if test="nWeightGain !=null">
            N_WEIGHT_GAIN 
        </if>
        </trim>
        <trim prefix="values (" suffix=")" suffixOverrides=",">
          <if test="nProductId !=null">
              #{nProductId,jdbcType=BIGINT}  ,
          </if>
          <if test="sField !=null">
              #{sField,jdbcType=VARCHAR}  ,
          </if>
          <if test="sState !=null">
              #{sState,jdbcType=VARCHAR}  ,
          </if>
          <if test="sPicUrl !=null">
              #{sPicUrl,jdbcType=VARCHAR}  ,
          </if>
          <if test="sCattleCode !=null">
              #{sCattleCode,jdbcType=VARCHAR}  ,
          </if>
          <if test="dBuyTime !=null">
              #{dBuyTime,jdbcType=DATE}  ,
          </if>
          <if test="dOutTime !=null">
              #{dOutTime,jdbcType=DATE}  ,
          </if>
          <if test="dEoutTime !=null">
              #{dEoutTime,jdbcType=DATE}  ,
          </if>
          <if test="dUpdateTime !=null">
              #{dUpdateTime,jdbcType=TIMESTAMP}  ,
          </if>
          <if test="nErate !=null">
              #{nErate,jdbcType=DECIMAL}  ,
          </if>
          <if test="nEprofit !=null">
              #{nEprofit,jdbcType=DECIMAL}  ,
          </if>
          <if test="nBuyWeight !=null">
              #{nBuyWeight,jdbcType=DECIMAL}  ,
          </if>
          <if test="nNewWeight !=null">
              #{nNewWeight,jdbcType=DECIMAL}  ,
          </if>
          <if test="nSalePrice !=null">
              #{nSalePrice,jdbcType=DECIMAL}  ,
          </if>
          <if test="nWeightGain !=null">
              #{nWeightGain,jdbcType=DECIMAL}  
          </if>
        </trim>
    </operation>

    <!-- foreach 可以自定义类型，paramtype="primitive" foreach->javatype="自己书写的类"  -->
    <!-- 只有一个参数且为List时必须将参数命名为list -->
    <operation name="insertBatch" paramtype="objectList" remark="批量插入表:qmyz_cattle_manage">
        INSERT INTO qmyz_cattle_manage(
            N_PRODUCT_ID
            ,S_FIELD
            ,S_STATE
            ,S_PIC_URL
            ,S_CATTLE_CODE
            ,D_BUY_TIME
            ,D_OUT_TIME
            ,D_EOUT_TIME
            ,D_UPDATE_TIME
            ,N_ERATE
            ,N_EPROFIT
            ,N_BUY_WEIGHT
            ,N_NEW_WEIGHT
            ,N_SALE_PRICE
            ,N_WEIGHT_GAIN
        )VALUES
        <foreach collection="list"  item="item" separator=",">
            (
                 #{item.nProductId,jdbcType=BIGINT}
                , #{item.sField,jdbcType=VARCHAR}
                , #{item.sState,jdbcType=VARCHAR}
                , #{item.sPicUrl,jdbcType=VARCHAR}
                , #{item.sCattleCode,jdbcType=VARCHAR}
                , #{item.dBuyTime,jdbcType=DATE}
                , #{item.dOutTime,jdbcType=DATE}
                , #{item.dEoutTime,jdbcType=DATE}
                , #{item.dUpdateTime,jdbcType=TIMESTAMP}
                , #{item.nErate,jdbcType=DECIMAL}
                , #{item.nEprofit,jdbcType=DECIMAL}
                , #{item.nBuyWeight,jdbcType=DECIMAL}
                , #{item.nNewWeight,jdbcType=DECIMAL}
                , #{item.nSalePrice,jdbcType=DECIMAL}
                , #{item.nWeightGain,jdbcType=DECIMAL}
            )
        </foreach>
    </operation>

    <!-- 不推荐使用全 update 有需要自己打开
    <operation name="update" paramtype="object" remark="更新表:qmyz_cattle_manage">
        UPDATE qmyz_cattle_manage
        <set>
               <if test="nProductId !=null">
                    N_PRODUCT_ID    = #{nProductId,jdbcType=BIGINT},
              </if>
               <if test="sField !=null">
                    S_FIELD         = #{sField,jdbcType=VARCHAR},
              </if>
               <if test="sState !=null">
                    S_STATE         = #{sState,jdbcType=VARCHAR},
              </if>
               <if test="sPicUrl !=null">
                    S_PIC_URL       = #{sPicUrl,jdbcType=VARCHAR},
              </if>
               <if test="dBuyTime !=null">
                    D_BUY_TIME      = #{dBuyTime,jdbcType=DATE},
              </if>
               <if test="dOutTime !=null">
                    D_OUT_TIME      = #{dOutTime,jdbcType=DATE},
              </if>
               <if test="dEoutTime !=null">
                    D_EOUT_TIME     = #{dEoutTime,jdbcType=DATE},
              </if>
               <if test="dUpdateTime !=null">
                    D_UPDATE_TIME   = #{dUpdateTime,jdbcType=TIMESTAMP},
              </if>
               <if test="nErate !=null">
                    N_ERATE         = #{nErate,jdbcType=DECIMAL},
              </if>
               <if test="nEprofit !=null">
                    N_EPROFIT       = #{nEprofit,jdbcType=DECIMAL},
              </if>
               <if test="nBuyWeight !=null">
                    N_BUY_WEIGHT    = #{nBuyWeight,jdbcType=DECIMAL},
              </if>
               <if test="nNewWeight !=null">
                    N_NEW_WEIGHT    = #{nNewWeight,jdbcType=DECIMAL},
              </if>
               <if test="nSalePrice !=null">
                    N_SALE_PRICE    = #{nSalePrice,jdbcType=DECIMAL},
              </if>
               <if test="nWeightGain !=null">
                    N_WEIGHT_GAIN   = #{nWeightGain,jdbcType=DECIMAL}
              </if>
        </set>
        WHERE
            S_CATTLE_CODE   = #{sCattleCode,jdbcType=VARCHAR}
    </operation>
    -->
    <operation name="deleteBySCattleCode"  remark="根据主键删除数据:qmyz_cattle_manage">
        <![CDATA[
        DELETE FROM qmyz_cattle_manage
        WHERE
            S_CATTLE_CODE = #{sCattleCode,jdbcType=VARCHAR}
        ]]>
    </operation>

    <operation name="getBySCattleCode" multiplicity="one" remark="根据主键获取数据:qmyz_cattle_manage">
        SELECT *
        FROM qmyz_cattle_manage
        WHERE
        <![CDATA[
            S_CATTLE_CODE = #{sCattleCode,jdbcType=VARCHAR}
        ]]>
    </operation>

    <!-- 根据普通索引查询数据 -->
    <operation name="queryByQmyzCattleManage1" multiplicity="many" remark="根据普通索引QmyzCattleManage1获取数据:qmyz_cattle_manage">
        SELECT *
        FROM qmyz_cattle_manage
        WHERE
        <![CDATA[
            N_PRODUCT_ID    = #{nProductId,jdbcType=BIGINT}
            AND S_STATE         = #{sState,jdbcType=VARCHAR}
        ]]>
    </operation>




    <operation name="updateCattle" paramtype="object" remark="更新表:qmyz_cattle_manage">
        UPDATE qmyz_cattle_manage
        <set>
            <if test="nSalePrice !=null">
                N_SALE_PRICE    = #{nSalePrice,jdbcType=DECIMAL},
            </if>
            <if test="nNewWeight!=null">
                N_NEW_WEIGHT       = #{nNewWeight,jdbcType=DECIMAL},
            </if>
            <if test="nBuyWeight!=null">
                N_BUY_WEIGHT    = #{nBuyWeight,jdbcType=DECIMAL},
            </if>
            <if test="sPicUrl!=null">
                S_PIC_URL         = #{sPicUrl,jdbcType=VARCHAR},
            </if>
            D_UPDATE_TIME   = now()
        </set>
        WHERE
        S_CATTLE_CODE   = #{sCattleCode,jdbcType=VARCHAR}
    </operation>


    <operation name="updateField" paramtype="object" remark="更新表:qmyz_cattle_manage">
        UPDATE qmyz_cattle_manage
        <set>
            <if test="nNewWeight!=null">
                N_NEW_WEIGHT       = #{nNewWeight,jdbcType=DECIMAL},
            </if>
            <if test="dOutTime!=null">
                D_OUT_TIME      = #{dOutTime,jdbcType=DATE},
            </if>
            <if test="sState !=null">
                S_STATE         = #{sState,jdbcType=VARCHAR},
            </if>
            D_UPDATE_TIME   = now()
        </set>
        WHERE
        S_CATTLE_CODE   = #{sCattleCode,jdbcType=VARCHAR}
        and s_state = '1'
    </operation>

    <resultmap name="cattleManageListMap" type="ResMapCattleManageListVO">
        <column name="n_product_id" javatype="java.lang.Long" jdbctype="BIGINT"  remark="买入重量"/>
        <column name="s_field" javatype="String" jdbctype="VARCHAR"  remark="栏位"/>
        <column name="s_state" javatype="String" jdbctype="VARCHAR"  remark="状态"/>
        <column name="s_pic_url" javatype="String" jdbctype="VARCHAR"  remark="图片"/>
        <column name="s_cattle_code" javatype="String" jdbctype="VARCHAR"  remark="角标"/>
        <column name="n_buy_weight" javatype="java.lang.Long" jdbctype="BIGINT"  remark="买入重量"/>
        <column name="n_new_weight" javatype="java.lang.Long" jdbctype="BIGINT"  remark="最新重量"/>
        <column name="d_buy_time" javatype="java.util.Date" jdbctype="TIMESTAMP"  remark="时间"/>
        <column name="d_out_time" javatype="java.util.Date" jdbctype="TIMESTAMP"  remark="时间"/>
        <column name="s_nickname" javatype="String" jdbctype="VARCHAR"  remark="昵称"/>
    </resultmap>

    <operation name="getList"  multiplicity="paging" paging="cattleManage"
               remark="根据主键获取数据:qmyz_cattle_manage" resultmap="cattleManageListMap">
        SELECT t.N_PRODUCT_ID,t.S_FIELD,t.S_STATE,t.S_PIC_URL,t.S_CATTLE_CODE
        ,t.N_BUY_WEIGHT,t.N_NEW_WEIGHT,t.D_BUY_TIME,t.D_OUT_TIME,t.D_UPDATE_TIME,
        v.s_nickname
        FROM qmyz_cattle_manage t,
        qmyz_cattle_allot u,
        qmyz_user_info v
        WHERE 1=1
        and t.s_cattle_code = u.s_cattle_code
        and u.n_user_id = v.n_user_id
        <if test="sState!=null">
            and t.S_STATE         = #{sState,jdbcType=VARCHAR}
        </if>
        <if test="nProductId !=null">
            and  t.N_PRODUCT_ID    = #{nProductId,jdbcType=BIGINT}
        </if>
        <if test="sCattleCode !=null">
            and t.s_cattle_code like  CONCAT(CONCAT('%',#{sCattleCode,jdbcType=VARCHAR},'%'))
        </if>
        order by  t.S_CATTLE_CODE
    </operation>

    <resultmap name="aquacultureCattleManageMap" type="ResMapAquacultureCattleManageVO">
        <column name="d_income" javatype="java.util.Date" jdbctype="DATE" remark="时间"/>
        <column name="n_income_min" javatype="java.math.BigDecimal" jdbctype="DECIMAL"  remark="最小收益"/>
        <column name="n_income_max" javatype="java.math.BigDecimal" jdbctype="DECIMAL"  remark="最大收益"/>
    </resultmap>

    <operation name="getAquacultureInfo"  multiplicity="one"
               resultmap="aquacultureCattleManageMap" remark="根据主键获取数据:qmyz_cattle_manage">
        select date_add(date(t.d_pay_time), interval v.n_lock*30 day) as d_income,
        (v.n_price+v.n_other)*v.n_return_min/100 as n_income_min,
        (v.n_price+v.n_other)*v.n_return_max/100 as n_income_max
        from qmyz_cattle_manage t,
        qmyz_aquaculture_product u
        where t.s_cattle_code = #{sCattleCode,jdbcType=VARCHAR}
        and t.s_state = '1'
        and t.n_product_id = u.n_id
    </operation>

    <resultmap name="cattleManageFellowMap" type="ResMapCattleManageFellowVO">
        <column name="d_buy_time" javatype="java.util.Date" jdbctype="TIMESTAMP"  remark="时间"/>
        <column name="n_buy_weight" javatype="java.lang.Long" jdbctype="BIGINT"  remark="买入重量"/>
        <column name="n_new_weight" javatype="java.lang.Long" jdbctype="BIGINT"  remark="最新重量"/>
        <column name="s_field" javatype="String" jdbctype="VARCHAR"  remark="栏位"/>
        <column name="s_nickname" javatype="String" jdbctype="VARCHAR"  remark="昵称"/>
        <column name="n_follow" javatype="java.lang.Long" jdbctype="BIGINT"  remark="接盘状态"/>
    </resultmap>

    <operation name="getListCattleManageFellowByCattleCode"  multiplicity="many" paramtype="primitive"
               resultmap="cattleManageFellowMap"   remark="根据主键获取数据:qmyz_cattle_manage">
        select  d_buy_time,n_buy_weight,n_new_weight,s_field,s_nickname,n_follow from (
        select t.d_buy_time,
        t.n_buy_weight,
        t.n_new_weight,
        t.s_field,
        (select v.s_nickname
        from qmyz_user_claim u,
        qmyz_user_info v
        where u.s_cattle_code = t.s_cattle_code
        and u.n_user_id = v.n_user_id) s_nickname,
        ifnull((select case when w.n_follow = 0 then 2
        when w.n_follow = 1 then 2
        else 1 end
        from qmyz_cattle_follow w
        where w.s_cattle_code = t.s_cattle_code),1) n_follow
        from qmyz_cattle_manage t
        where t.s_cattle_code =#{sCattleCode,jdbcType=VARCHAR}
        and t.s_state = '1'
        ) b
    </operation>

    <operation name="getAllList"  multiplicity="many"  remark="根据主键获取数据:qmyz_cattle_manage">
        SELECT *
        FROM qmyz_cattle_manage
        WHERE 1=1
        N_PRODUCT_ID    = #{nProductId,jdbcType=BIGINT},
    </operation>

    <operation name="update" paramtype="object" remark="更新表:qmyz_cattle_manage">
        UPDATE qmyz_cattle_manage
        <set>
            <if test="nProductId !=null">
                N_PRODUCT_ID    = #{nProductId,jdbcType=BIGINT},
            </if>
            <if test="sField !=null">
                S_FIELD         = #{sField,jdbcType=VARCHAR},
            </if>
            <if test="sState !=null">
                S_STATE         = #{sState,jdbcType=VARCHAR},
            </if>
            <if test="sPicUrl !=null">
                S_PIC_URL       = #{sPicUrl,jdbcType=VARCHAR},
            </if>
            <if test="nBuyWeight !=null">
                N_BUY_WEIGHT    = #{nBuyWeight,jdbcType=DECIMAL},
            </if>
            <if test="nNewWeight !=null">
                N_NEW_WEIGHT    = #{nNewWeight,jdbcType=DECIMAL},
            </if>
            <if test="nWeightGain !=null">
                N_WEIGHT_GAIN   = #{nWeightGain,jdbcType=INTEGER},
            </if>
            <if test="dBuyTime !=null">
                D_BUY_TIME      = #{dBuyTime,jdbcType=DATE},
            </if>
            <if test="dOutTime !=null">
                D_OUT_TIME      = #{dOutTime,jdbcType=DATE},
            </if>
            <if test="dEoutTime !=null">
                D_EOUT_TIME     = #{dEoutTime,jdbcType=DATE},
            </if>
            <if test="dUpdateTime !=null">
                D_UPDATE_TIME   = #{dUpdateTime,jdbcType=TIMESTAMP},
            </if>
            <if test="nErate !=null">
                N_ERATE         = #{nErate,jdbcType=DECIMAL},
            </if>
            <if test="nEprofit !=null">
                N_EPROFIT       = #{nEprofit,jdbcType=DECIMAL},
            </if>
            <if test="nSalePrice !=null">
                N_SALE_PRICE    = #{nSalePrice,jdbcType=DECIMAL}
            </if>
        </set>
        WHERE
        S_CATTLE_CODE   = #{sCattleCode,jdbcType=VARCHAR}
    </operation>
</table>
