<!DOCTYPE table SYSTEM "../config/table-config-1.0.dtd">
<table sqlname="qmyz_user_asset" physicalName="qmyz_user_asset" remark="用户资产表">
    <!--  特殊字符说明 &lt;&gt; <> -->
    <!-- baseSql option中 select * 会自动替换为 include -->
    <sql id="Base_Column_List">
        N_USER_ID,N_FREEZE,D_LAST_UPDATE,N_ACCOUNT_BALANCE,N_INTEGRAL_BALANCE
    </sql>

    <!-- baseSql option中 select sf.* 会自动替换为 include -->
    <sql id="Base_SF_Column_List">
        sf.N_USER_ID,sf.N_FREEZE,sf.D_LAST_UPDATE,sf.N_ACCOUNT_BALANCE,sf.N_INTEGRAL_BALANCE
    </sql>

    <operation name="insert" paramtype="object" remark="插入表:qmyz_user_asset">
        <selectKey resultType="java.lang.Long" keyProperty="nId" order="BEFORE">
            SELECT nextval_safe('qmyz_aquaculture_product_seq') as nId  from dual
        </selectKey>
        INSERT INTO qmyz_user_asset
        <trim prefix="(" suffix=")" suffixOverrides=",">
        <if test="nUserId !=null">
            N_USER_ID ,
        </if>
        <if test="nFreeze !=null">
            N_FREEZE ,
        </if>
        <if test="dLastUpdate !=null">
            D_LAST_UPDATE ,
        </if>
        <if test="nAccountBalance !=null">
            N_ACCOUNT_BALANCE ,
        </if>
        <if test="nIntegralBalance !=null">
            N_INTEGRAL_BALANCE 
        </if>
        </trim>
        <trim prefix="values (" suffix=")" suffixOverrides=",">
          <if test="nUserId !=null">
              #{nUserId,jdbcType=BIGINT}  ,
          </if>
          <if test="nFreeze !=null">
              #{nFreeze,jdbcType=INTEGER}  ,
          </if>
          <if test="dLastUpdate !=null">
              #{dLastUpdate,jdbcType=TIMESTAMP}  ,
          </if>
          <if test="nAccountBalance !=null">
              #{nAccountBalance,jdbcType=DECIMAL}  ,
          </if>
          <if test="nIntegralBalance !=null">
              #{nIntegralBalance,jdbcType=DECIMAL}  
          </if>
        </trim>
    </operation>

    <!-- foreach 可以自定义类型，paramtype="primitive" foreach->javatype="自己书写的类"  -->
    <!-- 只有一个参数且为List时必须将参数命名为list -->
    <operation name="insertBatch" paramtype="objectList" remark="批量插入表:qmyz_user_asset">
        INSERT INTO qmyz_user_asset(
            N_USER_ID
            ,N_FREEZE
            ,D_LAST_UPDATE
            ,N_ACCOUNT_BALANCE
            ,N_INTEGRAL_BALANCE
        )VALUES
        <foreach collection="list"  item="item" separator=",">
            (
                 #{item.nUserId,jdbcType=BIGINT}
                , #{item.nFreeze,jdbcType=INTEGER}
                , #{item.dLastUpdate,jdbcType=TIMESTAMP}
                , #{item.nAccountBalance,jdbcType=DECIMAL}
                , #{item.nIntegralBalance,jdbcType=DECIMAL}
            )
        </foreach>
    </operation>

    <!-- 不推荐使用全 update 有需要自己打开
    <operation name="update" paramtype="object" remark="更新表:qmyz_user_asset">
        UPDATE qmyz_user_asset
        <set>
               <if test="nFreeze !=null">
                    N_FREEZE        = #{nFreeze,jdbcType=INTEGER},
              </if>
               <if test="dLastUpdate !=null">
                    D_LAST_UPDATE   = #{dLastUpdate,jdbcType=TIMESTAMP},
              </if>
               <if test="nAccountBalance !=null">
                    N_ACCOUNT_BALANCE = #{nAccountBalance,jdbcType=DECIMAL},
              </if>
               <if test="nIntegralBalance !=null">
                    N_INTEGRAL_BALANCE = #{nIntegralBalance,jdbcType=DECIMAL}
              </if>
        </set>
        WHERE
            N_USER_ID       = #{nUserId,jdbcType=BIGINT}
    </operation>
    -->
    <operation name="deleteByNUserId"  remark="根据主键删除数据:qmyz_user_asset">
        <![CDATA[
        DELETE FROM qmyz_user_asset
        WHERE
            N_USER_ID = #{nUserId,jdbcType=BIGINT}
        ]]>
    </operation>

    <operation name="getByNUserId" multiplicity="one" remark="根据主键获取数据:qmyz_user_asset">
        SELECT *
        FROM qmyz_user_asset
        WHERE
        <![CDATA[
            N_USER_ID = #{nUserId,jdbcType=BIGINT}
        ]]>
    </operation>





    <operation name="update" paramtype="object" remark="更新表:qmyz_user_asset">
        UPDATE qmyz_user_asset
        <set>
            <if test="dLastUpdate !=null">
                D_LAST_UPDATE   = #{dLastUpdate,jdbcType=TIMESTAMP},
            </if>
            <if test="nAccountBalance !=null">
                N_ACCOUNT_BALANCE = N_ACCOUNT_BALANCE+#{nAccountBalance,jdbcType=DECIMAL},
            </if>
            <if test="nIntegralBalance !=null">
                N_INTEGRAL_BALANCE = #{nIntegralBalance,jdbcType=DECIMAL}
            </if>
        </set>
        WHERE
        N_USER_ID       = #{nUserId,jdbcType=BIGINT}
        and  N_FREEZE        =1
    </operation>
</table>
