<!DOCTYPE table SYSTEM "../config/table-config-1.0.dtd">
<table sqlname="qmyz_order_send" physicalName="qmyz_order_send" remark="订单发货表">
    <!--  特殊字符说明 &lt;&gt; <> -->
    <!-- baseSql option中 select * 会自动替换为 include -->
    <sql id="Base_Column_List">
        N_ORDER_ID,S_NAME,S_PHONE,S_STATE,S_ADDRESS
    </sql>

    <!-- baseSql option中 select sf.* 会自动替换为 include -->
    <sql id="Base_SF_Column_List">
        sf.N_ORDER_ID,sf.S_NAME,sf.S_PHONE,sf.S_STATE,sf.S_ADDRESS
    </sql>

    <operation name="insert" paramtype="object" remark="插入表:qmyz_order_send">
        <selectKey resultType="java.lang.Long" keyProperty="id" order="AFTER">
            SELECT
            LAST_INSERT_ID()
        </selectKey>
        INSERT INTO qmyz_order_send
        <trim prefix="(" suffix=")" suffixOverrides=",">
        <if test="nOrderId !=null">
            N_ORDER_ID ,
        </if>
        <if test="sName !=null">
            S_NAME ,
        </if>
        <if test="sPhone !=null">
            S_PHONE ,
        </if>
        <if test="sState !=null">
            S_STATE ,
        </if>
        <if test="sAddress !=null">
            S_ADDRESS 
        </if>
        </trim>
        <trim prefix="values (" suffix=")" suffixOverrides=",">
          <if test="nOrderId !=null">
              #{nOrderId,jdbcType=BIGINT}  ,
          </if>
          <if test="sName !=null">
              #{sName,jdbcType=VARCHAR}  ,
          </if>
          <if test="sPhone !=null">
              #{sPhone,jdbcType=VARCHAR}  ,
          </if>
          <if test="sState !=null">
              #{sState,jdbcType=VARCHAR}  ,
          </if>
          <if test="sAddress !=null">
              #{sAddress,jdbcType=VARCHAR}  
          </if>
        </trim>
    </operation>

    <!-- foreach 可以自定义类型，paramtype="primitive" foreach->javatype="自己书写的类"  -->
    <!-- 只有一个参数且为List时必须将参数命名为list -->
    <operation name="insertBatch" paramtype="objectList" remark="批量插入表:qmyz_order_send">
        INSERT INTO qmyz_order_send(
            N_ORDER_ID
            ,S_NAME
            ,S_PHONE
            ,S_STATE
            ,S_ADDRESS
        )VALUES
        <foreach collection="list"  item="item" separator=",">
            (
                 #{item.nOrderId,jdbcType=BIGINT}
                , #{item.sName,jdbcType=VARCHAR}
                , #{item.sPhone,jdbcType=VARCHAR}
                , #{item.sState,jdbcType=VARCHAR}
                , #{item.sAddress,jdbcType=VARCHAR}
            )
        </foreach>
    </operation>

    <!-- 不推荐使用全 update 有需要自己打开
    <operation name="update" paramtype="object" remark="更新表:qmyz_order_send">
        UPDATE qmyz_order_send
        <set>
               <if test="sName !=null">
                    S_NAME          = #{sName,jdbcType=VARCHAR},
              </if>
               <if test="sPhone !=null">
                    S_PHONE         = #{sPhone,jdbcType=VARCHAR},
              </if>
               <if test="sState !=null">
                    S_STATE         = #{sState,jdbcType=VARCHAR},
              </if>
               <if test="sAddress !=null">
                    S_ADDRESS       = #{sAddress,jdbcType=VARCHAR}
              </if>
        </set>
        WHERE
            N_ORDER_ID      = #{nOrderId,jdbcType=BIGINT}
    </operation>
    -->
    <operation name="deleteByNOrderId"  remark="根据主键删除数据:qmyz_order_send">
        <![CDATA[
        DELETE FROM qmyz_order_send
        WHERE
            N_ORDER_ID = #{nOrderId,jdbcType=BIGINT}
        ]]>
    </operation>

    <operation name="getByNOrderId" multiplicity="one" remark="根据主键获取数据:qmyz_order_send">
        SELECT *
        FROM qmyz_order_send
        WHERE
        <![CDATA[
            N_ORDER_ID = #{nOrderId,jdbcType=BIGINT}
        ]]>
    </operation>





    <operation name="update" paramtype="object" remark="更新表:qmyz_order_send">
        UPDATE qmyz_order_send
        <set>
            <if test="sName !=null">
                S_NAME          = #{sName,jdbcType=VARCHAR},
            </if>
            <if test="sPhone !=null">
                S_PHONE         = #{sPhone,jdbcType=VARCHAR},
            </if>
            <if test="sState !=null">
                S_STATE         = #{sState,jdbcType=VARCHAR},
            </if>
            <if test="sAddress !=null">
                S_ADDRESS       = #{sAddress,jdbcType=VARCHAR}
            </if>
        </set>
        WHERE
        N_ORDER_ID      = #{nOrderId,jdbcType=BIGINT}
    </operation>
</table>
