<!DOCTYPE table SYSTEM "../config/table-config-1.0.dtd">
<table sqlname="qmyz_cattle_allot" physicalName="qmyz_cattle_allot" remark="牛只分配表">
    <!--  特殊字符说明 &lt;&gt; <> -->
    <!-- baseSql option中 select * 会自动替换为 include -->
    <sql id="Base_Column_List">
        N_USER_ID,N_PRODUCT_ID,S_CATTLE_CODE
    </sql>

    <!-- baseSql option中 select sf.* 会自动替换为 include -->
    <sql id="Base_SF_Column_List">
        sf.N_USER_ID,sf.N_PRODUCT_ID,sf.S_CATTLE_CODE
    </sql>

    <operation name="insert" paramtype="object" remark="插入表:qmyz_cattle_allot">
        <selectKey resultType="java.lang.Long" keyProperty="id" order="AFTER">
            SELECT
            LAST_INSERT_ID()
        </selectKey>
        INSERT INTO qmyz_cattle_allot
        <trim prefix="(" suffix=")" suffixOverrides=",">
        <if test="nUserId !=null">
            N_USER_ID ,
        </if>
        <if test="nProductId !=null">
            N_PRODUCT_ID ,
        </if>
        <if test="sCattleCode !=null">
            S_CATTLE_CODE 
        </if>
        </trim>
        <trim prefix="values (" suffix=")" suffixOverrides=",">
          <if test="nUserId !=null">
              #{nUserId,jdbcType=BIGINT}  ,
          </if>
          <if test="nProductId !=null">
              #{nProductId,jdbcType=BIGINT}  ,
          </if>
          <if test="sCattleCode !=null">
              #{sCattleCode,jdbcType=VARCHAR}  
          </if>
        </trim>
    </operation>

    <!-- foreach 可以自定义类型，paramtype="primitive" foreach->javatype="自己书写的类"  -->
    <!-- 只有一个参数且为List时必须将参数命名为list -->
    <operation name="insertBatch" paramtype="objectList" remark="批量插入表:qmyz_cattle_allot">
        INSERT INTO qmyz_cattle_allot(
            N_USER_ID
            ,N_PRODUCT_ID
            ,S_CATTLE_CODE
        )VALUES
        <foreach collection="list"  item="item" separator=",">
            (
                 #{item.nUserId,jdbcType=BIGINT}
                , #{item.nProductId,jdbcType=BIGINT}
                , #{item.sCattleCode,jdbcType=VARCHAR}
            )
        </foreach>
    </operation>

    <!-- 不推荐使用全 update 有需要自己打开
    <operation name="update" paramtype="object" remark="更新表:qmyz_cattle_allot">
        UPDATE qmyz_cattle_allot
        <set>
               <if test="nUserId !=null">
                    N_USER_ID       = #{nUserId,jdbcType=BIGINT},
              </if>
               <if test="nProductId !=null">
                    N_PRODUCT_ID    = #{nProductId,jdbcType=BIGINT}
              </if>
        </set>
        WHERE
            S_CATTLE_CODE   = #{sCattleCode,jdbcType=VARCHAR}
    </operation>
    -->
    <operation name="deleteBySCattleCode"  remark="根据主键删除数据:qmyz_cattle_allot">
        <![CDATA[
        DELETE FROM qmyz_cattle_allot
        WHERE
            S_CATTLE_CODE = #{sCattleCode,jdbcType=VARCHAR}
        ]]>
    </operation>

    <operation name="getBySCattleCode" multiplicity="one" remark="根据主键获取数据:qmyz_cattle_allot">
        SELECT *
        FROM qmyz_cattle_allot
        WHERE
        <![CDATA[
            S_CATTLE_CODE = #{sCattleCode,jdbcType=VARCHAR}
        ]]>
    </operation>





    <operation name="getListByNProductId" multiplicity="many" remark="根据主键获取数据:qmyz_cattle_allot">
        SELECT *
        FROM qmyz_cattle_allot
        WHERE
        <![CDATA[
                N_PRODUCT_ID    = #{nProductId,jdbcType=BIGINT}
        ]]>
    </operation>
</table>
