<!DOCTYPE table SYSTEM "../config/table-config-1.0.dtd">
<table sqlname="qmyz_company_info" physicalName="qmyz_company_info" remark="公司信息表">
    <!--  特殊字符说明 &lt;&gt; <> -->
    <!-- baseSql option中 select * 会自动替换为 include -->
    <sql id="Base_Column_List">
        S_COMPANY_TEL,S_COMPANY_MAIL,S_COMPANY_NAME,S_CUSTOMER_TEL,S_COMPANY_ENAME 
        ,S_COMPANY_ADDRESS,D_LAST_UPDATE
    </sql>

    <!-- baseSql option中 select sf.* 会自动替换为 include -->
    <sql id="Base_SF_Column_List">
        sf.S_COMPANY_TEL,sf.S_COMPANY_MAIL,sf.S_COMPANY_NAME,sf.S_CUSTOMER_TEL,sf.S_COMPANY_ENAME
        ,sf.S_COMPANY_ADDRESS,sf.D_LAST_UPDATE
    </sql>

    <operation name="insert" paramtype="object" remark="插入表:qmyz_company_info">
        <selectKey resultType="java.lang.Long" keyProperty="id" order="AFTER">
            SELECT
            LAST_INSERT_ID()
        </selectKey>
        <![CDATA[
        INSERT INTO qmyz_company_info(
            S_COMPANY_TEL
            ,S_COMPANY_MAIL
            ,S_COMPANY_NAME
            ,S_CUSTOMER_TEL
            ,S_COMPANY_ENAME
            ,S_COMPANY_ADDRESS
            ,D_LAST_UPDATE
        )VALUES(
             #{sCompanyTel,jdbcType=VARCHAR}
            , #{sCompanyMail,jdbcType=VARCHAR}
            , #{sCompanyName,jdbcType=VARCHAR}
            , #{sCustomerTel,jdbcType=VARCHAR}
            , #{sCompanyEname,jdbcType=VARCHAR}
            , #{sCompanyAddress,jdbcType=VARCHAR}
            , #{dLastUpdate,jdbcType=DATE}
        )
        ]]>
    </operation>

    <!-- foreach 可以自定义类型，paramtype="primitive" foreach->javatype="自己书写的类"  -->
    <!-- 只有一个参数且为List时必须将参数命名为list -->
    <operation name="insertBatch" paramtype="objectList" remark="批量插入表:qmyz_company_info">
        INSERT INTO qmyz_company_info(
            S_COMPANY_TEL
            ,S_COMPANY_MAIL
            ,S_COMPANY_NAME
            ,S_CUSTOMER_TEL
            ,S_COMPANY_ENAME
            ,S_COMPANY_ADDRESS
            ,D_LAST_UPDATE
        )VALUES
        <foreach collection="list"  item="item" separator=",">
            (
                 #{item.sCompanyTel,jdbcType=VARCHAR}
                , #{item.sCompanyMail,jdbcType=VARCHAR}
                , #{item.sCompanyName,jdbcType=VARCHAR}
                , #{item.sCustomerTel,jdbcType=VARCHAR}
                , #{item.sCompanyEname,jdbcType=VARCHAR}
                , #{item.sCompanyAddress,jdbcType=VARCHAR}
                , #{item.dLastUpdate,jdbcType=DATE}
            )
        </foreach>
    </operation>


    <operation name="getFirst" multiplicity="one" remark="根据主键获取数据:qmyz_company_info">
        SELECT *
        FROM qmyz_company_info
        LIMIT  1
    </operation>

    <operation name="update" paramtype="object" remark="更新表:qmyz_company_info">
        <![CDATA[
        UPDATE qmyz_company_info
        SET
            S_COMPANY_TEL   = #{sCompanyTel,jdbcType=VARCHAR}
            ,S_COMPANY_MAIL  = #{sCompanyMail,jdbcType=VARCHAR}
            ,S_COMPANY_NAME  = #{sCompanyName,jdbcType=VARCHAR}
            ,S_CUSTOMER_TEL  = #{sCustomerTel,jdbcType=VARCHAR}
            ,S_COMPANY_ENAME  = #{sCompanyEname,jdbcType=VARCHAR}
            ,S_COMPANY_ADDRESS  = #{sCompanyAddress,jdbcType=VARCHAR}
             ,D_LAST_UPDATE = CURRENT_DATE()
        ]]>
    </operation>
</table>
