<!DOCTYPE table SYSTEM "../config/table-config-1.0.dtd">
<table sqlname="qmyz_aquaculture_product" physicalName="qmyz_aquaculture_product" remark="养殖产品表">
    <!--  特殊字符说明 &lt;&gt; <> -->
    <!-- baseSql option中 select * 会自动替换为 include -->
    <sql id="Base_Column_List">
        N_ID,S_PRODUCT_NAME,S_INSURANCE_URL,N_CLAIM,N_STATE 
        ,N_AMOUNT,N_LOCK_MAX,N_LOCK_MIN,N_PUBLISH,N_RECOMMEND 
        ,N_RETURN_MAX,N_RETURN_MIN,N_EARNINGS_RATIO,N_EARNINGS_THRESHOLD,D_END 
        ,D_CREATE,D_LAST_UPDATE,N_OTHER,N_PRICE
    </sql>

    <!-- baseSql option中 select sf.* 会自动替换为 include -->
    <sql id="Base_SF_Column_List">
        sf.N_ID,sf.S_PRODUCT_NAME,sf.S_INSURANCE_URL,sf.N_CLAIM,sf.N_STATE
        ,sf.N_AMOUNT,sf.N_LOCK_MAX,sf.N_LOCK_MIN,sf.N_PUBLISH,sf.N_RECOMMEND
        ,sf.N_RETURN_MAX,sf.N_RETURN_MIN,sf.N_EARNINGS_RATIO,sf.N_EARNINGS_THRESHOLD,sf.D_END
        ,sf.D_CREATE,sf.D_LAST_UPDATE,sf.N_OTHER,sf.N_PRICE
    </sql>

    <operation name="insert" paramtype="object" remark="插入表:qmyz_aquaculture_product">
        <selectKey resultType="java.lang.Long" keyProperty="nId" order="BEFORE">
            SELECT nextval_safe('qmyz_aquaculture_product_seq') as nId  from dual
        </selectKey>
        INSERT INTO qmyz_aquaculture_product
        <trim prefix="(" suffix=")" suffixOverrides=",">
        <if test="nId !=null">
            N_ID ,
        </if>
        <if test="sProductName !=null">
            S_PRODUCT_NAME ,
        </if>
        <if test="sInsuranceUrl !=null">
            S_INSURANCE_URL ,
        </if>
        <if test="nClaim !=null">
            N_CLAIM ,
        </if>
        <if test="nState !=null">
            N_STATE ,
        </if>
        <if test="nAmount !=null">
            N_AMOUNT ,
        </if>
        <if test="nLockMax !=null">
            N_LOCK_MAX ,
        </if>
        <if test="nLockMin !=null">
            N_LOCK_MIN ,
        </if>
        <if test="nPublish !=null">
            N_PUBLISH ,
        </if>
        <if test="nRecommend !=null">
            N_RECOMMEND ,
        </if>
        <if test="nReturnMax !=null">
            N_RETURN_MAX ,
        </if>
        <if test="nReturnMin !=null">
            N_RETURN_MIN ,
        </if>
        <if test="nEarningsRatio !=null">
            N_EARNINGS_RATIO ,
        </if>
        <if test="nEarningsThreshold !=null">
            N_EARNINGS_THRESHOLD ,
        </if>
        <if test="dEnd !=null">
            D_END ,
        </if>
        <if test="dCreate !=null">
            D_CREATE ,
        </if>
        <if test="dLastUpdate !=null">
            D_LAST_UPDATE ,
        </if>
        <if test="nOther !=null">
            N_OTHER ,
        </if>
        <if test="nPrice !=null">
            N_PRICE 
        </if>
        </trim>
        <trim prefix="values (" suffix=")" suffixOverrides=",">
          <if test="nId !=null">
              #{nId,jdbcType=BIGINT}  ,
          </if>
          <if test="sProductName !=null">
              #{sProductName,jdbcType=VARCHAR}  ,
          </if>
          <if test="sInsuranceUrl !=null">
              #{sInsuranceUrl,jdbcType=VARCHAR}  ,
          </if>
          <if test="nClaim !=null">
              #{nClaim,jdbcType=INTEGER}  ,
          </if>
          <if test="nState !=null">
              #{nState,jdbcType=INTEGER}  ,
          </if>
          <if test="nAmount !=null">
              #{nAmount,jdbcType=INTEGER}  ,
          </if>
          <if test="nLockMax !=null">
              #{nLockMax,jdbcType=INTEGER}  ,
          </if>
          <if test="nLockMin !=null">
              #{nLockMin,jdbcType=INTEGER}  ,
          </if>
          <if test="nPublish !=null">
              #{nPublish,jdbcType=INTEGER}  ,
          </if>
          <if test="nRecommend !=null">
              #{nRecommend,jdbcType=INTEGER}  ,
          </if>
          <if test="nReturnMax !=null">
              #{nReturnMax,jdbcType=INTEGER}  ,
          </if>
          <if test="nReturnMin !=null">
              #{nReturnMin,jdbcType=INTEGER}  ,
          </if>
          <if test="nEarningsRatio !=null">
              #{nEarningsRatio,jdbcType=INTEGER}  ,
          </if>
          <if test="nEarningsThreshold !=null">
              #{nEarningsThreshold,jdbcType=INTEGER}  ,
          </if>
          <if test="dEnd !=null">
              #{dEnd,jdbcType=TIMESTAMP}  ,
          </if>
          <if test="dCreate !=null">
              #{dCreate,jdbcType=TIMESTAMP}  ,
          </if>
          <if test="dLastUpdate !=null">
              #{dLastUpdate,jdbcType=TIMESTAMP}  ,
          </if>
          <if test="nOther !=null">
              #{nOther,jdbcType=DECIMAL}  ,
          </if>
          <if test="nPrice !=null">
              #{nPrice,jdbcType=DECIMAL}  
          </if>
        </trim>
    </operation>

    <!-- foreach 可以自定义类型，paramtype="primitive" foreach->javatype="自己书写的类"  -->
    <!-- 只有一个参数且为List时必须将参数命名为list -->
    <operation name="insertBatch" paramtype="objectList" remark="批量插入表:qmyz_aquaculture_product">
        INSERT INTO qmyz_aquaculture_product(
            N_ID
            ,S_PRODUCT_NAME
            ,S_INSURANCE_URL
            ,N_CLAIM
            ,N_STATE
            ,N_AMOUNT
            ,N_LOCK_MAX
            ,N_LOCK_MIN
            ,N_PUBLISH
            ,N_RECOMMEND
            ,N_RETURN_MAX
            ,N_RETURN_MIN
            ,N_EARNINGS_RATIO
            ,N_EARNINGS_THRESHOLD
            ,D_END
            ,D_CREATE
            ,D_LAST_UPDATE
            ,N_OTHER
            ,N_PRICE
        )VALUES
        <foreach collection="list"  item="item" separator=",">
            (
                 #{item.nId,jdbcType=BIGINT}
                , #{item.sProductName,jdbcType=VARCHAR}
                , #{item.sInsuranceUrl,jdbcType=VARCHAR}
                , #{item.nClaim,jdbcType=INTEGER}
                , #{item.nState,jdbcType=INTEGER}
                , #{item.nAmount,jdbcType=INTEGER}
                , #{item.nLockMax,jdbcType=INTEGER}
                , #{item.nLockMin,jdbcType=INTEGER}
                , #{item.nPublish,jdbcType=INTEGER}
                , #{item.nRecommend,jdbcType=INTEGER}
                , #{item.nReturnMax,jdbcType=INTEGER}
                , #{item.nReturnMin,jdbcType=INTEGER}
                , #{item.nEarningsRatio,jdbcType=INTEGER}
                , #{item.nEarningsThreshold,jdbcType=INTEGER}
                , #{item.dEnd,jdbcType=TIMESTAMP}
                , #{item.dCreate,jdbcType=TIMESTAMP}
                , #{item.dLastUpdate,jdbcType=TIMESTAMP}
                , #{item.nOther,jdbcType=DECIMAL}
                , #{item.nPrice,jdbcType=DECIMAL}
            )
        </foreach>
    </operation>

    <!-- 不推荐使用全 update 有需要自己打开
    <operation name="update" paramtype="object" remark="更新表:qmyz_aquaculture_product">
        UPDATE qmyz_aquaculture_product
        <set>
               <if test="sProductName !=null">
                    S_PRODUCT_NAME  = #{sProductName,jdbcType=VARCHAR},
              </if>
               <if test="sInsuranceUrl !=null">
                    S_INSURANCE_URL = #{sInsuranceUrl,jdbcType=VARCHAR},
              </if>
               <if test="nClaim !=null">
                    N_CLAIM         = #{nClaim,jdbcType=INTEGER},
              </if>
               <if test="nState !=null">
                    N_STATE         = #{nState,jdbcType=INTEGER},
              </if>
               <if test="nAmount !=null">
                    N_AMOUNT        = #{nAmount,jdbcType=INTEGER},
              </if>
               <if test="nLockMax !=null">
                    N_LOCK_MAX      = #{nLockMax,jdbcType=INTEGER},
              </if>
               <if test="nLockMin !=null">
                    N_LOCK_MIN      = #{nLockMin,jdbcType=INTEGER},
              </if>
               <if test="nPublish !=null">
                    N_PUBLISH       = #{nPublish,jdbcType=INTEGER},
              </if>
               <if test="nRecommend !=null">
                    N_RECOMMEND     = #{nRecommend,jdbcType=INTEGER},
              </if>
               <if test="nReturnMax !=null">
                    N_RETURN_MAX    = #{nReturnMax,jdbcType=INTEGER},
              </if>
               <if test="nReturnMin !=null">
                    N_RETURN_MIN    = #{nReturnMin,jdbcType=INTEGER},
              </if>
               <if test="nEarningsRatio !=null">
                    N_EARNINGS_RATIO = #{nEarningsRatio,jdbcType=INTEGER},
              </if>
               <if test="nEarningsThreshold !=null">
                    N_EARNINGS_THRESHOLD = #{nEarningsThreshold,jdbcType=INTEGER},
              </if>
               <if test="dEnd !=null">
                    D_END           = #{dEnd,jdbcType=TIMESTAMP},
              </if>
               <if test="dCreate !=null">
                    D_CREATE        = #{dCreate,jdbcType=TIMESTAMP},
              </if>
               <if test="dLastUpdate !=null">
                    D_LAST_UPDATE   = #{dLastUpdate,jdbcType=TIMESTAMP},
              </if>
               <if test="nOther !=null">
                    N_OTHER         = #{nOther,jdbcType=DECIMAL},
              </if>
               <if test="nPrice !=null">
                    N_PRICE         = #{nPrice,jdbcType=DECIMAL}
              </if>
        </set>
        WHERE
            N_ID            = #{nId,jdbcType=BIGINT}
    </operation>
    -->
    <operation name="deleteByNId"  remark="根据主键删除数据:qmyz_aquaculture_product">
        <![CDATA[
        DELETE FROM qmyz_aquaculture_product
        WHERE
            N_ID = #{nId,jdbcType=BIGINT}
        ]]>
    </operation>

    <operation name="getByNId" multiplicity="one" remark="根据主键获取数据:qmyz_aquaculture_product">
        SELECT *
        FROM qmyz_aquaculture_product
        WHERE
        <![CDATA[
            N_ID = #{nId,jdbcType=BIGINT}
        ]]>
    </operation>

    <!-- 根据普通索引查询数据 -->
    <operation name="queryByQmyzAquacultureProduct1" multiplicity="many" remark="根据普通索引QmyzAquacultureProduct1获取数据:qmyz_aquaculture_product">
        SELECT *
        FROM qmyz_aquaculture_product
        WHERE
        <![CDATA[
            N_STATE         = #{nState,jdbcType=INTEGER}
            AND N_PUBLISH       = #{nPublish,jdbcType=INTEGER}
            AND N_RECOMMEND     = #{nRecommend,jdbcType=INTEGER}
        ]]>
    </operation>





    <operation name="getAquaProductList" multiplicity="paging" paging="aquaProduct"
               paramtype="primitive"  remark="根据主键获取数据:qmyz_aquaculture_product">

        SELECT *
        FROM qmyz_aquaculture_product t
        WHERE t.n_state = 1
        <if test="nPublish !=null">
            and t.N_PUBLISH       = #{nPublish,jdbcType=INTEGER}
        </if>
        <if test="nSearchState == 0">
            and n_publish = 0 and n_amount - n_claim &gt;0 and d_end&gt; now()  and 0=#{nSearchState,jdbcType=INTEGER}
        </if>
        <if test="nSearchState == 1">
            and n_state = 1 and n_publish = 1   and 1=#{nSearchState,jdbcType=INTEGER}
        </if>
        <if test="nSearchState == 2">
            and n_state = 1 and n_publish = 0 and n_amount - n_claim =0   and 2=#{nSearchState,jdbcType=INTEGER}
        </if>
        <if test="nSearchState == 3">
            and n_state = 1 and n_publish = 0 and n_amount - n_claim&gt;0 and d_end &lt;=now()     and 3=#{nSearchState,jdbcType=INTEGER}
        </if>
        <if test="dBeginDate !=null">
            and   ifnull(d_create,CURRENT_DATE()) &gt;= #{dBeginDate,jdbcType=TIMESTAMP}
        </if>
        <if test="dEndDate !=null">
            and   ifnull(d_create,CURRENT_DATE()) &lt;= #{dEndDate,jdbcType=TIMESTAMP}
        </if>
        order by t.n_id
    </operation>

    <operation name="update" paramtype="object" remark="更新表:qmyz_aquaculture_product">
        UPDATE qmyz_aquaculture_product
        <set>
            <if test="sProductName !=null">
                S_PRODUCT_NAME  = #{sProductName,jdbcType=VARCHAR},
            </if>
            <if test="sInsuranceUrl !=null">
                S_INSURANCE_URL = #{sInsuranceUrl,jdbcType=VARCHAR},
            </if>
            <if test="nClaim !=null">
                N_CLAIM         = #{nClaim,jdbcType=INTEGER},
            </if>
            <if test="nState !=null">
                N_STATE         = #{nState,jdbcType=INTEGER},
            </if>
            <if test="nAmount !=null">
                N_AMOUNT        = #{nAmount,jdbcType=INTEGER},
            </if>
            <if test="nLockMax !=null">
                N_LOCK_MAX      = #{nLockMax,jdbcType=INTEGER},
            </if>
            <if test="nLockMin !=null">
                N_LOCK_MIN      = #{nLockMin,jdbcType=INTEGER},
            </if>
            <if test="nPublish !=null">
                N_PUBLISH       = #{nPublish,jdbcType=INTEGER},
            </if>
            <if test="nRecommend !=null">
                N_RECOMMEND     = #{nRecommend,jdbcType=INTEGER},
            </if>
            <if test="nReturnMax !=null">
                N_RETURN_MAX    = #{nReturnMax,jdbcType=INTEGER},
            </if>
            <if test="nReturnMin !=null">
                N_RETURN_MIN    = #{nReturnMin,jdbcType=INTEGER},
            </if>
            <if test="dEnd !=null">
                D_END           = #{dEnd,jdbcType=TIMESTAMP},
            </if>
            <if test="dCreate !=null">
                D_CREATE        = #{dCreate,jdbcType=TIMESTAMP},
            </if>
            <if test="dLastUpdate !=null">
                D_LAST_UPDATE   = #{dLastUpdate,jdbcType=TIMESTAMP},
            </if>
            <if test="nOther !=null">
                N_OTHER         = #{nOther,jdbcType=DECIMAL},
            </if>
            <if test="nPrice !=null">
                N_PRICE         = #{nPrice,jdbcType=DECIMAL}
            </if>
        </set>
        WHERE
        N_ID            = #{nId,jdbcType=BIGINT}
    </operation>

    <resultmap name="willExpireMap" type="ResMapWillExpireVO">
        <column name="n_user_id" javatype="java.lang.Long" jdbctype="BIGINT"  remark="用户ID"/>
        <column name="s_product_name" javatype="String" jdbctype="VARCHAR"  remark="产品名称"/>
        <column name="n_claim" javatype="java.lang.Long" jdbctype="BIGINT"  remark="头数"/>
        <column name="d_income" javatype="java.util.Date" jdbctype="TIMESTAMP"  remark="时间"/>
    </resultmap>

    <operation name="getListWillExpire"  multiplicity="paging" paging="aquaProWillExpire" paramtype="primitive"
               resultmap="willExpireMap"   remark="根据主键获取数据:qmyz_aquaculture_product">
        select t.n_id,
        t.s_product_name,
        t.n_claim,
        min(v.d_income) d_income
        from qmyz_aquaculture_product t,
        qmyz_cattle_manage u,
        qmyz_user_claim v
        where t.n_publish = 0
        and t.n_state = 1
        and t.n_id = u.n_product_id
        and u.s_cattle_code = v.s_cattle_code
        and v.d_income &gt; now()
        and v.d_income &lt; date_add(now(), interval 30 day)
        group by t.n_id,
        t.s_product_name,
        t.n_claim
        order by t.t.n_id
    </operation>


    <operation name="updateRecommend" paramtype="object" remark="更新表:qmyz_aquaculture_product">
        update qmyz_aquaculture_product t
        set t.n_recommend = case when t.n_recommend + 1 > 4 then 0
        else t.n_recommend + 1 end ,
        t.d_last_update = now()
        where t.n_state = 1
        and t.n_publish = 1
        and t.n_recommend > 0
    </operation>

    <resultmap name="aquaClaimMap" type="ResMapAquaClaimVO">
        <column name="n_user_id" javatype="java.lang.Long" jdbctype="BIGINT"  remark="用户ID"/>
        <column name="s_nickname" javatype="String" jdbctype="VARCHAR"  remark="昵称"/>
        <column name="n_num" javatype="java.lang.Long" jdbctype="BIGINT"  remark="数量"/>
    </resultmap>

    <operation name="getListAquaClaim"  multiplicity="many" paramtype="primitive"
               resultmap="aquaClaimMap"   remark="根据主键获取数据:qmyz_aquaculture_product">
        select  n_user_id,s_nickname,n_num from (
        select t.n_user_id,
        (select v.s_nickname
        from qmyz_user_info v
        where v.n_user_id = t.n_user_id) s_nickname,
        sum(u.n_num) n_num
        from qmyz_order t,
        qmyz_order_goods u
        where t.s_state = 1
        and t.n_type = 1
        and t.n_id = u.n_order_id
        and u.n_type = 1
        and u.s_goods_id = concat(#{nId,jdbcType=INTEGER},'')
        group by t.n_user_id ) b
    </operation>


</table>
