<!DOCTYPE table SYSTEM "../config/table-config-1.0.dtd">
<table sqlname="t_todo" physicalName="t_todo" remark="T_TODO">
    <!--  特殊字符说明 &lt;&gt; <> -->
    <!-- baseSql option中 select * 会自动替换为 include -->
    <sql id="Base_Column_List">
        S_REMARK,N_TYPE,N_STATE,N_TODO_ID,N_USER_ID 
        ,D_END_TIME,D_START_TIME
    </sql>

    <!-- baseSql option中 select sf.* 会自动替换为 include -->
    <sql id="Base_SF_Column_List">
        sf.S_REMARK,sf.N_TYPE,sf.N_STATE,sf.N_TODO_ID,sf.N_USER_ID
        ,sf.D_END_TIME,sf.D_START_TIME
    </sql>

    <operation name="insert" paramtype="object" remark="插入表:t_todo">
        <selectKey resultType="java.lang.Long" keyProperty="id" order="AFTER">
            SELECT
            LAST_INSERT_ID()
        </selectKey>
        INSERT INTO t_todo
        <trim prefix="(" suffix=")" suffixOverrides=",">
        <if test="sRemark !=null">
            S_REMARK ,
        </if>
        <if test="nType !=null">
            N_TYPE ,
        </if>
        <if test="nState !=null">
            N_STATE ,
        </if>
        <if test="nTodoId !=null">
            N_TODO_ID ,
        </if>
        <if test="nUserId !=null">
            N_USER_ID ,
        </if>
        <if test="dEndTime !=null">
            D_END_TIME ,
        </if>
        <if test="dStartTime !=null">
            D_START_TIME 
        </if>
        </trim>
        <trim prefix="values (" suffix=")" suffixOverrides=",">
          <if test="sRemark !=null">
              #{sRemark,jdbcType=VARCHAR}  ,
          </if>
          <if test="nType !=null">
              #{nType,jdbcType=TINYINT}  ,
          </if>
          <if test="nState !=null">
              #{nState,jdbcType=TINYINT}  ,
          </if>
          <if test="nTodoId !=null">
              #{nTodoId,jdbcType=INTEGER}  ,
          </if>
          <if test="nUserId !=null">
              #{nUserId,jdbcType=INTEGER}  ,
          </if>
          <if test="dEndTime !=null">
              #{dEndTime,jdbcType=TIMESTAMP}  ,
          </if>
          <if test="dStartTime !=null">
              #{dStartTime,jdbcType=TIMESTAMP}  
          </if>
        </trim>
    </operation>

    <!-- foreach 可以自定义类型，paramtype="primitive" foreach->javatype="自己书写的类"  -->
    <!-- 只有一个参数且为List时必须将参数命名为list -->
    <operation name="insertBatch" paramtype="objectList" remark="批量插入表:t_todo">
        INSERT INTO t_todo(
            S_REMARK
            ,N_TYPE
            ,N_STATE
            ,N_TODO_ID
            ,N_USER_ID
            ,D_END_TIME
            ,D_START_TIME
        )VALUES
        <foreach collection="list"  item="item" separator=",">
            (
                 #{item.sRemark,jdbcType=VARCHAR}
                , #{item.nType,jdbcType=TINYINT}
                , #{item.nState,jdbcType=TINYINT}
                , #{item.nTodoId,jdbcType=INTEGER}
                , #{item.nUserId,jdbcType=INTEGER}
                , #{item.dEndTime,jdbcType=TIMESTAMP}
                , #{item.dStartTime,jdbcType=TIMESTAMP}
            )
        </foreach>
    </operation>

    <!-- 不推荐使用全 update 有需要自己打开
    <operation name="update" paramtype="object" remark="更新表:t_todo">
        UPDATE t_todo
        <set>
               <if test="sRemark !=null">
                    S_REMARK        = #{sRemark,jdbcType=VARCHAR},
              </if>
               <if test="nType !=null">
                    N_TYPE          = #{nType,jdbcType=TINYINT},
              </if>
               <if test="nState !=null">
                    N_STATE         = #{nState,jdbcType=TINYINT},
              </if>
               <if test="nUserId !=null">
                    N_USER_ID       = #{nUserId,jdbcType=INTEGER},
              </if>
               <if test="dEndTime !=null">
                    D_END_TIME      = #{dEndTime,jdbcType=TIMESTAMP},
              </if>
               <if test="dStartTime !=null">
                    D_START_TIME    = #{dStartTime,jdbcType=TIMESTAMP}
              </if>
        </set>
        WHERE
            N_TODO_ID       = #{nTodoId,jdbcType=INTEGER}
    </operation>
    -->
    <operation name="deleteByNTodoId"  remark="根据主键删除数据:t_todo">
        <![CDATA[
        DELETE FROM t_todo
        WHERE
            N_TODO_ID = #{nTodoId,jdbcType=INTEGER}
        ]]>
    </operation>

    <operation name="getByNTodoId" multiplicity="one" remark="根据主键获取数据:t_todo">
        SELECT *
        FROM t_todo
        WHERE
        <![CDATA[
            N_TODO_ID = #{nTodoId,jdbcType=INTEGER}
        ]]>
    </operation>





    <operation name="getTTodoPage"  multiplicity="paging" paging="tTodoPaging" remark="根据主键获取数据:t_todo">
        SELECT *
        FROM t_todo
        order by  n_state asc , n_todo_id desc
    </operation>
</table>
