<!DOCTYPE table SYSTEM "../config/table-config-1.0.dtd">
<table sqlname="qmyz_alipay_log" physicalName="qmyz_alipay_log" remark="支付宝明细表">
    <!--  特殊字符说明 &lt;&gt; <> -->
    <!-- baseSql option中 select * 会自动替换为 include -->
    <sql id="Base_Column_List">
        N_ID,SIGN,APP_ID,BUYER_ID,TRADE_NO 
        ,NOTIFY_ID,SELLER_ID,SIGN_TYPE,NOTIFY_TYPE,OUT_TRADE_NO 
        ,SELLER_EMAIL,TRADE_STATUS,BUYER_LOGON_ID,GMT_CREATE,GMT_PAYMENT 
        ,NOTIFY_TIME,TOTAL_AMOUNT,RECEIPT_AMOUNT,BUYER_PAY_AMOUNT
    </sql>

    <!-- baseSql option中 select sf.* 会自动替换为 include -->
    <sql id="Base_SF_Column_List">
        sf.N_ID,sf.SIGN,sf.APP_ID,sf.BUYER_ID,sf.TRADE_NO
        ,sf.NOTIFY_ID,sf.SELLER_ID,sf.SIGN_TYPE,sf.NOTIFY_TYPE,sf.OUT_TRADE_NO
        ,sf.SELLER_EMAIL,sf.TRADE_STATUS,sf.BUYER_LOGON_ID,sf.GMT_CREATE,sf.GMT_PAYMENT
        ,sf.NOTIFY_TIME,sf.TOTAL_AMOUNT,sf.RECEIPT_AMOUNT,sf.BUYER_PAY_AMOUNT
    </sql>

    <operation name="insert" paramtype="object" remark="插入表:qmyz_alipay_log">
        <selectKey resultType="java.lang.Long" keyProperty="nId" order="BEFORE">
            SELECT nextval_safe('qmyz_alipay_log_seq') as nId  from dual
        </selectKey>
        INSERT INTO qmyz_alipay_log
        <trim prefix="(" suffix=")" suffixOverrides=",">
        <if test="nId !=null">
            N_ID ,
        </if>
        <if test="sign !=null">
            SIGN ,
        </if>
        <if test="appId !=null">
            APP_ID ,
        </if>
        <if test="buyerId !=null">
            BUYER_ID ,
        </if>
        <if test="tradeNo !=null">
            TRADE_NO ,
        </if>
        <if test="notifyId !=null">
            NOTIFY_ID ,
        </if>
        <if test="sellerId !=null">
            SELLER_ID ,
        </if>
        <if test="signType !=null">
            SIGN_TYPE ,
        </if>
        <if test="notifyType !=null">
            NOTIFY_TYPE ,
        </if>
        <if test="outTradeNo !=null">
            OUT_TRADE_NO ,
        </if>
        <if test="sellerEmail !=null">
            SELLER_EMAIL ,
        </if>
        <if test="tradeStatus !=null">
            TRADE_STATUS ,
        </if>
        <if test="buyerLogonId !=null">
            BUYER_LOGON_ID ,
        </if>
        <if test="gmtCreate !=null">
            GMT_CREATE ,
        </if>
        <if test="gmtPayment !=null">
            GMT_PAYMENT ,
        </if>
        <if test="notifyTime !=null">
            NOTIFY_TIME ,
        </if>
        <if test="totalAmount !=null">
            TOTAL_AMOUNT ,
        </if>
        <if test="receiptAmount !=null">
            RECEIPT_AMOUNT ,
        </if>
        <if test="buyerPayAmount !=null">
            BUYER_PAY_AMOUNT 
        </if>
        </trim>
        <trim prefix="values (" suffix=")" suffixOverrides=",">
          <if test="nId !=null">
              #{nId,jdbcType=BIGINT}  ,
          </if>
          <if test="sign !=null">
              #{sign,jdbcType=VARCHAR}  ,
          </if>
          <if test="appId !=null">
              #{appId,jdbcType=VARCHAR}  ,
          </if>
          <if test="buyerId !=null">
              #{buyerId,jdbcType=VARCHAR}  ,
          </if>
          <if test="tradeNo !=null">
              #{tradeNo,jdbcType=VARCHAR}  ,
          </if>
          <if test="notifyId !=null">
              #{notifyId,jdbcType=VARCHAR}  ,
          </if>
          <if test="sellerId !=null">
              #{sellerId,jdbcType=VARCHAR}  ,
          </if>
          <if test="signType !=null">
              #{signType,jdbcType=VARCHAR}  ,
          </if>
          <if test="notifyType !=null">
              #{notifyType,jdbcType=VARCHAR}  ,
          </if>
          <if test="outTradeNo !=null">
              #{outTradeNo,jdbcType=VARCHAR}  ,
          </if>
          <if test="sellerEmail !=null">
              #{sellerEmail,jdbcType=VARCHAR}  ,
          </if>
          <if test="tradeStatus !=null">
              #{tradeStatus,jdbcType=VARCHAR}  ,
          </if>
          <if test="buyerLogonId !=null">
              #{buyerLogonId,jdbcType=VARCHAR}  ,
          </if>
          <if test="gmtCreate !=null">
              now()  ,
          </if>
          <if test="gmtPayment !=null">
              #{gmtPayment,jdbcType=TIMESTAMP}  ,
          </if>
          <if test="notifyTime !=null">
              #{notifyTime,jdbcType=TIMESTAMP}  ,
          </if>
          <if test="totalAmount !=null">
              #{totalAmount,jdbcType=DECIMAL}  ,
          </if>
          <if test="receiptAmount !=null">
              #{receiptAmount,jdbcType=DECIMAL}  ,
          </if>
          <if test="buyerPayAmount !=null">
              #{buyerPayAmount,jdbcType=DECIMAL}  
          </if>
        </trim>
    </operation>

    <!-- foreach 可以自定义类型，paramtype="primitive" foreach->javatype="自己书写的类"  -->
    <!-- 只有一个参数且为List时必须将参数命名为list -->
    <operation name="insertBatch" paramtype="objectList" remark="批量插入表:qmyz_alipay_log">
        INSERT INTO qmyz_alipay_log(
            N_ID
            ,SIGN
            ,APP_ID
            ,BUYER_ID
            ,TRADE_NO
            ,NOTIFY_ID
            ,SELLER_ID
            ,SIGN_TYPE
            ,NOTIFY_TYPE
            ,OUT_TRADE_NO
            ,SELLER_EMAIL
            ,TRADE_STATUS
            ,BUYER_LOGON_ID
            ,GMT_CREATE
            ,GMT_PAYMENT
            ,NOTIFY_TIME
            ,TOTAL_AMOUNT
            ,RECEIPT_AMOUNT
            ,BUYER_PAY_AMOUNT
        )VALUES
        <foreach collection="list"  item="item" separator=",">
            (
                 #{item.nId,jdbcType=BIGINT}
                , #{item.sign,jdbcType=VARCHAR}
                , #{item.appId,jdbcType=VARCHAR}
                , #{item.buyerId,jdbcType=VARCHAR}
                , #{item.tradeNo,jdbcType=VARCHAR}
                , #{item.notifyId,jdbcType=VARCHAR}
                , #{item.sellerId,jdbcType=VARCHAR}
                , #{item.signType,jdbcType=VARCHAR}
                , #{item.notifyType,jdbcType=VARCHAR}
                , #{item.outTradeNo,jdbcType=VARCHAR}
                , #{item.sellerEmail,jdbcType=VARCHAR}
                , #{item.tradeStatus,jdbcType=VARCHAR}
                , #{item.buyerLogonId,jdbcType=VARCHAR}
                , now()
                , #{item.gmtPayment,jdbcType=TIMESTAMP}
                , #{item.notifyTime,jdbcType=TIMESTAMP}
                , #{item.totalAmount,jdbcType=DECIMAL}
                , #{item.receiptAmount,jdbcType=DECIMAL}
                , #{item.buyerPayAmount,jdbcType=DECIMAL}
            )
        </foreach>
    </operation>

    <!-- 不推荐使用全 update 有需要自己打开
    <operation name="update" paramtype="object" remark="更新表:qmyz_alipay_log">
        UPDATE qmyz_alipay_log
        <set>
               <if test="sign !=null">
                    SIGN            = #{sign,jdbcType=VARCHAR},
              </if>
               <if test="appId !=null">
                    APP_ID          = #{appId,jdbcType=VARCHAR},
              </if>
               <if test="buyerId !=null">
                    BUYER_ID        = #{buyerId,jdbcType=VARCHAR},
              </if>
               <if test="tradeNo !=null">
                    TRADE_NO        = #{tradeNo,jdbcType=VARCHAR},
              </if>
               <if test="notifyId !=null">
                    NOTIFY_ID       = #{notifyId,jdbcType=VARCHAR},
              </if>
               <if test="sellerId !=null">
                    SELLER_ID       = #{sellerId,jdbcType=VARCHAR},
              </if>
               <if test="signType !=null">
                    SIGN_TYPE       = #{signType,jdbcType=VARCHAR},
              </if>
               <if test="notifyType !=null">
                    NOTIFY_TYPE     = #{notifyType,jdbcType=VARCHAR},
              </if>
               <if test="outTradeNo !=null">
                    OUT_TRADE_NO    = #{outTradeNo,jdbcType=VARCHAR},
              </if>
               <if test="sellerEmail !=null">
                    SELLER_EMAIL    = #{sellerEmail,jdbcType=VARCHAR},
              </if>
               <if test="tradeStatus !=null">
                    TRADE_STATUS    = #{tradeStatus,jdbcType=VARCHAR},
              </if>
               <if test="buyerLogonId !=null">
                    BUYER_LOGON_ID  = #{buyerLogonId,jdbcType=VARCHAR},
              </if>
               <if test="gmtPayment !=null">
                    GMT_PAYMENT     = #{gmtPayment,jdbcType=TIMESTAMP},
              </if>
               <if test="notifyTime !=null">
                    NOTIFY_TIME     = #{notifyTime,jdbcType=TIMESTAMP},
              </if>
               <if test="totalAmount !=null">
                    TOTAL_AMOUNT    = #{totalAmount,jdbcType=DECIMAL},
              </if>
               <if test="receiptAmount !=null">
                    RECEIPT_AMOUNT  = #{receiptAmount,jdbcType=DECIMAL},
              </if>
               <if test="buyerPayAmount !=null">
                    BUYER_PAY_AMOUNT = #{buyerPayAmount,jdbcType=DECIMAL},
              </if>
        </set>
        WHERE
            N_ID            = #{nId,jdbcType=BIGINT}
    </operation>
    -->
    <operation name="deleteByNId"  remark="根据主键删除数据:qmyz_alipay_log">
        <![CDATA[
        DELETE FROM qmyz_alipay_log
        WHERE
            N_ID = #{nId,jdbcType=BIGINT}
        ]]>
    </operation>

    <operation name="getByNId" multiplicity="one" remark="根据主键获取数据:qmyz_alipay_log">
        SELECT *
        FROM qmyz_alipay_log
        WHERE
        <![CDATA[
            N_ID = #{nId,jdbcType=BIGINT}
        ]]>
    </operation>

</table>
