<!DOCTYPE table SYSTEM "../config/table-config-1.0.dtd">
<table sqlname="qmyz_news_detail" physicalName="qmyz_news_detail" remark="用户消息明细表">
    <!--  特殊字符说明 &lt;&gt; <> -->
    <!-- baseSql option中 select * 会自动替换为 include -->
    <sql id="Base_Column_List">
        N_ID,N_USER_ID,N_ORDER_ID,S_NEWS_TYPE,S_CATTLE_CODE 
        ,D_CREATE
    </sql>

    <!-- baseSql option中 select sf.* 会自动替换为 include -->
    <sql id="Base_SF_Column_List">
        sf.N_ID,sf.N_USER_ID,sf.N_ORDER_ID,sf.S_NEWS_TYPE,sf.S_CATTLE_CODE
        ,sf.D_CREATE
    </sql>

    <operation name="insert" paramtype="object" remark="插入表:qmyz_news_detail">
        <selectKey resultType="java.lang.Long" keyProperty="nId" order="BEFORE">
            SELECT nextval_safe('qmyz_news_detail_seq') as nId  from dual
        </selectKey>
        INSERT INTO qmyz_news_detail
        <trim prefix="(" suffix=")" suffixOverrides=",">
        <if test="nId !=null">
            N_ID ,
        </if>
        <if test="nUserId !=null">
            N_USER_ID ,
        </if>
        <if test="nOrderId !=null">
            N_ORDER_ID ,
        </if>
        <if test="sNewsType !=null">
            S_NEWS_TYPE ,
        </if>
        <if test="sCattleCode !=null">
            S_CATTLE_CODE ,
        </if>
        <if test="dCreate !=null">
            D_CREATE 
        </if>
        </trim>
        <trim prefix="values (" suffix=")" suffixOverrides=",">
        <if test="nId !=null">
            #{nId,jdbcType=BIGINT}  ,
        </if>
          <if test="nUserId !=null">
              #{nUserId,jdbcType=BIGINT}  ,
          </if>
          <if test="nOrderId !=null">
              #{nOrderId,jdbcType=BIGINT}  ,
          </if>
          <if test="sNewsType !=null">
              #{sNewsType,jdbcType=VARCHAR}  ,
          </if>
          <if test="sCattleCode !=null">
              #{sCattleCode,jdbcType=VARCHAR}  ,
          </if>
          <if test="dCreate !=null">
              #{dCreate,jdbcType=TIMESTAMP}  
          </if>
        </trim>
    </operation>

    <!-- foreach 可以自定义类型，paramtype="primitive" foreach->javatype="自己书写的类"  -->
    <!-- 只有一个参数且为List时必须将参数命名为list -->
    <operation name="insertBatch" paramtype="objectList" remark="批量插入表:qmyz_news_detail">
        INSERT INTO qmyz_news_detail(
            N_ID
            ,N_USER_ID
            ,N_ORDER_ID
            ,S_NEWS_TYPE
            ,S_CATTLE_CODE
            ,D_CREATE
        )VALUES
        <foreach collection="list"  item="item" separator=",">
            (
                 #{item.nId,jdbcType=BIGINT}
                , #{item.nUserId,jdbcType=BIGINT}
                , #{item.nOrderId,jdbcType=BIGINT}
                , #{item.sNewsType,jdbcType=VARCHAR}
                , #{item.sCattleCode,jdbcType=VARCHAR}
                , #{item.dCreate,jdbcType=TIMESTAMP}
            )
        </foreach>
    </operation>

    <!-- 不推荐使用全 update 有需要自己打开
    <operation name="update" paramtype="object" remark="更新表:qmyz_news_detail">
        UPDATE qmyz_news_detail
        <set>
               <if test="nUserId !=null">
                    N_USER_ID       = #{nUserId,jdbcType=BIGINT},
              </if>
               <if test="nOrderId !=null">
                    N_ORDER_ID      = #{nOrderId,jdbcType=BIGINT},
              </if>
               <if test="sNewsType !=null">
                    S_NEWS_TYPE     = #{sNewsType,jdbcType=VARCHAR},
              </if>
               <if test="sCattleCode !=null">
                    S_CATTLE_CODE   = #{sCattleCode,jdbcType=VARCHAR},
              </if>
               <if test="dCreate !=null">
                    D_CREATE        = #{dCreate,jdbcType=TIMESTAMP}
              </if>
        </set>
        WHERE
            N_ID            = #{nId,jdbcType=BIGINT}
    </operation>
    -->
    <operation name="deleteByNId"  remark="根据主键删除数据:qmyz_news_detail">
        <![CDATA[
        DELETE FROM qmyz_news_detail
        WHERE
            N_ID = #{nId,jdbcType=BIGINT}
        ]]>
    </operation>

    <operation name="getByNId" multiplicity="one" remark="根据主键获取数据:qmyz_news_detail">
        SELECT *
        FROM qmyz_news_detail
        WHERE
        <![CDATA[
            N_ID = #{nId,jdbcType=BIGINT}
        ]]>
    </operation>

</table>
