<!DOCTYPE table SYSTEM "../config/table-config-1.0.dtd">
<table sqlname="qmyz_order_goods" physicalName="qmyz_order_goods" remark="订单商品表">
    <!--  特殊字符说明 &lt;&gt; <> -->
    <!-- baseSql option中 select * 会自动替换为 include -->
    <sql id="Base_Column_List">
        N_ORDER_ID,S_GOODS_ID,N_NUM,N_TYPE
    </sql>

    <!-- baseSql option中 select sf.* 会自动替换为 include -->
    <sql id="Base_SF_Column_List">
        sf.N_ORDER_ID,sf.S_GOODS_ID,sf.N_NUM,sf.N_TYPE
    </sql>

    <operation name="insert" paramtype="object" remark="插入表:qmyz_order_goods">
        <selectKey resultType="java.lang.Long" keyProperty="id" order="AFTER">
            SELECT
            LAST_INSERT_ID()
        </selectKey>
        INSERT INTO qmyz_order_goods
        <trim prefix="(" suffix=")" suffixOverrides=",">
        <if test="nOrderId !=null">
            N_ORDER_ID ,
        </if>
        <if test="sGoodsId !=null">
            S_GOODS_ID ,
        </if>
        <if test="nNum !=null">
            N_NUM ,
        </if>
        <if test="nType !=null">
            N_TYPE 
        </if>
        </trim>
        <trim prefix="values (" suffix=")" suffixOverrides=",">
          <if test="nOrderId !=null">
              #{nOrderId,jdbcType=BIGINT}  ,
          </if>
          <if test="sGoodsId !=null">
              #{sGoodsId,jdbcType=VARCHAR}  ,
          </if>
          <if test="nNum !=null">
              #{nNum,jdbcType=INTEGER}  ,
          </if>
          <if test="nType !=null">
              #{nType,jdbcType=INTEGER}  
          </if>
        </trim>
    </operation>

    <!-- foreach 可以自定义类型，paramtype="primitive" foreach->javatype="自己书写的类"  -->
    <!-- 只有一个参数且为List时必须将参数命名为list -->
    <operation name="insertBatch" paramtype="objectList" remark="批量插入表:qmyz_order_goods">
        INSERT INTO qmyz_order_goods(
            N_ORDER_ID
            ,S_GOODS_ID
            ,N_NUM
            ,N_TYPE
        )VALUES
        <foreach collection="list"  item="item" separator=",">
            (
                 #{item.nOrderId,jdbcType=BIGINT}
                , #{item.sGoodsId,jdbcType=VARCHAR}
                , #{item.nNum,jdbcType=INTEGER}
                , #{item.nType,jdbcType=INTEGER}
            )
        </foreach>
    </operation>

    <!-- 不推荐使用全 update 有需要自己打开
    <operation name="update" paramtype="object" remark="更新表:qmyz_order_goods">
        UPDATE qmyz_order_goods
        <set>
               <if test="nNum !=null">
                    N_NUM           = #{nNum,jdbcType=INTEGER},
              </if>
               <if test="nType !=null">
                    N_TYPE          = #{nType,jdbcType=INTEGER},
              </if>
        </set>
        WHERE
            N_ORDER_ID      = #{nOrderId,jdbcType=BIGINT}
            AND S_GOODS_ID      = #{sGoodsId,jdbcType=VARCHAR}
    </operation>
    -->
    <operation name="deleteByPrimary"  remark="根据主键删除数据:qmyz_order_goods">
        <![CDATA[
        DELETE FROM qmyz_order_goods
        WHERE
            N_ORDER_ID = #{nOrderId,jdbcType=BIGINT}
            AND S_GOODS_ID = #{sGoodsId,jdbcType=VARCHAR}
        ]]>
    </operation>

    <operation name="getByPrimary" multiplicity="one" remark="根据主键获取数据:qmyz_order_goods">
        SELECT *
        FROM qmyz_order_goods
        WHERE
        <![CDATA[
            N_ORDER_ID = #{nOrderId,jdbcType=BIGINT}
            AND S_GOODS_ID = #{sGoodsId,jdbcType=VARCHAR}
        ]]>
    </operation>





    <operation name="getInfoById" multiplicity="many" remark="根据主键获取数据:qmyz_order_goods">
        SELECT *
        FROM qmyz_order_goods
        WHERE
        <![CDATA[
            N_ORDER_ID = #{nOrderId,jdbcType=BIGINT}
            AND N_TYPE     = #{nType,jdbcType=INTEGER}
        ]]>
    </operation>
</table>
