<!DOCTYPE table SYSTEM "../config/table-config-1.0.dtd">
<table sqlname="qmyz_user_account" physicalName="qmyz_user_account" remark="用户账号表">
    <!--  特殊字符说明 &lt;&gt; <> -->
    <!-- baseSql option中 select * 会自动替换为 include -->
    <sql id="Base_Column_List">
        N_USER_ID,N_RECOMMEND_ID,S_OPENID,D_CREATE
    </sql>

    <!-- baseSql option中 select sf.* 会自动替换为 include -->
    <sql id="Base_SF_Column_List">
        sf.N_USER_ID,sf.N_RECOMMEND_ID,sf.S_OPENID,sf.D_CREATE
    </sql>

    <operation name="insert" paramtype="object" remark="插入表:qmyz_user_account">
        <selectKey resultType="java.lang.Long" keyProperty="id" order="AFTER">
            SELECT
            LAST_INSERT_ID()
        </selectKey>
        INSERT INTO qmyz_user_account
        <trim prefix="(" suffix=")" suffixOverrides=",">
        <if test="nUserId !=null">
            N_USER_ID ,
        </if>
        <if test="nRecommendId !=null">
            N_RECOMMEND_ID ,
        </if>
        <if test="sOpenid !=null">
            S_OPENID ,
        </if>
        <if test="dCreate !=null">
            D_CREATE 
        </if>
        </trim>
        <trim prefix="values (" suffix=")" suffixOverrides=",">
          <if test="nUserId !=null">
              #{nUserId,jdbcType=BIGINT}  ,
          </if>
          <if test="nRecommendId !=null">
              #{nRecommendId,jdbcType=BIGINT}  ,
          </if>
          <if test="sOpenid !=null">
              #{sOpenid,jdbcType=VARCHAR}  ,
          </if>
          <if test="dCreate !=null">
              #{dCreate,jdbcType=TIMESTAMP}  
          </if>
        </trim>
    </operation>

    <!-- foreach 可以自定义类型，paramtype="primitive" foreach->javatype="自己书写的类"  -->
    <!-- 只有一个参数且为List时必须将参数命名为list -->
    <operation name="insertBatch" paramtype="objectList" remark="批量插入表:qmyz_user_account">
        INSERT INTO qmyz_user_account(
            N_USER_ID
            ,N_RECOMMEND_ID
            ,S_OPENID
            ,D_CREATE
        )VALUES
        <foreach collection="list"  item="item" separator=",">
            (
                 #{item.nUserId,jdbcType=BIGINT}
                , #{item.nRecommendId,jdbcType=BIGINT}
                , #{item.sOpenid,jdbcType=VARCHAR}
                , #{item.dCreate,jdbcType=TIMESTAMP}
            )
        </foreach>
    </operation>

    <!-- 不推荐使用全 update 有需要自己打开
    <operation name="update" paramtype="object" remark="更新表:qmyz_user_account">
        UPDATE qmyz_user_account
        <set>
               <if test="nRecommendId !=null">
                    N_RECOMMEND_ID  = #{nRecommendId,jdbcType=BIGINT},
              </if>
               <if test="sOpenid !=null">
                    S_OPENID        = #{sOpenid,jdbcType=VARCHAR},
              </if>
               <if test="dCreate !=null">
                    D_CREATE        = #{dCreate,jdbcType=TIMESTAMP}
              </if>
        </set>
        WHERE
            N_USER_ID       = #{nUserId,jdbcType=BIGINT}
    </operation>
    -->
    <operation name="deleteByNUserId"  remark="根据主键删除数据:qmyz_user_account">
        <![CDATA[
        DELETE FROM qmyz_user_account
        WHERE
            N_USER_ID = #{nUserId,jdbcType=BIGINT}
        ]]>
    </operation>

    <operation name="getByNUserId" multiplicity="one" remark="根据主键获取数据:qmyz_user_account">
        SELECT *
        FROM qmyz_user_account
        WHERE
        <![CDATA[
            N_USER_ID = #{nUserId,jdbcType=BIGINT}
        ]]>
    </operation>

    <!-- 根据唯一约束操作数据 -->
    <operation name="updateByUdxQmyzUserAccount1" paramtype="object" remark="根据唯一约束UdxQmyzUserAccount1更新表:qmyz_user_account">
        <![CDATA[
        UPDATE qmyz_user_account
        SET
                N_RECOMMEND_ID  = #{nRecommendId,jdbcType=BIGINT}
                ,D_CREATE        = #{dCreate,jdbcType=TIMESTAMP}
        WHERE
            S_OPENID        = #{sOpenid,jdbcType=VARCHAR}
        ]]>
    </operation>

    <operation name="deleteByUdxQmyzUserAccount1" remark="根据唯一约束UdxQmyzUserAccount1删除数据:qmyz_user_account">
        <![CDATA[
        DELETE FROM qmyz_user_account
        WHERE
            S_OPENID        = #{sOpenid,jdbcType=VARCHAR}
        ]]>
    </operation>

    <operation name="getByUdxQmyzUserAccount1" multiplicity="one" remark="根据唯一约束UdxQmyzUserAccount1获取数据:qmyz_user_account">
        SELECT *
        FROM qmyz_user_account
        WHERE
        <![CDATA[
            S_OPENID        = #{sOpenid,jdbcType=VARCHAR}
        ]]>
    </operation>






</table>
