<!DOCTYPE table SYSTEM "../config/table-config-1.0.dtd">
<table sqlname="qmyz_order" physicalName="qmyz_order" remark="订单信息表">
    <!--  特殊字符说明 &lt;&gt; <> -->
    <!-- baseSql option中 select * 会自动替换为 include -->
    <sql id="Base_Column_List">
        N_ID,N_USER_ID,S_STATE,S_ORDER_ID,S_EVALUATE 
        ,S_CONTRACT_PIC,S_LEAVE_MESSAGE,S_CONTRACT_CHOICE,N_TYPE,D_CREATE 
        ,D_PAY_TIME,D_LAST_UPDATE,N_POST,N_TOTAL,N_PAYMENT
    </sql>

    <!-- baseSql option中 select sf.* 会自动替换为 include -->
    <sql id="Base_SF_Column_List">
        sf.N_ID,sf.N_USER_ID,sf.S_STATE,sf.S_ORDER_ID,sf.S_EVALUATE
        ,sf.S_CONTRACT_PIC,sf.S_LEAVE_MESSAGE,sf.S_CONTRACT_CHOICE,sf.N_TYPE,sf.D_CREATE
        ,sf.D_PAY_TIME,sf.D_LAST_UPDATE,sf.N_POST,sf.N_TOTAL,sf.N_PAYMENT
    </sql>

    <operation name="insert" paramtype="object" remark="插入表:qmyz_order">
        <selectKey resultType="java.lang.Long" keyProperty="id" order="AFTER">
            SELECT
            LAST_INSERT_ID()
        </selectKey>
        INSERT INTO qmyz_order
        <trim prefix="(" suffix=")" suffixOverrides=",">
        <if test="nId !=null">
            N_ID ,
        </if>
        <if test="nUserId !=null">
            N_USER_ID ,
        </if>
        <if test="sState !=null">
            S_STATE ,
        </if>
        <if test="sOrderId !=null">
            S_ORDER_ID ,
        </if>
        <if test="sEvaluate !=null">
            S_EVALUATE ,
        </if>
        <if test="sContractPic !=null">
            S_CONTRACT_PIC ,
        </if>
        <if test="sLeaveMessage !=null">
            S_LEAVE_MESSAGE ,
        </if>
        <if test="sContractChoice !=null">
            S_CONTRACT_CHOICE ,
        </if>
        <if test="nType !=null">
            N_TYPE ,
        </if>
        <if test="dCreate !=null">
            D_CREATE ,
        </if>
        <if test="dPayTime !=null">
            D_PAY_TIME ,
        </if>
        <if test="dLastUpdate !=null">
            D_LAST_UPDATE ,
        </if>
        <if test="nPost !=null">
            N_POST ,
        </if>
        <if test="nTotal !=null">
            N_TOTAL ,
        </if>
        <if test="nPayment !=null">
            N_PAYMENT 
        </if>
        </trim>
        <trim prefix="values (" suffix=")" suffixOverrides=",">
          <if test="nId !=null">
              #{nId,jdbcType=BIGINT}  ,
          </if>
          <if test="nUserId !=null">
              #{nUserId,jdbcType=BIGINT}  ,
          </if>
          <if test="sState !=null">
              #{sState,jdbcType=VARCHAR}  ,
          </if>
          <if test="sOrderId !=null">
              #{sOrderId,jdbcType=VARCHAR}  ,
          </if>
          <if test="sEvaluate !=null">
              #{sEvaluate,jdbcType=VARCHAR}  ,
          </if>
          <if test="sContractPic !=null">
              #{sContractPic,jdbcType=VARCHAR}  ,
          </if>
          <if test="sLeaveMessage !=null">
              #{sLeaveMessage,jdbcType=VARCHAR}  ,
          </if>
          <if test="sContractChoice !=null">
              #{sContractChoice,jdbcType=VARCHAR}  ,
          </if>
          <if test="nType !=null">
              #{nType,jdbcType=INTEGER}  ,
          </if>
          <if test="dCreate !=null">
              #{dCreate,jdbcType=TIMESTAMP}  ,
          </if>
          <if test="dPayTime !=null">
              #{dPayTime,jdbcType=TIMESTAMP}  ,
          </if>
          <if test="dLastUpdate !=null">
              #{dLastUpdate,jdbcType=TIMESTAMP}  ,
          </if>
          <if test="nPost !=null">
              #{nPost,jdbcType=DECIMAL}  ,
          </if>
          <if test="nTotal !=null">
              #{nTotal,jdbcType=DECIMAL}  ,
          </if>
          <if test="nPayment !=null">
              #{nPayment,jdbcType=DECIMAL}  
          </if>
        </trim>
    </operation>

    <!-- foreach 可以自定义类型，paramtype="primitive" foreach->javatype="自己书写的类"  -->
    <!-- 只有一个参数且为List时必须将参数命名为list -->
    <operation name="insertBatch" paramtype="objectList" remark="批量插入表:qmyz_order">
        INSERT INTO qmyz_order(
            N_ID
            ,N_USER_ID
            ,S_STATE
            ,S_ORDER_ID
            ,S_EVALUATE
            ,S_CONTRACT_PIC
            ,S_LEAVE_MESSAGE
            ,S_CONTRACT_CHOICE
            ,N_TYPE
            ,D_CREATE
            ,D_PAY_TIME
            ,D_LAST_UPDATE
            ,N_POST
            ,N_TOTAL
            ,N_PAYMENT
        )VALUES
        <foreach collection="list"  item="item" separator=",">
            (
                 #{item.nId,jdbcType=BIGINT}
                , #{item.nUserId,jdbcType=BIGINT}
                , #{item.sState,jdbcType=VARCHAR}
                , #{item.sOrderId,jdbcType=VARCHAR}
                , #{item.sEvaluate,jdbcType=VARCHAR}
                , #{item.sContractPic,jdbcType=VARCHAR}
                , #{item.sLeaveMessage,jdbcType=VARCHAR}
                , #{item.sContractChoice,jdbcType=VARCHAR}
                , #{item.nType,jdbcType=INTEGER}
                , #{item.dCreate,jdbcType=TIMESTAMP}
                , #{item.dPayTime,jdbcType=TIMESTAMP}
                , #{item.dLastUpdate,jdbcType=TIMESTAMP}
                , #{item.nPost,jdbcType=DECIMAL}
                , #{item.nTotal,jdbcType=DECIMAL}
                , #{item.nPayment,jdbcType=DECIMAL}
            )
        </foreach>
    </operation>

    <!-- 不推荐使用全 update 有需要自己打开
    <operation name="update" paramtype="object" remark="更新表:qmyz_order">
        UPDATE qmyz_order
        <set>
               <if test="nUserId !=null">
                    N_USER_ID       = #{nUserId,jdbcType=BIGINT},
              </if>
               <if test="sState !=null">
                    S_STATE         = #{sState,jdbcType=VARCHAR},
              </if>
               <if test="sOrderId !=null">
                    S_ORDER_ID      = #{sOrderId,jdbcType=VARCHAR},
              </if>
               <if test="sEvaluate !=null">
                    S_EVALUATE      = #{sEvaluate,jdbcType=VARCHAR},
              </if>
               <if test="sContractPic !=null">
                    S_CONTRACT_PIC  = #{sContractPic,jdbcType=VARCHAR},
              </if>
               <if test="sLeaveMessage !=null">
                    S_LEAVE_MESSAGE = #{sLeaveMessage,jdbcType=VARCHAR},
              </if>
               <if test="sContractChoice !=null">
                    S_CONTRACT_CHOICE = #{sContractChoice,jdbcType=VARCHAR},
              </if>
               <if test="nType !=null">
                    N_TYPE          = #{nType,jdbcType=INTEGER},
              </if>
               <if test="dCreate !=null">
                    D_CREATE        = #{dCreate,jdbcType=TIMESTAMP},
              </if>
               <if test="dPayTime !=null">
                    D_PAY_TIME      = #{dPayTime,jdbcType=TIMESTAMP},
              </if>
               <if test="dLastUpdate !=null">
                    D_LAST_UPDATE   = #{dLastUpdate,jdbcType=TIMESTAMP},
              </if>
               <if test="nPost !=null">
                    N_POST          = #{nPost,jdbcType=DECIMAL},
              </if>
               <if test="nTotal !=null">
                    N_TOTAL         = #{nTotal,jdbcType=DECIMAL},
              </if>
               <if test="nPayment !=null">
                    N_PAYMENT       = #{nPayment,jdbcType=DECIMAL}
              </if>
        </set>
        WHERE
            N_ID            = #{nId,jdbcType=BIGINT}
    </operation>
    -->
    <operation name="deleteByNId"  remark="根据主键删除数据:qmyz_order">
        <![CDATA[
        DELETE FROM qmyz_order
        WHERE
            N_ID = #{nId,jdbcType=BIGINT}
        ]]>
    </operation>

    <operation name="getByNId" multiplicity="one" remark="根据主键获取数据:qmyz_order">
        SELECT *
        FROM qmyz_order
        WHERE
        <![CDATA[
            N_ID = #{nId,jdbcType=BIGINT}
        ]]>
    </operation>





    <operation name="updateCannel" paramtype="object" remark="更新表:qmyz_order">
        UPDATE qmyz_order
        <set>
            <if test="sState !=null">
                S_STATE         = #{sState,jdbcType=VARCHAR},
            </if>
            <if test="dLastUpdate !=null">
                D_LAST_UPDATE   = #{dLastUpdate,jdbcType=TIMESTAMP},
            </if>
        </set>
        WHERE
        N_ID            = #{nId,jdbcType=BIGINT}
        and  N_USER_ID       = #{nUserId,jdbcType=BIGINT}
        and  S_ORDER_ID      = #{sOrderId,jdbcType=VARCHAR}
        and  S_STATE = 0
    </operation>

    <operation name="getByNUserId" multiplicity="one" remark="根据主键获取数据:qmyz_order">
        SELECT *
        FROM qmyz_order
        WHERE
        S_ORDER_ID      = #{sOrderId,jdbcType=VARCHAR}
        and  N_USER_ID       = #{nUserId,jdbcType=BIGINT}
    </operation>

    <operation name="getListBysState" multiplicity="many" remark="根据主键获取数据:qmyz_order">
        select b.n_id,
        b.n_user_id,
        b.n_type
        from (select a.n_id,
        a.n_user_id,
        a.n_type,
        substring_index(group_concat(a.n_pay_type order by a.d_create desc), ',', 1) n_pay_type
        from (select t.n_id, t.n_user_id, t.n_type, u.n_pay_type, u.d_create
        from qmyz_order t, qmyz_order_payment u
        where t.s_state= '0'
        and t.d_create &lt; date_sub(now(), interval 1 hour)
        and t.n_id= u.n_order_id) a
        group by a.n_id, a.n_user_id, a.n_type) b
        where b.n_pay_type in (1, 2, 6)
    </operation>

    <operation name="getBySOrderId" multiplicity="one" remark="根据主键获取数据:qmyz_order">
        SELECT *
        FROM qmyz_order
        WHERE
        S_ORDER_ID      = #{sOrderId,jdbcType=VARCHAR}
    </operation>

    <operation name="update" paramtype="object" remark="更新表:qmyz_order">
        UPDATE qmyz_order
        <set>
            <if test="nUserId !=null">
                N_USER_ID       = #{nUserId,jdbcType=BIGINT},
            </if>
            <if test="sState !=null">
                S_STATE         = #{sState,jdbcType=VARCHAR},
            </if>
            <if test="sOrderId !=null">
                S_ORDER_ID      = #{sOrderId,jdbcType=VARCHAR},
            </if>
            <if test="sEvaluate !=null">
                S_EVALUATE      = #{sEvaluate,jdbcType=VARCHAR},
            </if>
            <if test="sContractPic !=null">
                S_CONTRACT_PIC  = #{sContractPic,jdbcType=VARCHAR},
            </if>
            <if test="sLeaveMessage !=null">
                S_LEAVE_MESSAGE = #{sLeaveMessage,jdbcType=VARCHAR},
            </if>
            <if test="sContractChoice !=null">
                S_CONTRACT_CHOICE = #{sContractChoice,jdbcType=VARCHAR},
            </if>
            <if test="nType !=null">
                N_TYPE          = #{nType,jdbcType=INTEGER},
            </if>
            <if test="dCreate !=null">
                D_CREATE        = #{dCreate,jdbcType=TIMESTAMP},
            </if>
            <if test="dPayTime !=null">
                D_PAY_TIME      = #{dPayTime,jdbcType=TIMESTAMP},
            </if>
            <if test="dLastUpdate !=null">
                D_LAST_UPDATE   = #{dLastUpdate,jdbcType=TIMESTAMP},
            </if>
            <if test="nPost !=null">
                N_POST          = #{nPost,jdbcType=DECIMAL},
            </if>
            <if test="nTotal !=null">
                N_TOTAL         = #{nTotal,jdbcType=DECIMAL},
            </if>
            <if test="nPayment !=null">
                N_PAYMENT       = #{nPayment,jdbcType=DECIMAL}
            </if>
        </set>
        WHERE
        N_ID            = #{nId,jdbcType=BIGINT}
    </operation>


    <resultmap name="orderContractMap" type="ResMapOrderContractVO">
        <column name="s_name" javatype="String" jdbctype="VARCHAR"   remark="名称"/>
        <column name="s_phone" javatype="String" jdbctype="VARCHAR"   remark="图片"/>
        <column name="s_mail" javatype="String" jdbctype="VARCHAR"   remark="邮件"/>
        <column name="n_total" javatype="java.math.BigDecimal" jdbctype="DECIMAL"  remark="价格"/>
        <column name="n_num"  javatype="int" jdbctype="INTEGER"  remark="数量"/>
        <column name="s_cattle_codes" javatype="String" jdbctype="VARCHAR"   remark="角标"/>
    </resultmap>

    <operation name="getOrderContract" multiplicity="one"  paramtype="primitive"
               resultmap="orderContractMap" remark="根据主键获取数据:qmyz_order">
        SELECT u.s_name,
        u.s_phone,
        u.s_mail,
        x.n_price + x.n_other n_total,
        v.n_num,
        (select GROUP_CONCAT(w.s_cattle_code)
        from qmyz_cattle_allot w
        where w.n_order_id = #{nId,jdbcType=BIGINT}
        and n_user_id = t.n_user_id) s_cattle_codes
        from qmyz_order t,
        qmyz_user_info u,
        qmyz_order_goods v,
        qmyz_aquaculture_product x
        where t.n_id = #{nId,jdbcType=BIGINT}
        and t.n_type = 1
        and t.n_user_id = u.n_user_id
        and t.n_id = v.n_order_id
        and v.n_type = 1
        and v.s_goods_id = concat(x.n_id,'')
    </operation>
</table>
