<!DOCTYPE table SYSTEM "../config/table-config-1.0.dtd">
<table sqlname="qmyz_user_recommend" physicalName="qmyz_user_recommend" remark="用户推荐码表">
    <!--  特殊字符说明 &lt;&gt; <> -->
    <!-- baseSql option中 select * 会自动替换为 include -->
    <sql id="Base_Column_List">
        N_USER_ID,S_RECOMMEND,D_CREATE
    </sql>

    <!-- baseSql option中 select sf.* 会自动替换为 include -->
    <sql id="Base_SF_Column_List">
        sf.N_USER_ID,sf.S_RECOMMEND,sf.D_CREATE
    </sql>

    <operation name="insert" paramtype="object" remark="插入表:qmyz_user_recommend">
        INSERT INTO qmyz_user_recommend(
        <if test="nUserId !=null">
            N_USER_ID ,
        </if>
        <if test="sRecommend !=null">
            S_RECOMMEND ,
        </if>
        <if test="dCreate !=null">
            D_CREATE 
        </if>
        )VALUES(
          <if test="nUserId !=null">
              #{nUserId,jdbcType=BIGINT}  ,
          </if>
          <if test="sRecommend !=null">
              #{sRecommend,jdbcType=VARCHAR}  ,
          </if>
          <if test="dCreate !=null">
              #{dCreate,jdbcType=TIMESTAMP}  
          </if>
        )
    </operation>

    <!-- foreach 可以自定义类型，paramtype="primitive" foreach->javatype="自己书写的类"  -->
    <!-- 只有一个参数且为List时必须将参数命名为list -->
    <operation name="insertBatch" paramtype="objectList" remark="批量插入表:qmyz_user_recommend">
        INSERT INTO qmyz_user_recommend(
            N_USER_ID
            ,S_RECOMMEND
            ,D_CREATE
        )VALUES
        <foreach collection="list"  item="item" separator=",">
            (
                 #{item.nUserId,jdbcType=BIGINT}
                , #{item.sRecommend,jdbcType=VARCHAR}
                , #{item.dCreate,jdbcType=TIMESTAMP}
            )
        </foreach>
    </operation>

    <!-- 不推荐使用全 update 有需要自己打开
    <operation name="update" paramtype="object" remark="更新表:qmyz_user_recommend">
        UPDATE qmyz_user_recommend
        <set>
               <if test="sRecommend !=null">
                    S_RECOMMEND     = #{sRecommend,jdbcType=VARCHAR},
              </if>
               <if test="dCreate !=null">
                    D_CREATE        = #{dCreate,jdbcType=TIMESTAMP}
              </if>
        </set>
        WHERE
            N_USER_ID       = #{nUserId,jdbcType=BIGINT}
    </operation>
    -->
    <operation name="deleteByNUserId"  remark="根据主键删除数据:qmyz_user_recommend">
        <![CDATA[
        DELETE FROM qmyz_user_recommend
        WHERE
            N_USER_ID = #{nUserId,jdbcType=BIGINT}
        ]]>
    </operation>

    <operation name="getByNUserId" multiplicity="one" remark="根据主键获取数据:qmyz_user_recommend">
        SELECT *
        FROM qmyz_user_recommend
        WHERE
        <![CDATA[
            N_USER_ID = #{nUserId,jdbcType=BIGINT}
        ]]>
    </operation>

    <!-- 根据唯一约束操作数据 -->
    <operation name="updateByUdxQmyzUserRecommend1" paramtype="object" remark="根据唯一约束UdxQmyzUserRecommend1更新表:qmyz_user_recommend">
        <![CDATA[
        UPDATE qmyz_user_recommend
        SET
                D_CREATE        = #{dCreate,jdbcType=TIMESTAMP}
        WHERE
            S_RECOMMEND     = #{sRecommend,jdbcType=VARCHAR}
        ]]>
    </operation>

    <operation name="deleteByUdxQmyzUserRecommend1" remark="根据唯一约束UdxQmyzUserRecommend1删除数据:qmyz_user_recommend">
        <![CDATA[
        DELETE FROM qmyz_user_recommend
        WHERE
            S_RECOMMEND     = #{sRecommend,jdbcType=VARCHAR}
        ]]>
    </operation>

    <operation name="getByUdxQmyzUserRecommend1" multiplicity="one" remark="根据唯一约束UdxQmyzUserRecommend1获取数据:qmyz_user_recommend">
        SELECT *
        FROM qmyz_user_recommend
        WHERE
        <![CDATA[
            S_RECOMMEND     = #{sRecommend,jdbcType=VARCHAR}
        ]]>
    </operation>

</table>
