<!DOCTYPE table SYSTEM "../config/table-config-1.0.dtd">
<table sqlname="qmyz_user_recommend_log" physicalName="qmyz_user_recommend_log" remark="用户推荐记录表">
    <!--  特殊字符说明 &lt;&gt; <> -->
    <!-- baseSql option中 select * 会自动替换为 include -->
    <sql id="Base_Column_List">
        N_USER_ID,N_RECOMMEND_ID,S_RECOMMEND,D_CREATE
    </sql>

    <!-- baseSql option中 select sf.* 会自动替换为 include -->
    <sql id="Base_SF_Column_List">
        sf.N_USER_ID,sf.N_RECOMMEND_ID,sf.S_RECOMMEND,sf.D_CREATE
    </sql>

    <operation name="insert" paramtype="object" remark="插入表:qmyz_user_recommend_log">
        INSERT INTO qmyz_user_recommend_log
        <trim prefix="(" suffix=")" suffixOverrides=",">
        <if test="nUserId !=null">
            N_USER_ID ,
        </if>
        <if test="nRecommendId !=null">
            N_RECOMMEND_ID ,
        </if>
        <if test="sRecommend !=null">
            S_RECOMMEND ,
        </if>
        <if test="dCreate !=null">
            D_CREATE 
        </if>
        </trim>
        <trim prefix="values (" suffix=")" suffixOverrides=",">
          <if test="nUserId !=null">
              #{nUserId,jdbcType=BIGINT}  ,
          </if>
          <if test="nRecommendId !=null">
              #{nRecommendId,jdbcType=BIGINT}  ,
          </if>
          <if test="sRecommend !=null">
              #{sRecommend,jdbcType=VARCHAR}  ,
          </if>
          <if test="dCreate !=null">
              #{dCreate,jdbcType=TIMESTAMP}  
          </if>
        </trim>
    </operation>

    <!-- foreach 可以自定义类型，paramtype="primitive" foreach->javatype="自己书写的类"  -->
    <!-- 只有一个参数且为List时必须将参数命名为list -->
    <operation name="insertBatch" paramtype="objectList" remark="批量插入表:qmyz_user_recommend_log">
        INSERT INTO qmyz_user_recommend_log(
            N_USER_ID
            ,N_RECOMMEND_ID
            ,S_RECOMMEND
            ,D_CREATE
        )VALUES
        <foreach collection="list"  item="item" separator=",">
            (
                 #{item.nUserId,jdbcType=BIGINT}
                , #{item.nRecommendId,jdbcType=BIGINT}
                , #{item.sRecommend,jdbcType=VARCHAR}
                , #{item.dCreate,jdbcType=TIMESTAMP}
            )
        </foreach>
    </operation>

    <!-- 不推荐使用全 update 有需要自己打开
    <operation name="update" paramtype="object" remark="更新表:qmyz_user_recommend_log">
        UPDATE qmyz_user_recommend_log
        <set>
               <if test="nRecommendId !=null">
                    N_RECOMMEND_ID  = #{nRecommendId,jdbcType=BIGINT},
              </if>
               <if test="sRecommend !=null">
                    S_RECOMMEND     = #{sRecommend,jdbcType=VARCHAR},
              </if>
               <if test="dCreate !=null">
                    D_CREATE        = #{dCreate,jdbcType=TIMESTAMP}
              </if>
        </set>
        WHERE
            N_USER_ID       = #{nUserId,jdbcType=BIGINT}
    </operation>
    -->
    <operation name="deleteByNUserId"  remark="根据主键删除数据:qmyz_user_recommend_log">
        <![CDATA[
        DELETE FROM qmyz_user_recommend_log
        WHERE
            N_USER_ID = #{nUserId,jdbcType=BIGINT}
        ]]>
    </operation>

    <operation name="getByNUserId" multiplicity="one" remark="根据主键获取数据:qmyz_user_recommend_log">
        SELECT *
        FROM qmyz_user_recommend_log
        WHERE
        <![CDATA[
            N_USER_ID = #{nUserId,jdbcType=BIGINT}
        ]]>
    </operation>

</table>
