<!DOCTYPE table SYSTEM "../config/table-config-1.0.dtd">
<table sqlname="qmyz_user_account" physicalName="qmyz_user_account" remark="用户账号表">
    <!--  特殊字符说明 &lt;&gt; <> -->
    <!-- baseSql option中 select * 会自动替换为 include -->
    <sql id="Base_Column_List">
        N_USER_ID,N_RECOMMEND_ID,S_OPENID,S_STATUS,D_CREATE
    </sql>

    <!-- baseSql option中 select sf.* 会自动替换为 include -->
    <sql id="Base_SF_Column_List">
        sf.N_USER_ID,sf.N_RECOMMEND_ID,sf.S_OPENID,sf.S_STATUS,sf.D_CREATE
    </sql>

    <operation name="insert" paramtype="object" remark="插入表:qmyz_user_account">
        INSERT INTO qmyz_user_account
        <trim prefix="(" suffix=")" suffixOverrides=",">
        <if test="nUserId !=null">
            N_USER_ID ,
        </if>
        <if test="nRecommendId !=null">
            N_RECOMMEND_ID ,
        </if>
        <if test="sOpenid !=null">
            S_OPENID ,
        </if>
        <if test="sStatus !=null">
            S_STATUS ,
        </if>
        <if test="dCreate !=null">
            D_CREATE 
        </if>
        </trim>
        <trim prefix="values (" suffix=")" suffixOverrides=",">
          <if test="nUserId !=null">
              #{nUserId,jdbcType=BIGINT}  ,
          </if>
          <if test="nRecommendId !=null">
              #{nRecommendId,jdbcType=BIGINT}  ,
          </if>
          <if test="sOpenid !=null">
              #{sOpenid,jdbcType=VARCHAR}  ,
          </if>
          <if test="sStatus !=null">
              #{sStatus,jdbcType=VARCHAR}  ,
          </if>
          <if test="dCreate !=null">
              #{dCreate,jdbcType=TIMESTAMP}  
          </if>
        </trim>
    </operation>

    <!-- foreach 可以自定义类型，paramtype="primitive" foreach->javatype="自己书写的类"  -->
    <!-- 只有一个参数且为List时必须将参数命名为list -->
    <operation name="insertBatch" paramtype="objectList" remark="批量插入表:qmyz_user_account">
        INSERT INTO qmyz_user_account(
            N_USER_ID
            ,N_RECOMMEND_ID
            ,S_OPENID
            ,S_STATUS
            ,D_CREATE
        )VALUES
        <foreach collection="list"  item="item" separator=",">
            (
                 #{item.nUserId,jdbcType=BIGINT}
                , #{item.nRecommendId,jdbcType=BIGINT}
                , #{item.sOpenid,jdbcType=VARCHAR}
                , #{item.sStatus,jdbcType=VARCHAR}
                , #{item.dCreate,jdbcType=TIMESTAMP}
            )
        </foreach>
    </operation>

    <!-- 不推荐使用全 update 有需要自己打开
    <operation name="update" paramtype="object" remark="更新表:qmyz_user_account">
        UPDATE qmyz_user_account
        <set>
               <if test="nRecommendId !=null">
                    N_RECOMMEND_ID  = #{nRecommendId,jdbcType=BIGINT},
              </if>
               <if test="sOpenid !=null">
                    S_OPENID        = #{sOpenid,jdbcType=VARCHAR},
              </if>
               <if test="sStatus !=null">
                    S_STATUS        = #{sStatus,jdbcType=VARCHAR},
              </if>
               <if test="dCreate !=null">
                    D_CREATE        = #{dCreate,jdbcType=TIMESTAMP}
              </if>
        </set>
        WHERE
            N_USER_ID       = #{nUserId,jdbcType=BIGINT}
    </operation>
    -->
    <operation name="deleteByNUserId"  remark="根据主键删除数据:qmyz_user_account">
        <![CDATA[
        DELETE FROM qmyz_user_account
        WHERE
            N_USER_ID = #{nUserId,jdbcType=BIGINT}
        ]]>
    </operation>

    <operation name="getByNUserId" multiplicity="one" remark="根据主键获取数据:qmyz_user_account">
        SELECT *
        FROM qmyz_user_account
        WHERE
        <![CDATA[
            N_USER_ID = #{nUserId,jdbcType=BIGINT}
        ]]>
    </operation>

    <!-- 根据唯一约束操作数据 -->
    <operation name="updateByUdxQmyzUserAccount1" paramtype="object" remark="根据唯一约束UdxQmyzUserAccount1更新表:qmyz_user_account">
        <![CDATA[
        UPDATE qmyz_user_account
        SET
                N_RECOMMEND_ID  = #{nRecommendId,jdbcType=BIGINT}
                ,S_STATUS        = #{sStatus,jdbcType=VARCHAR}
                ,D_CREATE        = #{dCreate,jdbcType=TIMESTAMP}
        WHERE
            S_OPENID        = #{sOpenid,jdbcType=VARCHAR}
        ]]>
    </operation>

    <operation name="deleteByUdxQmyzUserAccount1" remark="根据唯一约束UdxQmyzUserAccount1删除数据:qmyz_user_account">
        <![CDATA[
        DELETE FROM qmyz_user_account
        WHERE
            S_OPENID        = #{sOpenid,jdbcType=VARCHAR}
        ]]>
    </operation>

    <operation name="getByUdxQmyzUserAccount1" multiplicity="one" remark="根据唯一约束UdxQmyzUserAccount1获取数据:qmyz_user_account">
        SELECT *
        FROM qmyz_user_account
        WHERE
        <![CDATA[
            S_OPENID        = #{sOpenid,jdbcType=VARCHAR}
        ]]>
    </operation>

    <!-- 根据普通索引查询数据 -->
    <operation name="queryByQmyzUserAccount1" multiplicity="many" remark="根据普通索引QmyzUserAccount1获取数据:qmyz_user_account">
        SELECT *
        FROM qmyz_user_account
        WHERE
        <![CDATA[
            N_RECOMMEND_ID  = #{nRecommendId,jdbcType=BIGINT}
        ]]>
    </operation>





    <operation name="getBysOpenid" multiplicity="one" remark="根据主键获取数据:qmyz_user_account">
        SELECT *
        FROM qmyz_user_account
        WHERE
        <![CDATA[
            S_OPENID = #{sOpenid,jdbcType=VARCHAR}
        ]]>
    </operation>

    <operation name="update" paramtype="object" remark="更新表:qmyz_user_account">
        UPDATE qmyz_user_account
        <set>
            <if test="nRecommendId !=null">
                N_RECOMMEND_ID  = #{nRecommendId,jdbcType=BIGINT},
            </if>
            <if test="sOpenid !=null">
                S_OPENID        = #{sOpenid,jdbcType=VARCHAR},
            </if>
            <if test="dCreate !=null">
                D_CREATE        = #{dCreate,jdbcType=TIMESTAMP}
            </if>
        </set>
        WHERE
        N_USER_ID       = #{nUserId,jdbcType=BIGINT}
    </operation>

    <resultmap name="recommendMap" type="ResMapRecommendVO">
        <column name="n_num" javatype="java.lang.Long" jdbctype="BIGINT"  remark="推荐数量"/>
    </resultmap>

    <operation name="getRecommendByRecommendId" multiplicity="one" remark="根据主键获取数据:qmyz_user_account"
               resultmap="recommendMap">
        select count(*) n_num
        from qmyz_user_account t
        where t.n_recommend_id = #{nUserId,jdbcType=BIGINT}
    </operation>


    <resultmap name="recommendListMap" type="ResMapRecommendListVO">
        <column name="s_pic_url" javatype="String" jdbctype="VARCHAR"   remark="图片路径"/>
        <column name="s_nickname" javatype="String" jdbctype="VARCHAR"   remark="昵称"/>
        <column name="d_create"  javatype="java.util.Date" jdbctype="TIMESTAMP"    remark="时间"/>
    </resultmap>

    <operation name="getRecommendListByRecommendId" multiplicity="paging" paging="recommendList" paramtype="primitive"
               remark="根据主键获取数据:qmyz_user_account"  resultmap="recommendListMap">
        select u.s_pic_url,
        u.s_nickname,
        t.d_create
        from qmyz_user_account t,
        qmyz_user_info u
        where t.n_recommend_id = #{nUserId,jdbcType=BIGINT}
        and t.n_user_id = u.n_user_id
    </operation>

    <resultmap name="recommendInfoMap" type="ResMapRecommendInfoVO">
        <column name="s_recommend" javatype="java.lang.String" jdbctype="VARCHAR"  remark="推荐码"/>
    </resultmap>

    <operation name="getRecommendByUserId" multiplicity="one" remark="根据主键获取数据:qmyz_user_account"
               resultmap="recommendInfoMap">
        SELECT u.s_recommend
        FROM qmyz_user_account t,
        qmyz_user_recommend u
        WHERE t.n_user_id = #{nUserId,jdbcType=BIGINT}
        and t.n_recommend_id = u.n_user_id
    </operation>
</table>
