<!DOCTYPE table SYSTEM "../config/table-config-1.0.dtd">
<table sqlname="qmyz_user_coupon" physicalName="qmyz_user_coupon" remark="用户优惠券表">
    <!--  特殊字符说明 &lt;&gt; <> -->
    <!-- baseSql option中 select * 会自动替换为 include -->
    <sql id="Base_Column_List">
        N_USER_ID,N_FEED,N_FREEZE,N_ADVANCE,D_LAST_UPDATE
    </sql>

    <!-- baseSql option中 select sf.* 会自动替换为 include -->
    <sql id="Base_SF_Column_List">
        sf.N_USER_ID,sf.N_FEED,sf.N_FREEZE,sf.N_ADVANCE,sf.D_LAST_UPDATE
    </sql>

    <operation name="insert" paramtype="object" remark="插入表:qmyz_user_coupon">
        INSERT INTO qmyz_user_coupon
        <trim prefix="(" suffix=")" suffixOverrides=",">
        <if test="nUserId !=null">
            N_USER_ID ,
        </if>
        <if test="nFeed !=null">
            N_FEED ,
        </if>
        <if test="nFreeze !=null">
            N_FREEZE ,
        </if>
        <if test="nAdvance !=null">
            N_ADVANCE ,
        </if>
        <if test="dLastUpdate !=null">
            D_LAST_UPDATE 
        </if>
        </trim>
        <trim prefix="values (" suffix=")" suffixOverrides=",">
          <if test="nUserId !=null">
              #{nUserId,jdbcType=BIGINT}  ,
          </if>
          <if test="nFeed !=null">
              #{nFeed,jdbcType=INTEGER}  ,
          </if>
          <if test="nFreeze !=null">
              #{nFreeze,jdbcType=INTEGER}  ,
          </if>
          <if test="nAdvance !=null">
              #{nAdvance,jdbcType=INTEGER}  ,
          </if>
          <if test="dLastUpdate !=null">
              #{dLastUpdate,jdbcType=TIMESTAMP}  
          </if>
        </trim>
    </operation>

    <!-- foreach 可以自定义类型，paramtype="primitive" foreach->javatype="自己书写的类"  -->
    <!-- 只有一个参数且为List时必须将参数命名为list -->
    <operation name="insertBatch" paramtype="objectList" remark="批量插入表:qmyz_user_coupon">
        INSERT INTO qmyz_user_coupon(
            N_USER_ID
            ,N_FEED
            ,N_FREEZE
            ,N_ADVANCE
            ,D_LAST_UPDATE
        )VALUES
        <foreach collection="list"  item="item" separator=",">
            (
                 #{item.nUserId,jdbcType=BIGINT}
                , #{item.nFeed,jdbcType=INTEGER}
                , #{item.nFreeze,jdbcType=INTEGER}
                , #{item.nAdvance,jdbcType=INTEGER}
                , #{item.dLastUpdate,jdbcType=TIMESTAMP}
            )
        </foreach>
    </operation>

    <!-- 不推荐使用全 update 有需要自己打开
    <operation name="update" paramtype="object" remark="更新表:qmyz_user_coupon">
        UPDATE qmyz_user_coupon
        <set>
               <if test="nFeed !=null">
                    N_FEED          = #{nFeed,jdbcType=INTEGER},
              </if>
               <if test="nFreeze !=null">
                    N_FREEZE        = #{nFreeze,jdbcType=INTEGER},
              </if>
               <if test="nAdvance !=null">
                    N_ADVANCE       = #{nAdvance,jdbcType=INTEGER},
              </if>
               <if test="dLastUpdate !=null">
                    D_LAST_UPDATE   = #{dLastUpdate,jdbcType=TIMESTAMP}
              </if>
        </set>
        WHERE
            N_USER_ID       = #{nUserId,jdbcType=BIGINT}
    </operation>
    -->
    <operation name="deleteByNUserId"  remark="根据主键删除数据:qmyz_user_coupon">
        <![CDATA[
        DELETE FROM qmyz_user_coupon
        WHERE
            N_USER_ID = #{nUserId,jdbcType=BIGINT}
        ]]>
    </operation>

    <operation name="getByNUserId" multiplicity="one" remark="根据主键获取数据:qmyz_user_coupon">
        SELECT *
        FROM qmyz_user_coupon
        WHERE
        <![CDATA[
            N_USER_ID = #{nUserId,jdbcType=BIGINT}
        ]]>
    </operation>





    <operation name="updateFeed" paramtype="object" remark="更新表:qmyz_user_coupon">
        UPDATE qmyz_user_coupon
        <set>
            <if test="nFeed !=null">
                N_FEED          = N_FEED+#{nFeed,jdbcType=INTEGER},
            </if>
            <if test="nAdvance !=null">
                N_ADVANCE       = #{nAdvance,jdbcType=INTEGER},
            </if>
            <if test="dLastUpdate !=null">
                D_LAST_UPDATE   = #{dLastUpdate,jdbcType=TIMESTAMP}
            </if>
        </set>
        WHERE
        N_USER_ID       = #{nUserId,jdbcType=BIGINT}
    </operation>
</table>
