<!DOCTYPE table SYSTEM "../config/table-config-1.0.dtd">
<table sqlname="qmyz_user_info" physicalName="qmyz_user_info" remark="用户信息表">
    <!--  特殊字符说明 &lt;&gt; <> -->
    <!-- baseSql option中 select * 会自动替换为 include -->
    <sql id="Base_Column_List">
        N_USER_ID,S_IDE,S_SEX,S_MAIL,S_NAME 
        ,S_PHONE,S_PIC_URL,S_NICKNAME,D_LAST_UPDATE
    </sql>

    <!-- baseSql option中 select sf.* 会自动替换为 include -->
    <sql id="Base_SF_Column_List">
        sf.N_USER_ID,sf.S_IDE,sf.S_SEX,sf.S_MAIL,sf.S_NAME
        ,sf.S_PHONE,sf.S_PIC_URL,sf.S_NICKNAME,sf.D_LAST_UPDATE
    </sql>

    <operation name="insert" paramtype="object" remark="插入表:qmyz_user_info">
        <![CDATA[
        INSERT INTO qmyz_user_info(
            N_USER_ID
            ,S_IDE
            ,S_SEX
            ,S_MAIL
            ,S_NAME
            ,S_PHONE
            ,S_PIC_URL
            ,S_NICKNAME
            ,D_LAST_UPDATE
        )VALUES(
             #{nUserId,jdbcType=BIGINT}
            , #{sIde,jdbcType=VARCHAR}
            , #{sSex,jdbcType=VARCHAR}
            , #{sMail,jdbcType=VARCHAR}
            , #{sName,jdbcType=VARCHAR}
            , #{sPhone,jdbcType=VARCHAR}
            , #{sPicUrl,jdbcType=VARCHAR}
            , #{sNickname,jdbcType=VARCHAR}
            , #{dLastUpdate,jdbcType=TIMESTAMP}
        )
        ]]>
    </operation>

    <!-- foreach 可以自定义类型，paramtype="primitive" foreach->javatype="自己书写的类"  -->
    <!-- 只有一个参数且为List时必须将参数命名为list -->
    <operation name="insertBatch" paramtype="objectList" remark="批量插入表:qmyz_user_info">
        INSERT INTO qmyz_user_info(
            N_USER_ID
            ,S_IDE
            ,S_SEX
            ,S_MAIL
            ,S_NAME
            ,S_PHONE
            ,S_PIC_URL
            ,S_NICKNAME
            ,D_LAST_UPDATE
        )VALUES
        <foreach collection="list"  item="item" separator=",">
            (
                 #{item.nUserId,jdbcType=BIGINT}
                , #{item.sIde,jdbcType=VARCHAR}
                , #{item.sSex,jdbcType=VARCHAR}
                , #{item.sMail,jdbcType=VARCHAR}
                , #{item.sName,jdbcType=VARCHAR}
                , #{item.sPhone,jdbcType=VARCHAR}
                , #{item.sPicUrl,jdbcType=VARCHAR}
                , #{item.sNickname,jdbcType=VARCHAR}
                , #{item.dLastUpdate,jdbcType=TIMESTAMP}
            )
        </foreach>
    </operation>

    <operation name="update" paramtype="object" remark="更新表:qmyz_user_info">
        UPDATE qmyz_user_info
        <set>
               <if test="sIde !=null">
                    S_IDE           = #{sIde,jdbcType=VARCHAR},
              </if>
               <if test="sSex !=null">
                    S_SEX           = #{sSex,jdbcType=VARCHAR},
              </if>
               <if test="sMail !=null">
                    S_MAIL          = #{sMail,jdbcType=VARCHAR},
              </if>
               <if test="sName !=null">
                    S_NAME          = #{sName,jdbcType=VARCHAR},
              </if>
               <if test="sPhone !=null">
                    S_PHONE         = #{sPhone,jdbcType=VARCHAR},
              </if>
               <if test="sPicUrl !=null">
                    S_PIC_URL       = #{sPicUrl,jdbcType=VARCHAR},
              </if>
               <if test="sNickname !=null">
                    S_NICKNAME      = #{sNickname,jdbcType=VARCHAR},
              </if>
               <if test="dLastUpdate !=null">
                    D_LAST_UPDATE   = #{dLastUpdate,jdbcType=TIMESTAMP}
              </if>
        </set>
        WHERE
            N_USER_ID       = #{nUserId,jdbcType=BIGINT}
    </operation>
    <operation name="deleteByNUserId"  remark="根据主键删除数据:qmyz_user_info">
        <![CDATA[
        DELETE FROM qmyz_user_info
        WHERE
            N_USER_ID = #{nUserId,jdbcType=BIGINT}
        ]]>
    </operation>

    <operation name="getByNUserId" multiplicity="one" remark="根据主键获取数据:qmyz_user_info">
        SELECT *
        FROM qmyz_user_info
        WHERE
        <![CDATA[
            N_USER_ID = #{nUserId,jdbcType=BIGINT}
        ]]>
    </operation>





    <operation name="updateUserInfo" paramtype="object" remark="更新表:qmyz_user_info">
        <![CDATA[
        UPDATE qmyz_user_info
        SET
             S_IDE           = #{sIde,jdbcType=VARCHAR}
            ,S_SEX           = #{sSex,jdbcType=VARCHAR}
            ,S_MAIL          = #{sMail,jdbcType=VARCHAR}
            ,S_NAME          = #{sName,jdbcType=VARCHAR}
            ,D_LAST_UPDATE   = now()
        WHERE
            N_USER_ID       = #{nUserId,jdbcType=BIGINT}
        ]]>
    </operation>

    <operation name="updatePhone" paramtype="object" remark="根据主键绑定数据:qmyz_user_info">
        <![CDATA[
            UPDATE  qmyz_user_info
            SET
            S_PHONE         = #{sPhone,jdbcType=VARCHAR}
            ,D_LAST_UPDATE  = now()
             WHERE
             N_USER_ID       = #{nUserId,jdbcType=BIGINT}
        ]]>
    </operation>

    <operation name="getSeq" resulttype="java.lang.Integer">
        SELECT nextval_safe('qmyz_user_account_seq')
    </operation>
</table>
