<!DOCTYPE table SYSTEM "../config/table-config-1.0.dtd">
<table sqlname="qmyz_user_coupon_log" physicalName="qmyz_user_coupon_log" remark="用户优惠券记录表">
    <!--  特殊字符说明 &lt;&gt; <> -->
    <!-- baseSql option中 select * 会自动替换为 include -->
    <sql id="Base_Column_List">
        N_ID,N_USER_ID,S_STATE,N_TYPE,N_ORDER_ID 
        ,N_COUPON_TYPE,N_COUPON_AMOUNT,N_COUPON_BALANCE,D_TIME
    </sql>

    <!-- baseSql option中 select sf.* 会自动替换为 include -->
    <sql id="Base_SF_Column_List">
        sf.N_ID,sf.N_USER_ID,sf.S_STATE,sf.N_TYPE,sf.N_ORDER_ID
        ,sf.N_COUPON_TYPE,sf.N_COUPON_AMOUNT,sf.N_COUPON_BALANCE,sf.D_TIME
    </sql>

    <operation name="insert" paramtype="object" remark="插入表:qmyz_user_coupon_log">
        <selectKey resultType="java.lang.Long" keyProperty="nId" order="BEFORE">
            SELECT nextval_safe('qmyz_user_coupon_log_seq') as nId  from dual
        </selectKey>
        INSERT INTO qmyz_user_coupon_log
        <trim prefix="(" suffix=")" suffixOverrides=",">
        <if test="nId !=null">
            N_ID ,
        </if>
        <if test="nUserId !=null">
            N_USER_ID ,
        </if>
        <if test="sState !=null">
            S_STATE ,
        </if>
        <if test="nType !=null">
            N_TYPE ,
        </if>
        <if test="nOrderId !=null">
            N_ORDER_ID ,
        </if>
        <if test="nCouponType !=null">
            N_COUPON_TYPE ,
        </if>
        <if test="nCouponAmount !=null">
            N_COUPON_AMOUNT ,
        </if>
        <if test="nCouponBalance !=null">
            N_COUPON_BALANCE ,
        </if>
        <if test="dTime !=null">
            D_TIME 
        </if>
        </trim>
        <trim prefix="values (" suffix=")" suffixOverrides=",">
          <if test="nId !=null">
              #{nId,jdbcType=BIGINT}  ,
          </if>
          <if test="nUserId !=null">
              #{nUserId,jdbcType=BIGINT}  ,
          </if>
          <if test="sState !=null">
              #{sState,jdbcType=VARCHAR}  ,
          </if>
          <if test="nType !=null">
              #{nType,jdbcType=INTEGER}  ,
          </if>
          <if test="nOrderId !=null">
              #{nOrderId,jdbcType=INTEGER}  ,
          </if>
          <if test="nCouponType !=null">
              #{nCouponType,jdbcType=INTEGER}  ,
          </if>
          <if test="nCouponAmount !=null">
              #{nCouponAmount,jdbcType=INTEGER}  ,
          </if>
          <if test="nCouponBalance !=null">
              #{nCouponBalance,jdbcType=INTEGER}  ,
          </if>
          <if test="dTime !=null">
              #{dTime,jdbcType=TIMESTAMP}  
          </if>
        </trim>
    </operation>

    <!-- foreach 可以自定义类型，paramtype="primitive" foreach->javatype="自己书写的类"  -->
    <!-- 只有一个参数且为List时必须将参数命名为list -->
    <operation name="insertBatch" paramtype="objectList" remark="批量插入表:qmyz_user_coupon_log">
        INSERT INTO qmyz_user_coupon_log(
            N_ID
            ,N_USER_ID
            ,S_STATE
            ,N_TYPE
            ,N_ORDER_ID
            ,N_COUPON_TYPE
            ,N_COUPON_AMOUNT
            ,N_COUPON_BALANCE
            ,D_TIME
        )VALUES
        <foreach collection="list"  item="item" separator=",">
            (
                 #{item.nId,jdbcType=BIGINT}
                , #{item.nUserId,jdbcType=BIGINT}
                , #{item.sState,jdbcType=VARCHAR}
                , #{item.nType,jdbcType=INTEGER}
                , #{item.nOrderId,jdbcType=INTEGER}
                , #{item.nCouponType,jdbcType=INTEGER}
                , #{item.nCouponAmount,jdbcType=INTEGER}
                , #{item.nCouponBalance,jdbcType=INTEGER}
                , #{item.dTime,jdbcType=TIMESTAMP}
            )
        </foreach>
    </operation>

    <!-- 不推荐使用全 update 有需要自己打开
    <operation name="update" paramtype="object" remark="更新表:qmyz_user_coupon_log">
        UPDATE qmyz_user_coupon_log
        <set>
               <if test="nUserId !=null">
                    N_USER_ID       = #{nUserId,jdbcType=BIGINT},
              </if>
               <if test="sState !=null">
                    S_STATE         = #{sState,jdbcType=VARCHAR},
              </if>
               <if test="nType !=null">
                    N_TYPE          = #{nType,jdbcType=INTEGER},
              </if>
               <if test="nOrderId !=null">
                    N_ORDER_ID      = #{nOrderId,jdbcType=INTEGER},
              </if>
               <if test="nCouponType !=null">
                    N_COUPON_TYPE   = #{nCouponType,jdbcType=INTEGER},
              </if>
               <if test="nCouponAmount !=null">
                    N_COUPON_AMOUNT = #{nCouponAmount,jdbcType=INTEGER},
              </if>
               <if test="nCouponBalance !=null">
                    N_COUPON_BALANCE = #{nCouponBalance,jdbcType=INTEGER},
              </if>
               <if test="dTime !=null">
                    D_TIME          = #{dTime,jdbcType=TIMESTAMP}
              </if>
        </set>
        WHERE
            N_ID            = #{nId,jdbcType=BIGINT}
    </operation>
    -->
    <operation name="deleteByNId"  remark="根据主键删除数据:qmyz_user_coupon_log">
        <![CDATA[
        DELETE FROM qmyz_user_coupon_log
        WHERE
            N_ID = #{nId,jdbcType=BIGINT}
        ]]>
    </operation>

    <operation name="getByNId" multiplicity="one" remark="根据主键获取数据:qmyz_user_coupon_log">
        SELECT *
        FROM qmyz_user_coupon_log
        WHERE
        <![CDATA[
            N_ID = #{nId,jdbcType=BIGINT}
        ]]>
    </operation>






    <resultmap name="myCouponMap" type="ResMapMyCouponVO">
        <column name="n_id"  javatype="java.lang.Long" jdbctype="BIGINT"  remark="数量"/>
        <column name="n_user_id"  javatype="java.lang.Long" jdbctype="BIGINT"  remark="用户ID"/>
        <column name="s_state" javatype="String" jdbctype="VARCHAR"   remark="1 成功 0 失败 2 冻结中."/>
        <column name="n_type"  javatype="java.lang.Long" jdbctype="BIGINT"  remark="记录类型 11  购买预售券12 使用预售券 21 填写推荐码首次登录获得饲料券 22 推荐好友首次登录获得饲料券 23 使用饲料券."/>
        <column name="n_order_id"  javatype="java.lang.Long" jdbctype="BIGINT"  remark="订单ID"/>
        <column name="n_coupon_type"  javatype="java.lang.Long" jdbctype="BIGINT"  remark="优惠券类型 1 预售券 2 饲料券."/>
        <column name="n_coupon_amount"  javatype="java.lang.Long" jdbctype="BIGINT"  remark="优惠券数量"/>
        <column name="n_coupon_balance"  javatype="java.lang.Long" jdbctype="BIGINT"  remark="优惠券余额"/>
        <column name="d_time" javatype="java.util.Date" jdbctype="TIMESTAMP"  remark="创建时间"/>
        <column name="s_order_id" javatype="String" jdbctype="VARCHAR"   remark="s订单ID"/>
    </resultmap>

    <operation name="getCouponByNUserId" multiplicity="paging" paging="myCoupon" paramtype="primitive"
               resultmap="myCouponMap" remark="根据主键获取数据:qmyz_user_coupon_log">

        SELECT  t.N_ID,t.N_USER_ID,t.S_STATE,t.N_TYPE,t.N_ORDER_ID
        ,t.N_COUPON_TYPE,t.N_COUPON_AMOUNT,t.N_COUPON_BALANCE,t.D_TIME,
        (select u.s_order_id
        from qmyz_order u
        where u.n_id = t.n_order_id) as s_order_id
        FROM qmyz_user_coupon_log t
        WHERE
        <![CDATA[
           t.N_USER_ID       = #{nUserId,jdbcType=BIGINT}
        ]]>
        and t.s_state in ('1','2')
        and t.n_coupon_amount  > 0
        order by D_TIME desc
    </operation>
</table>
