<!DOCTYPE table SYSTEM "../config/table-config-1.0.dtd">
<table sqlname="qmyz_delivery_address" physicalName="qmyz_delivery_address" remark="收货管理表">
    <!--  特殊字符说明 &lt;&gt; <> -->
    <!-- baseSql option中 select * 会自动替换为 include -->
    <sql id="Base_Column_List">
        N_ID,N_USER_ID,S_CITY,S_NAME,S_PHONE 
        ,S_ADDRESS,S_DEFAULT,S_DISTRICT,S_PROVINCE,D_LAST_UPDATE
    </sql>

    <!-- baseSql option中 select sf.* 会自动替换为 include -->
    <sql id="Base_SF_Column_List">
        sf.N_ID,sf.N_USER_ID,sf.S_CITY,sf.S_NAME,sf.S_PHONE
        ,sf.S_ADDRESS,sf.S_DEFAULT,sf.S_DISTRICT,sf.S_PROVINCE,sf.D_LAST_UPDATE
    </sql>

    <operation name="insert" paramtype="object" remark="插入表:qmyz_delivery_address">
        <selectKey resultType="java.lang.Long" keyProperty="nId" order="BEFORE">
            SELECT nextval_safe('qmyz_delivery_address_seq') as nId  from dual
        </selectKey>
        INSERT INTO qmyz_delivery_address
        <trim prefix="(" suffix=")" suffixOverrides=",">
        <if test="nId !=null">
            N_ID ,
        </if>
        <if test="nUserId !=null">
            N_USER_ID ,
        </if>
        <if test="sCity !=null">
            S_CITY ,
        </if>
        <if test="sName !=null">
            S_NAME ,
        </if>
        <if test="sPhone !=null">
            S_PHONE ,
        </if>
        <if test="sAddress !=null">
            S_ADDRESS ,
        </if>
        <if test="sDefault !=null">
            S_DEFAULT ,
        </if>
        <if test="sDistrict !=null">
            S_DISTRICT ,
        </if>
        <if test="sProvince !=null">
            S_PROVINCE ,
        </if>
        <if test="dLastUpdate !=null">
            D_LAST_UPDATE 
        </if>
        </trim>
        <trim prefix="values (" suffix=")" suffixOverrides=",">
          <if test="nId !=null">
              #{nId,jdbcType=BIGINT}  ,
          </if>
          <if test="nUserId !=null">
              #{nUserId,jdbcType=BIGINT}  ,
          </if>
          <if test="sCity !=null">
              #{sCity,jdbcType=VARCHAR}  ,
          </if>
          <if test="sName !=null">
              #{sName,jdbcType=VARCHAR}  ,
          </if>
          <if test="sPhone !=null">
              #{sPhone,jdbcType=VARCHAR}  ,
          </if>
          <if test="sAddress !=null">
              #{sAddress,jdbcType=VARCHAR}  ,
          </if>
          <if test="sDefault !=null">
              #{sDefault,jdbcType=VARCHAR}  ,
          </if>
          <if test="sDistrict !=null">
              #{sDistrict,jdbcType=VARCHAR}  ,
          </if>
          <if test="sProvince !=null">
              #{sProvince,jdbcType=VARCHAR}  ,
          </if>
          <if test="dLastUpdate !=null">
              #{dLastUpdate,jdbcType=TIMESTAMP}  
          </if>
        </trim>
    </operation>

    <!-- foreach 可以自定义类型，paramtype="primitive" foreach->javatype="自己书写的类"  -->
    <!-- 只有一个参数且为List时必须将参数命名为list -->
    <operation name="insertBatch" paramtype="objectList" remark="批量插入表:qmyz_delivery_address">
        INSERT INTO qmyz_delivery_address(
            N_ID
            ,N_USER_ID
            ,S_CITY
            ,S_NAME
            ,S_PHONE
            ,S_ADDRESS
            ,S_DEFAULT
            ,S_DISTRICT
            ,S_PROVINCE
            ,D_LAST_UPDATE
        )VALUES
        <foreach collection="list"  item="item" separator=",">
            (
                 #{item.nId,jdbcType=BIGINT}
                , #{item.nUserId,jdbcType=BIGINT}
                , #{item.sCity,jdbcType=VARCHAR}
                , #{item.sName,jdbcType=VARCHAR}
                , #{item.sPhone,jdbcType=VARCHAR}
                , #{item.sAddress,jdbcType=VARCHAR}
                , #{item.sDefault,jdbcType=VARCHAR}
                , #{item.sDistrict,jdbcType=VARCHAR}
                , #{item.sProvince,jdbcType=VARCHAR}
                , #{item.dLastUpdate,jdbcType=TIMESTAMP}
            )
        </foreach>
    </operation>

    <!-- 不推荐使用全 update 有需要自己打开
    <operation name="update" paramtype="object" remark="更新表:qmyz_delivery_address">
        UPDATE qmyz_delivery_address
        <set>
               <if test="nUserId !=null">
                    N_USER_ID       = #{nUserId,jdbcType=BIGINT},
              </if>
               <if test="sCity !=null">
                    S_CITY          = #{sCity,jdbcType=VARCHAR},
              </if>
               <if test="sName !=null">
                    S_NAME          = #{sName,jdbcType=VARCHAR},
              </if>
               <if test="sPhone !=null">
                    S_PHONE         = #{sPhone,jdbcType=VARCHAR},
              </if>
               <if test="sAddress !=null">
                    S_ADDRESS       = #{sAddress,jdbcType=VARCHAR},
              </if>
               <if test="sDefault !=null">
                    S_DEFAULT       = #{sDefault,jdbcType=VARCHAR},
              </if>
               <if test="sDistrict !=null">
                    S_DISTRICT      = #{sDistrict,jdbcType=VARCHAR},
              </if>
               <if test="sProvince !=null">
                    S_PROVINCE      = #{sProvince,jdbcType=VARCHAR},
              </if>
               <if test="dLastUpdate !=null">
                    D_LAST_UPDATE   = #{dLastUpdate,jdbcType=TIMESTAMP}
              </if>
        </set>
        WHERE
            N_ID            = #{nId,jdbcType=BIGINT}
    </operation>
    -->
    <operation name="deleteByNId"  remark="根据主键删除数据:qmyz_delivery_address">
        <![CDATA[
        DELETE FROM qmyz_delivery_address
        WHERE
            N_ID = #{nId,jdbcType=BIGINT}
        ]]>
    </operation>










    <operation name="getByNId" paramtype="object" remark="根据主键获取数据:qmyz_delivery_address">
        SELECT *
        FROM qmyz_delivery_address
        WHERE
        <![CDATA[
            N_ID = #{nId,jdbcType=BIGINT}
             and  N_USER_ID       = #{nUserId,jdbcType=BIGINT}
        ]]>
    </operation>

    <operation name="updateAddressByNIdAndUserId" paramtype="object" remark="更新表:qmyz_delivery_address">
        <![CDATA[
        UPDATE qmyz_delivery_address
        SET
            S_PHONE         = #{sPhone,jdbcType=VARCHAR}
            ,S_NAME          = #{sName,jdbcType=VARCHAR}
            ,S_CITY          = #{sCity,jdbcType=VARCHAR}
            ,S_ADDRESS       = #{sAddress,jdbcType=VARCHAR}
            ,S_DEFAULT       = #{sDefault,jdbcType=VARCHAR}
            ,S_DISTRICT      = #{sDistrict,jdbcType=VARCHAR}
            ,S_PROVINCE      = #{sProvince,jdbcType=VARCHAR}
            ,D_LAST_UPDATE   = now()
        WHERE
            N_ID            = #{nId,jdbcType=BIGINT}
       and  N_USER_ID       = #{nUserId,jdbcType=BIGINT}
        ]]>
    </operation>

    <operation name="getByNIdAndUserId" paramtype="object" multiplicity="one" remark="根据主键获取数据:qmyz_delivery_address">
        SELECT *
        FROM qmyz_delivery_address
        WHERE
        <![CDATA[
            N_ID = #{nId,jdbcType=BIGINT}
        and N_USER_ID       = #{nUserId,jdbcType=BIGINT}
        ]]>
    </operation>


    <operation name="updateAddressDefByNIdAndUserId" paramtype="object" remark="根据主键绑定数据:qmyz_delivery_address">
        <![CDATA[
           UPDATE qmyz_delivery_address
        SET
             S_DEFAULT       = 1
            ,D_LAST_UPDATE   = now()
        WHERE
            N_ID            = #{nId,jdbcType=BIGINT}
        and N_USER_ID       = #{nUserId,jdbcType=BIGINT}
        ]]>
    </operation>


    <operation name="updateAddressDefForCancelByNIdAndUserId" paramtype="object" remark="根据主键绑定数据:qmyz_delivery_address">
        <![CDATA[
           UPDATE qmyz_delivery_address
        SET
             S_DEFAULT       =  0
            ,D_LAST_UPDATE   = now()
        WHERE
         N_USER_ID       = #{nUserId,jdbcType=BIGINT}
        ]]>
    </operation>

    <operation name="getByUserId" paramtype="object" multiplicity="many" remark="根据主键获取数据:qmyz_delivery_address">
        SELECT *
        FROM qmyz_delivery_address
        WHERE
        <![CDATA[
         N_USER_ID       = #{nUserId,jdbcType=BIGINT}
        ]]>
        order by s_default desc
    </operation>

    <operation name="deleteByNIdAndUserId" paramtype="object" remark="根据主键删除数据:qmyz_delivery_address">
        <![CDATA[
        DELETE FROM qmyz_delivery_address
        WHERE
            N_ID = #{nId,jdbcType=BIGINT}
        and N_USER_ID       = #{nUserId,jdbcType=BIGINT}
        ]]>
    </operation>
</table>
