<!DOCTYPE table SYSTEM "../config/table-config-1.0.dtd">
<table sqlname="qmyz_order" physicalName="qmyz_order" remark="订单信息表">
    <!--  特殊字符说明 &lt;&gt; <> -->
    <!-- baseSql option中 select * 会自动替换为 include -->
    <sql id="Base_Column_List">
        N_ID,N_USER_ID,S_STATE,S_ORDER_ID,S_EVALUATE 
        ,S_LEAVE_MESSAGE,S_CONTRACT_CHOICE,N_TYPE,D_CREATE,D_PAY_TIME 
        ,D_LAST_UPDATE,N_TOTAL
    </sql>

    <!-- baseSql option中 select sf.* 会自动替换为 include -->
    <sql id="Base_SF_Column_List">
        sf.N_ID,sf.N_USER_ID,sf.S_STATE,sf.S_ORDER_ID,sf.S_EVALUATE
        ,sf.S_LEAVE_MESSAGE,sf.S_CONTRACT_CHOICE,sf.N_TYPE,sf.D_CREATE,sf.D_PAY_TIME
        ,sf.D_LAST_UPDATE,sf.N_TOTAL
    </sql>

    <operation name="insert" paramtype="object" remark="插入表:qmyz_order">
        <selectKey resultType="java.lang.Long" keyProperty="id" order="AFTER">
            SELECT
            LAST_INSERT_ID()
        </selectKey>
        INSERT INTO qmyz_order(
        <if test="nId !=null">
            N_ID ,
        </if>
        <if test="nUserId !=null">
            N_USER_ID ,
        </if>
        <if test="sState !=null">
            S_STATE ,
        </if>
        <if test="sOrderId !=null">
            S_ORDER_ID ,
        </if>
        <if test="sEvaluate !=null">
            S_EVALUATE ,
        </if>
        <if test="sLeaveMessage !=null">
            S_LEAVE_MESSAGE ,
        </if>
        <if test="sContractChoice !=null">
            S_CONTRACT_CHOICE ,
        </if>
        <if test="nType !=null">
            N_TYPE ,
        </if>
        <if test="dCreate !=null">
            D_CREATE ,
        </if>
        <if test="dPayTime !=null">
            D_PAY_TIME ,
        </if>
        <if test="dLastUpdate !=null">
            D_LAST_UPDATE ,
        </if>
        <if test="nTotal !=null">
            N_TOTAL 
        </if>
        )VALUES(
          <if test="nId !=null">
              #{nId,jdbcType=BIGINT}  ,
          </if>
          <if test="nUserId !=null">
              #{nUserId,jdbcType=BIGINT}  ,
          </if>
          <if test="sState !=null">
              #{sState,jdbcType=VARCHAR}  ,
          </if>
          <if test="sOrderId !=null">
              #{sOrderId,jdbcType=VARCHAR}  ,
          </if>
          <if test="sEvaluate !=null">
              #{sEvaluate,jdbcType=VARCHAR}  ,
          </if>
          <if test="sLeaveMessage !=null">
              #{sLeaveMessage,jdbcType=VARCHAR}  ,
          </if>
          <if test="sContractChoice !=null">
              #{sContractChoice,jdbcType=VARCHAR}  ,
          </if>
          <if test="nType !=null">
              #{nType,jdbcType=INTEGER}  ,
          </if>
          <if test="dCreate !=null">
              #{dCreate,jdbcType=TIMESTAMP}  ,
          </if>
          <if test="dPayTime !=null">
              #{dPayTime,jdbcType=TIMESTAMP}  ,
          </if>
          <if test="dLastUpdate !=null">
              #{dLastUpdate,jdbcType=TIMESTAMP}  ,
          </if>
          <if test="nTotal !=null">
              #{nTotal,jdbcType=DECIMAL}  
          </if>
        )
    </operation>

    <!-- foreach 可以自定义类型，paramtype="primitive" foreach->javatype="自己书写的类"  -->
    <!-- 只有一个参数且为List时必须将参数命名为list -->
    <operation name="insertBatch" paramtype="objectList" remark="批量插入表:qmyz_order">
        INSERT INTO qmyz_order(
            N_ID
            ,N_USER_ID
            ,S_STATE
            ,S_ORDER_ID
            ,S_EVALUATE
            ,S_LEAVE_MESSAGE
            ,S_CONTRACT_CHOICE
            ,N_TYPE
            ,D_CREATE
            ,D_PAY_TIME
            ,D_LAST_UPDATE
            ,N_TOTAL
        )VALUES
        <foreach collection="list"  item="item" separator=",">
            (
                 #{item.nId,jdbcType=BIGINT}
                , #{item.nUserId,jdbcType=BIGINT}
                , #{item.sState,jdbcType=VARCHAR}
                , #{item.sOrderId,jdbcType=VARCHAR}
                , #{item.sEvaluate,jdbcType=VARCHAR}
                , #{item.sLeaveMessage,jdbcType=VARCHAR}
                , #{item.sContractChoice,jdbcType=VARCHAR}
                , #{item.nType,jdbcType=INTEGER}
                , #{item.dCreate,jdbcType=TIMESTAMP}
                , #{item.dPayTime,jdbcType=TIMESTAMP}
                , #{item.dLastUpdate,jdbcType=TIMESTAMP}
                , #{item.nTotal,jdbcType=DECIMAL}
            )
        </foreach>
    </operation>

    <operation name="update" paramtype="object" remark="更新表:qmyz_order">
        UPDATE qmyz_order
        <set>
               <if test="sState !=null">
                    S_STATE         = #{sState,jdbcType=VARCHAR},
              </if>
               <if test="sOrderId !=null">
                    S_ORDER_ID      = #{sOrderId,jdbcType=VARCHAR},
              </if>
               <if test="sEvaluate !=null">
                    S_EVALUATE      = #{sEvaluate,jdbcType=VARCHAR},
              </if>
               <if test="sLeaveMessage !=null">
                    S_LEAVE_MESSAGE = #{sLeaveMessage,jdbcType=VARCHAR},
              </if>
               <if test="sContractChoice !=null">
                    S_CONTRACT_CHOICE = #{sContractChoice,jdbcType=VARCHAR},
              </if>
               <if test="nType !=null">
                    N_TYPE          = #{nType,jdbcType=INTEGER},
              </if>
               <if test="dCreate !=null">
                    D_CREATE        = #{dCreate,jdbcType=TIMESTAMP},
              </if>
               <if test="dPayTime !=null">
                    D_PAY_TIME      = #{dPayTime,jdbcType=TIMESTAMP},
              </if>
               <if test="dLastUpdate !=null">
                    D_LAST_UPDATE   = #{dLastUpdate,jdbcType=TIMESTAMP},
              </if>
               <if test="nTotal !=null">
                    N_TOTAL         = #{nTotal,jdbcType=DECIMAL}
              </if>
        </set>
        WHERE
            N_ID            = #{nId,jdbcType=BIGINT}
        and N_USER_ID       = #{nUserId,jdbcType=BIGINT}
    </operation>

    <operation name="deleteByNId"  remark="根据主键删除数据:qmyz_order">
        <![CDATA[
        DELETE FROM qmyz_order
        WHERE
            N_ID = #{nId,jdbcType=BIGINT}
        ]]>
    </operation>

    <operation name="getByNId" multiplicity="one" remark="根据主键获取数据:qmyz_order">
        SELECT *
        FROM qmyz_order
        WHERE
        <![CDATA[
            N_ID = #{nId,jdbcType=BIGINT}
        ]]>
    </operation>

</table>
