<!DOCTYPE table SYSTEM "../config/table-config-1.0.dtd">
<table sqlname="qmyz_company_live" physicalName="qmyz_company_live" remark="直播配置表">
    <!--  特殊字符说明 &lt;&gt; <> -->
    <!-- baseSql option中 select * 会自动替换为 include -->
    <sql id="Base_Column_List">
        S_PIC_URL,S_SOURCE,S_LIVE_NAME,N_STATE,N_END_TIME 
        ,N_LIVE_FLAG,N_START_TIME
    </sql>

    <!-- baseSql option中 select sf.* 会自动替换为 include -->
    <sql id="Base_SF_Column_List">
        sf.S_PIC_URL,sf.S_SOURCE,sf.S_LIVE_NAME,sf.N_STATE,sf.N_END_TIME
        ,sf.N_LIVE_FLAG,sf.N_START_TIME
    </sql>

    <operation name="insert" paramtype="object" remark="插入表:qmyz_company_live">
        <selectKey resultType="java.lang.Long" keyProperty="id" order="AFTER">
            SELECT
            LAST_INSERT_ID()
        </selectKey>
        <![CDATA[
        INSERT INTO qmyz_company_live(
            S_PIC_URL
            ,S_SOURCE
            ,S_LIVE_NAME
            ,N_STATE
            ,N_END_TIME
            ,N_LIVE_FLAG
            ,N_START_TIME
        )VALUES(
             #{sPicUrl,jdbcType=VARCHAR}
            , #{sSource,jdbcType=VARCHAR}
            , #{sLiveName,jdbcType=VARCHAR}
            , #{nState,jdbcType=INTEGER}
            , #{nEndTime,jdbcType=INTEGER}
            , #{nLiveFlag,jdbcType=INTEGER}
            , #{nStartTime,jdbcType=INTEGER}
        )
        ]]>
    </operation>

    <!-- foreach 可以自定义类型，paramtype="primitive" foreach->javatype="自己书写的类"  -->
    <!-- 只有一个参数且为List时必须将参数命名为list -->
    <operation name="insertBatch" paramtype="objectList" remark="批量插入表:qmyz_company_live">
        INSERT INTO qmyz_company_live(
            S_PIC_URL
            ,S_SOURCE
            ,S_LIVE_NAME
            ,N_STATE
            ,N_END_TIME
            ,N_LIVE_FLAG
            ,N_START_TIME
        )VALUES
        <foreach collection="list"  item="item" separator=",">
            (
                 #{item.sPicUrl,jdbcType=VARCHAR}
                , #{item.sSource,jdbcType=VARCHAR}
                , #{item.sLiveName,jdbcType=VARCHAR}
                , #{item.nState,jdbcType=INTEGER}
                , #{item.nEndTime,jdbcType=INTEGER}
                , #{item.nLiveFlag,jdbcType=INTEGER}
                , #{item.nStartTime,jdbcType=INTEGER}
            )
        </foreach>
    </operation>

    <!-- 不推荐使用全 update 有需要自己打开
    <operation name="update" paramtype="object" remark="更新表:qmyz_company_live">
        <![CDATA[
        UPDATE qmyz_company_live
        SET
            S_PIC_URL       = #{sPicUrl,jdbcType=VARCHAR}
            ,S_SOURCE        = #{sSource,jdbcType=VARCHAR}
            ,S_LIVE_NAME     = #{sLiveName,jdbcType=VARCHAR}
            ,N_STATE         = #{nState,jdbcType=INTEGER}
        WHERE
            N_LIVE_FLAG     = #{nLiveFlag,jdbcType=INTEGER}
            AND N_END_TIME      = #{nEndTime,jdbcType=INTEGER}
            AND N_START_TIME    = #{nStartTime,jdbcType=INTEGER}
        ]]>
    </operation>
    -->
    <operation name="deleteByPrimary"  remark="根据主键删除数据:qmyz_company_live">
        <![CDATA[
        DELETE FROM qmyz_company_live
        WHERE
            N_LIVE_FLAG = #{nLiveFlag,jdbcType=INTEGER}
            AND N_END_TIME = #{nEndTime,jdbcType=INTEGER}
            AND N_START_TIME = #{nStartTime,jdbcType=INTEGER}
        ]]>
    </operation>

    <operation name="getByPrimary" multiplicity="one" remark="根据主键获取数据:qmyz_company_live">
        SELECT *
        FROM qmyz_company_live
        WHERE
        <![CDATA[
            N_LIVE_FLAG = #{nLiveFlag,jdbcType=INTEGER}
            AND N_END_TIME = #{nEndTime,jdbcType=INTEGER}
            AND N_START_TIME = #{nStartTime,jdbcType=INTEGER}
        ]]>
    </operation>



    <operation name="getCompanyLive"
               multiplicity="paging" paging="companyLive" remark="根据主键获取数据:qmyz_company_live">
        SELECT *
        FROM qmyz_company_live
        WHERE 1=1
        and  n_state = 1
        <if test="nLiveFlag == 1">
            and n_live_flag =#{nLiveFlag,jdbcType=INTEGER}
        </if>
        <if test="nLiveFlag != 1">
            and n_live_flag &gt; 1
        </if>
        and n_start_time &lt;= #{nNow,jdbcType=INTEGER}
        and n_end_time  &gt;= #{nNow,jdbcType=INTEGER}
    </operation>
</table>
