<!DOCTYPE table SYSTEM "../config/table-config-1.0.dtd">
<table sqlname="qmyz_user_evaluate" physicalName="qmyz_user_evaluate" remark="用户评价表">
    <!--  特殊字符说明 &lt;&gt; <> -->
    <!-- baseSql option中 select * 会自动替换为 include -->
    <sql id="Base_Column_List">
        N_ID,N_USER_ID,S_CONTENT,N_SCORE,N_GOODS_ID 
        ,D_CREATE
    </sql>

    <!-- baseSql option中 select sf.* 会自动替换为 include -->
    <sql id="Base_SF_Column_List">
        sf.N_ID,sf.N_USER_ID,sf.S_CONTENT,sf.N_SCORE,sf.N_GOODS_ID
        ,sf.D_CREATE
    </sql>

    <operation name="insert" paramtype="object" remark="插入表:qmyz_user_evaluate">
        <selectKey resultType="java.lang.Long" keyProperty="nId" order="BEFORE">
            SELECT nextval_safe('qmyz_user_evaluate_seq') as nId  from dual
        </selectKey>
        INSERT ignore INTO qmyz_user_evaluate
        <trim prefix="(" suffix=")" suffixOverrides=",">
        <if test="nId !=null">
            N_ID ,
        </if>
        <if test="nUserId !=null">
            N_USER_ID ,
        </if>
        <if test="sContent !=null">
            S_CONTENT ,
        </if>
        <if test="nScore !=null">
            N_SCORE ,
        </if>
        <if test="nGoodsId !=null">
            N_GOODS_ID ,
        </if>
        <if test="dCreate !=null">
            D_CREATE 
        </if>
        </trim>
        <trim prefix="values (" suffix=")" suffixOverrides=",">
        <if test="nId !=null">
            #{nId,jdbcType=BIGINT}  ,
        </if>
          <if test="nUserId !=null">
              #{nUserId,jdbcType=BIGINT}  ,
          </if>
          <if test="sContent !=null">
              #{sContent,jdbcType=VARCHAR}  ,
          </if>
          <if test="nScore !=null">
              #{nScore,jdbcType=INTEGER}  ,
          </if>
          <if test="nGoodsId !=null">
              #{nGoodsId,jdbcType=INTEGER}  ,
          </if>
          <if test="dCreate !=null">
              #{dCreate,jdbcType=TIMESTAMP}  
          </if>
        </trim>
    </operation>

    <!-- foreach 可以自定义类型，paramtype="primitive" foreach->javatype="自己书写的类"  -->
    <!-- 只有一个参数且为List时必须将参数命名为list -->
    <operation name="insertBatch" paramtype="objectList" remark="批量插入表:qmyz_user_evaluate">
        INSERT INTO qmyz_user_evaluate(
            N_ID
            ,N_USER_ID
            ,S_CONTENT
            ,N_SCORE
            ,N_GOODS_ID
            ,D_CREATE
        )VALUES
        <foreach collection="list"  item="item" separator=",">
            (
                 #{item.nId,jdbcType=BIGINT}
                , #{item.nUserId,jdbcType=BIGINT}
                , #{item.sContent,jdbcType=VARCHAR}
                , #{item.nScore,jdbcType=INTEGER}
                , #{item.nGoodsId,jdbcType=INTEGER}
                , #{item.dCreate,jdbcType=TIMESTAMP}
            )
        </foreach>
    </operation>

    <!-- 不推荐使用全 update 有需要自己打开
    <operation name="update" paramtype="object" remark="更新表:qmyz_user_evaluate">
        UPDATE qmyz_user_evaluate
        <set>
               <if test="nUserId !=null">
                    N_USER_ID       = #{nUserId,jdbcType=BIGINT},
              </if>
               <if test="sContent !=null">
                    S_CONTENT       = #{sContent,jdbcType=VARCHAR},
              </if>
               <if test="nScore !=null">
                    N_SCORE         = #{nScore,jdbcType=INTEGER},
              </if>
               <if test="nGoodsId !=null">
                    N_GOODS_ID      = #{nGoodsId,jdbcType=INTEGER},
              </if>
               <if test="dCreate !=null">
                    D_CREATE        = #{dCreate,jdbcType=TIMESTAMP}
              </if>
        </set>
        WHERE
            N_ID            = #{nId,jdbcType=BIGINT}
    </operation>
    -->
    <operation name="deleteByNId"  remark="根据主键删除数据:qmyz_user_evaluate">
        <![CDATA[
        DELETE FROM qmyz_user_evaluate
        WHERE
            N_ID = #{nId,jdbcType=BIGINT}
        ]]>
    </operation>

    <operation name="getByNId" multiplicity="one" remark="根据主键获取数据:qmyz_user_evaluate">
        SELECT *
        FROM qmyz_user_evaluate
        WHERE
        <![CDATA[
            N_ID = #{nId,jdbcType=BIGINT}
        ]]>
    </operation>







    <resultmap name="userEvaluateNickNameMap" type="ResMapUserEvaluateNickNameVO">
        <column name="s_icon" javatype="String" jdbctype="VARCHAR"   remark="头像"/>
        <column name="s_nickname" javatype="String" jdbctype="VARCHAR"   remark="昵称"/>
        <column name="n_score"  javatype="int" jdbctype="INTEGER"    remark="分数"/>
        <column name="s_content" javatype="String" jdbctype="VARCHAR"   remark="内容"/>
        <column name="d_create" javatype="java.util.Date" jdbctype="TIMESTAMP"  remark="时间"/>
    </resultmap>

    <operation name="getByGoodsId"  multiplicity="paging" paging="userEvaluate"
               resultmap="userEvaluateNickNameMap"    remark="根据主键获取数据:qmyz_user_evaluate">
        select u.s_pic_url s_icon,
        u.s_nickname,
        t.n_score,
        t.s_content,
        t.d_create
        from qmyz_user_evaluate t,
        qmyz_user_info u
        where
        <![CDATA[
            t.N_GOODS_ID = #{nGoodsId,jdbcType=INTEGER}
        ]]>
        and t.n_user_id = u.n_user_id
        order by t.d_create desc
    </operation>

    <resultmap name="evaluateMap" type="ResMapEvaluateVO">
        <column name="n_score"  javatype="int" jdbctype="INTEGER"    remark="订单编号"/>
        <column name="n_num"  javatype="int" jdbctype="INTEGER"  remark="数量"/>
    </resultmap>

    <operation name="getEvaluateByGoodsId"  multiplicity="one"  paramtype="primitive"
               resultmap="evaluateMap" remark="根据主键获取数据:qmyz_user_evaluate">
        select sum(n_score) n_score,
        count(*) n_num
        from qmyz_user_evaluate t
        where t.n_goods_id =#{nGoodsId,jdbcType=INTEGER}
    </operation>
</table>
