<!DOCTYPE table SYSTEM "../config/table-config-1.0.dtd">
<table sqlname="qmyz_version" physicalName="qmyz_version" remark="产品版本表">
    <!--  特殊字符说明 &lt;&gt; <> -->
    <!-- baseSql option中 select * 会自动替换为 include -->
    <sql id="Base_Column_List">
        S_VERSION,S_DOWNLOAD_URL,N_PLATFORM,D_TIME
    </sql>

    <!-- baseSql option中 select sf.* 会自动替换为 include -->
    <sql id="Base_SF_Column_List">
        sf.S_VERSION,sf.S_DOWNLOAD_URL,sf.N_PLATFORM,sf.D_TIME
    </sql>

    <operation name="insert" paramtype="object" remark="插入表:qmyz_version">
        <selectKey resultType="java.lang.Long" keyProperty="id" order="AFTER">
            SELECT
            LAST_INSERT_ID()
        </selectKey>
        INSERT INTO qmyz_version
        <trim prefix="(" suffix=")" suffixOverrides=",">
        <if test="sVersion !=null">
            S_VERSION ,
        </if>
        <if test="sDownloadUrl !=null">
            S_DOWNLOAD_URL ,
        </if>
        <if test="nPlatform !=null">
            N_PLATFORM ,
        </if>
        <if test="dTime !=null">
            D_TIME 
        </if>
        </trim>
        <trim prefix="values (" suffix=")" suffixOverrides=",">
          <if test="sVersion !=null">
              #{sVersion,jdbcType=VARCHAR}  ,
          </if>
          <if test="sDownloadUrl !=null">
              #{sDownloadUrl,jdbcType=VARCHAR}  ,
          </if>
          <if test="nPlatform !=null">
              #{nPlatform,jdbcType=INTEGER}  ,
          </if>
          <if test="dTime !=null">
              #{dTime,jdbcType=TIMESTAMP}  
          </if>
        </trim>
    </operation>

    <!-- foreach 可以自定义类型，paramtype="primitive" foreach->javatype="自己书写的类"  -->
    <!-- 只有一个参数且为List时必须将参数命名为list -->
    <operation name="insertBatch" paramtype="objectList" remark="批量插入表:qmyz_version">
        INSERT INTO qmyz_version(
            S_VERSION
            ,S_DOWNLOAD_URL
            ,N_PLATFORM
            ,D_TIME
        )VALUES
        <foreach collection="list"  item="item" separator=",">
            (
                 #{item.sVersion,jdbcType=VARCHAR}
                , #{item.sDownloadUrl,jdbcType=VARCHAR}
                , #{item.nPlatform,jdbcType=INTEGER}
                , #{item.dTime,jdbcType=TIMESTAMP}
            )
        </foreach>
    </operation>

    <!-- 不推荐使用全 update 有需要自己打开
    <operation name="update" paramtype="object" remark="更新表:qmyz_version">
        UPDATE qmyz_version
        <set>
               <if test="sDownloadUrl !=null">
                    S_DOWNLOAD_URL  = #{sDownloadUrl,jdbcType=VARCHAR},
              </if>
               <if test="dTime !=null">
                    D_TIME          = #{dTime,jdbcType=TIMESTAMP},
              </if>
        </set>
        WHERE
            S_VERSION       = #{sVersion,jdbcType=VARCHAR}
            AND N_PLATFORM      = #{nPlatform,jdbcType=INTEGER}
    </operation>
    -->
    <operation name="deleteByPrimary"  remark="根据主键删除数据:qmyz_version">
        <![CDATA[
        DELETE FROM qmyz_version
        WHERE
            S_VERSION = #{sVersion,jdbcType=VARCHAR}
            AND N_PLATFORM = #{nPlatform,jdbcType=INTEGER}
        ]]>
    </operation>

    <operation name="getByPrimary" multiplicity="one" remark="根据主键获取数据:qmyz_version">
        SELECT *
        FROM qmyz_version
        WHERE
        <![CDATA[
            S_VERSION = #{sVersion,jdbcType=VARCHAR}
            AND N_PLATFORM = #{nPlatform,jdbcType=INTEGER}
        ]]>
    </operation>





    <operation name="getList" multiplicity="many" remark="根据主键获取数据:qmyz_version">
        SELECT *
        FROM qmyz_version
    </operation>
</table>
