<!DOCTYPE table SYSTEM "../config/table-config-1.0.dtd">
<table sqlname="qmyz_news_detail" physicalName="qmyz_news_detail" remark="用户消息明细表">
    <!--  特殊字符说明 &lt;&gt; <> -->
    <!-- baseSql option中 select * 会自动替换为 include -->
    <sql id="Base_Column_List">
        N_ID,N_USER_ID,N_ORDER_ID,S_NEWS_TYPE,S_CATTLE_CODE 
        ,D_CREATE
    </sql>

    <!-- baseSql option中 select sf.* 会自动替换为 include -->
    <sql id="Base_SF_Column_List">
        sf.N_ID,sf.N_USER_ID,sf.N_ORDER_ID,sf.S_NEWS_TYPE,sf.S_CATTLE_CODE
        ,sf.D_CREATE
    </sql>

    <operation name="insert" paramtype="object" remark="插入表:qmyz_news_detail">
        <selectKey resultType="java.lang.Long" keyProperty="id" order="AFTER">
            SELECT
            LAST_INSERT_ID()
        </selectKey>
        <![CDATA[
        INSERT INTO qmyz_news_detail(
            N_ID
            ,N_USER_ID
            ,N_ORDER_ID
            ,S_NEWS_TYPE
            ,S_CATTLE_CODE
            ,D_CREATE
        )VALUES(
             #{nId,jdbcType=BIGINT}
            , #{nUserId,jdbcType=BIGINT}
            , #{nOrderId,jdbcType=BIGINT}
            , #{sNewsType,jdbcType=VARCHAR}
            , #{sCattleCode,jdbcType=VARCHAR}
            , #{dCreate,jdbcType=TIMESTAMP}
        )
        ]]>
    </operation>

    <!-- foreach 可以自定义类型，paramtype="primitive" foreach->javatype="自己书写的类"  -->
    <!-- 只有一个参数且为List时必须将参数命名为list -->
    <operation name="insertBatch" paramtype="objectList" remark="批量插入表:qmyz_news_detail">
        INSERT INTO qmyz_news_detail(
            N_ID
            ,N_USER_ID
            ,N_ORDER_ID
            ,S_NEWS_TYPE
            ,S_CATTLE_CODE
            ,D_CREATE
        )VALUES
        <foreach collection="list"  item="item" separator=",">
            (
                 #{item.nId,jdbcType=BIGINT}
                , #{item.nUserId,jdbcType=BIGINT}
                , #{item.nOrderId,jdbcType=BIGINT}
                , #{item.sNewsType,jdbcType=VARCHAR}
                , #{item.sCattleCode,jdbcType=VARCHAR}
                , #{item.dCreate,jdbcType=TIMESTAMP}
            )
        </foreach>
    </operation>

    <!-- 不推荐使用全 update 有需要自己打开
    <operation name="update" paramtype="object" remark="更新表:qmyz_news_detail">
        UPDATE qmyz_news_detail
        <set>
               <if test="nUserId !=null">
                    N_USER_ID       = #{nUserId,jdbcType=BIGINT},
              </if>
               <if test="nOrderId !=null">
                    N_ORDER_ID      = #{nOrderId,jdbcType=BIGINT},
              </if>
               <if test="sNewsType !=null">
                    S_NEWS_TYPE     = #{sNewsType,jdbcType=VARCHAR},
              </if>
               <if test="sCattleCode !=null">
                    S_CATTLE_CODE   = #{sCattleCode,jdbcType=VARCHAR},
              </if>
               <if test="dCreate !=null">
                    D_CREATE        = #{dCreate,jdbcType=TIMESTAMP}
              </if>
        </set>
        WHERE
            N_ID            = #{nId,jdbcType=BIGINT}
    </operation>
    -->
    <operation name="deleteByNId"  remark="根据主键删除数据:qmyz_news_detail">
        <![CDATA[
        DELETE FROM qmyz_news_detail
        WHERE
            N_ID = #{nId,jdbcType=BIGINT}
        ]]>
    </operation>

    <operation name="getByNId" multiplicity="one" remark="根据主键获取数据:qmyz_news_detail">
        SELECT *
        FROM qmyz_news_detail
        WHERE
        <![CDATA[
            N_ID = #{nId,jdbcType=BIGINT}
        ]]>
    </operation>



    <operation name="getByNUserId"  multiplicity="paging" paging="newsDetail"  remark="根据主键获取数据:qmyz_news_detail">
        SELECT *
        FROM qmyz_news_detail
        WHERE
        <![CDATA[
             N_USER_ID       = #{nUserId,jdbcType=BIGINT}
        ]]>
        <if test="list !=null">
            and  S_NEWS_TYPE  IN
            <foreach collection="list" item="sNewsType" index="index" open="(" close=")" separator=",">
                #{sNewsType,jdbcType=VARCHAR}
            </foreach>
        </if>
        order by d_create desc
    </operation>

    <resultmap name="aquaNewsMap" type="ResAquacultureNewsMapVO">
        <column name="s_news_type" javatype="String" jdbctype="VARCHAR" remark="11 养殖待支付 12 养殖订单完成 13 养殖到期提醒 21 商品待支付 22 商品订单完成"/>
        <column name="d_create" javatype="java.util.Date" jdbctype="DATE" remark="时间"/>
        <column name="s_product_name" javatype="String" jdbctype="VARCHAR" remark="产品名称"/>
        <column name="n_num" javatype="Long" jdbctype="INT" remark="购买数量"/>
        <column name="n_total" javatype="Long" jdbctype="DECIMAL" remark="订单总价"/>
        <column name="s_cattle_code" javatype="String" jdbctype="VARCHAR" remark="角标"/>
    </resultmap>

    <operation name="getAquaByNUserId"  multiplicity="paging" paging="aquaNewsDetail"
               paramtype="primitive" resultmap="aquaNewsMap" remark="根据主键获取数据:qmyz_news_detail">
        SELECT t.s_news_type, t.d_create,w.s_product_name,v.n_num,u.n_total,t.s_cattle_code
        FROM qmyz_news_detail t,
        qmyz_order u ,
        qmyz_order_goods v,
        qmyz_aquaculture_product w
        where
        <![CDATA[
              t.N_USER_ID       = #{nUserId,jdbcType=BIGINT}
        ]]>
        and left(t.s_news_type, 1) ='1'
        and t.n_order_id = u.n_id
        and u.n_id = v.n_order_id
        and v.s_goods_id =cast(w.n_id as char)
        order by t.d_create desc
    </operation>

    <resultmap name="goodsNewsMap" type="ResGoodsNewsMapVO">
        <column name="s_news_type"  javatype="String" jdbctype="VARCHAR" remark="11 养殖待支付 12 养殖订单完成 13 养殖到期提醒 21 商品待支付 22 商品订单完成"/>
        <column name="d_create" javatype="java.util.Date" jdbctype="DATE" remark="时间"/>
        <column name="s_order_id" javatype="String" jdbctype="VARCHAR" remark="订单ID"/>
        <column name="n_total" javatype="Long" jdbctype="DECIMAL" remark="订单总价"/>
    </resultmap>

    <operation name="getGoodsByNUserId"  multiplicity="paging" paging="goodsNewsDetail"
               paramtype="primitive" resultmap="goodsNewsMap"    remark="根据主键获取数据:qmyz_news_detail">
        SELECT t.s_news_type, t.d_create,u.s_order_id ,u.n_total
        FROM qmyz_news_detail t,
        qmyz_order u
        where
        <![CDATA[
              t.N_USER_ID       = #{nUserId,jdbcType=BIGINT}
        ]]>
        and left(t.s_news_type, 1) ='2'
        and t.n_order_id = u.n_id
        order by t.d_create desc
    </operation>

</table>
