<!DOCTYPE table SYSTEM "../config/table-config-1.0.dtd">
<table sqlname="qmyz_system_bulletin" physicalName="qmyz_system_bulletin" remark="系统公告表">
    <!--  特殊字符说明 &lt;&gt; <> -->
    <!-- baseSql option中 select * 会自动替换为 include -->
    <sql id="Base_Column_List">
        S_TITLE,S_CONTENT,N_ID,N_STATE,D_CREATE
    </sql>

    <!-- baseSql option中 select sf.* 会自动替换为 include -->
    <sql id="Base_SF_Column_List">
        sf.S_TITLE,sf.S_CONTENT,sf.N_ID,sf.N_STATE,sf.D_CREATE
    </sql>

    <operation name="insert" paramtype="object" remark="插入表:qmyz_system_bulletin">
        <selectKey resultType="java.lang.Long" keyProperty="id" order="AFTER">
            SELECT
            LAST_INSERT_ID()
        </selectKey>
        INSERT INTO qmyz_system_bulletin(
        <if test="sTitle !=null">
            S_TITLE ,
        </if>
        <if test="sContent !=null">
            S_CONTENT ,
        </if>
        <if test="nId !=null">
            N_ID ,
        </if>
        <if test="nState !=null">
            N_STATE ,
        </if>
        <if test="dCreate !=null">
            D_CREATE 
        </if>
        )VALUES(
          <if test="sTitle !=null">
              #{sTitle,jdbcType=VARCHAR}  ,
          </if>
          <if test="sContent !=null">
              #{sContent,jdbcType=VARCHAR}  ,
          </if>
          <if test="nId !=null">
              #{nId,jdbcType=INTEGER}  ,
          </if>
          <if test="nState !=null">
              #{nState,jdbcType=INTEGER}  ,
          </if>
          <if test="dCreate !=null">
              #{dCreate,jdbcType=TIMESTAMP}  
          </if>
        )
    </operation>

    <!-- foreach 可以自定义类型，paramtype="primitive" foreach->javatype="自己书写的类"  -->
    <!-- 只有一个参数且为List时必须将参数命名为list -->
    <operation name="insertBatch" paramtype="objectList" remark="批量插入表:qmyz_system_bulletin">
        INSERT INTO qmyz_system_bulletin(
            S_TITLE
            ,S_CONTENT
            ,N_ID
            ,N_STATE
            ,D_CREATE
        )VALUES
        <foreach collection="list"  item="item" separator=",">
            (
                 #{item.sTitle,jdbcType=VARCHAR}
                , #{item.sContent,jdbcType=VARCHAR}
                , #{item.nId,jdbcType=INTEGER}
                , #{item.nState,jdbcType=INTEGER}
                , #{item.dCreate,jdbcType=TIMESTAMP}
            )
        </foreach>
    </operation>

    <!-- 不推荐使用全 update 有需要自己打开
    <operation name="update" paramtype="object" remark="更新表:qmyz_system_bulletin">
        UPDATE qmyz_system_bulletin
        <set>
               <if test="sTitle !=null">
                    S_TITLE         = #{sTitle,jdbcType=VARCHAR},
              </if>
               <if test="sContent !=null">
                    S_CONTENT       = #{sContent,jdbcType=VARCHAR},
              </if>
               <if test="nState !=null">
                    N_STATE         = #{nState,jdbcType=INTEGER},
              </if>
               <if test="dCreate !=null">
                    D_CREATE        = #{dCreate,jdbcType=TIMESTAMP}
              </if>
        </set>
        WHERE
            N_ID            = #{nId,jdbcType=INTEGER}
    </operation>
    -->
    <operation name="deleteByNId"  remark="根据主键删除数据:qmyz_system_bulletin">
        <![CDATA[
        DELETE FROM qmyz_system_bulletin
        WHERE
            N_ID = #{nId,jdbcType=INTEGER}
        ]]>
    </operation>

    <operation name="getByNId" multiplicity="one" remark="根据主键获取数据:qmyz_system_bulletin">
        SELECT *
        FROM qmyz_system_bulletin
        WHERE
        <![CDATA[
            N_ID = #{nId,jdbcType=INTEGER}
        ]]>
    </operation>





    <operation name="getSystemBulletin"
               multiplicity="paging" paging="systemBulletin" remark="根据主键获取数据:qmyz_system_bulletin">
        SELECT *
        FROM qmyz_system_bulletin
        where  n_state = 1
        order by d_create desc
    </operation>
</table>
