<!DOCTYPE table SYSTEM "../config/table-config-1.0.dtd">
<table sqlname="qmyz_company_info" physicalName="qmyz_company_info" remark="公司信息表">
    <!--  特殊字符说明 &lt;&gt; <> -->
    <!-- baseSql option中 select * 会自动替换为 include -->
    <sql id="Base_Column_List">
        S_WORK_TIME,S_COMPANY_TEL,S_COMPANY_MAIL,S_COMPANY_NAME,S_CUSTOMER_TEL 
        ,S_COMPANY_ENAME,S_COMPANY_ADDRESS,S_SUBSCRIPTION_NUMBER,D_LAST_UPDATE
    </sql>

    <!-- baseSql option中 select sf.* 会自动替换为 include -->
    <sql id="Base_SF_Column_List">
        sf.S_WORK_TIME,sf.S_COMPANY_TEL,sf.S_COMPANY_MAIL,sf.S_COMPANY_NAME,sf.S_CUSTOMER_TEL
        ,sf.S_COMPANY_ENAME,sf.S_COMPANY_ADDRESS,sf.S_SUBSCRIPTION_NUMBER,sf.D_LAST_UPDATE
    </sql>

    <operation name="insert" paramtype="object" remark="插入表:qmyz_company_info">
        <selectKey resultType="java.lang.Long" keyProperty="id" order="AFTER">
            SELECT
            LAST_INSERT_ID()
        </selectKey>
        INSERT INTO qmyz_company_info
        <trim prefix="(" suffix=")" suffixOverrides=",">
        <if test="sWorkTime !=null">
            S_WORK_TIME ,
        </if>
        <if test="sCompanyTel !=null">
            S_COMPANY_TEL ,
        </if>
        <if test="sCompanyMail !=null">
            S_COMPANY_MAIL ,
        </if>
        <if test="sCompanyName !=null">
            S_COMPANY_NAME ,
        </if>
        <if test="sCustomerTel !=null">
            S_CUSTOMER_TEL ,
        </if>
        <if test="sCompanyEname !=null">
            S_COMPANY_ENAME ,
        </if>
        <if test="sCompanyAddress !=null">
            S_COMPANY_ADDRESS ,
        </if>
        <if test="sSubscriptionNumber !=null">
            S_SUBSCRIPTION_NUMBER ,
        </if>
        <if test="dLastUpdate !=null">
            D_LAST_UPDATE 
        </if>
        </trim>
        <trim prefix="values (" suffix=")" suffixOverrides=",">
          <if test="sWorkTime !=null">
              #{sWorkTime,jdbcType=VARCHAR}  ,
          </if>
          <if test="sCompanyTel !=null">
              #{sCompanyTel,jdbcType=VARCHAR}  ,
          </if>
          <if test="sCompanyMail !=null">
              #{sCompanyMail,jdbcType=VARCHAR}  ,
          </if>
          <if test="sCompanyName !=null">
              #{sCompanyName,jdbcType=VARCHAR}  ,
          </if>
          <if test="sCustomerTel !=null">
              #{sCustomerTel,jdbcType=VARCHAR}  ,
          </if>
          <if test="sCompanyEname !=null">
              #{sCompanyEname,jdbcType=VARCHAR}  ,
          </if>
          <if test="sCompanyAddress !=null">
              #{sCompanyAddress,jdbcType=VARCHAR}  ,
          </if>
          <if test="sSubscriptionNumber !=null">
              #{sSubscriptionNumber,jdbcType=VARCHAR}  ,
          </if>
          <if test="dLastUpdate !=null">
              #{dLastUpdate,jdbcType=TIMESTAMP}  
          </if>
        </trim>
    </operation>

    <!-- foreach 可以自定义类型，paramtype="primitive" foreach->javatype="自己书写的类"  -->
    <!-- 只有一个参数且为List时必须将参数命名为list -->
    <operation name="insertBatch" paramtype="objectList" remark="批量插入表:qmyz_company_info">
        INSERT INTO qmyz_company_info(
            S_WORK_TIME
            ,S_COMPANY_TEL
            ,S_COMPANY_MAIL
            ,S_COMPANY_NAME
            ,S_CUSTOMER_TEL
            ,S_COMPANY_ENAME
            ,S_COMPANY_ADDRESS
            ,S_SUBSCRIPTION_NUMBER
            ,D_LAST_UPDATE
        )VALUES
        <foreach collection="list"  item="item" separator=",">
            (
                 #{item.sWorkTime,jdbcType=VARCHAR}
                , #{item.sCompanyTel,jdbcType=VARCHAR}
                , #{item.sCompanyMail,jdbcType=VARCHAR}
                , #{item.sCompanyName,jdbcType=VARCHAR}
                , #{item.sCustomerTel,jdbcType=VARCHAR}
                , #{item.sCompanyEname,jdbcType=VARCHAR}
                , #{item.sCompanyAddress,jdbcType=VARCHAR}
                , #{item.sSubscriptionNumber,jdbcType=VARCHAR}
                , #{item.dLastUpdate,jdbcType=TIMESTAMP}
            )
        </foreach>
    </operation>

    <!-- 不推荐使用全 update 有需要自己打开
    <operation name="update" paramtype="object" remark="更新表:qmyz_company_info">
        UPDATE qmyz_company_info
        <set>
               <if test="sWorkTime !=null">
                    S_WORK_TIME     = #{sWorkTime,jdbcType=VARCHAR},
              </if>
               <if test="sCompanyTel !=null">
                    S_COMPANY_TEL   = #{sCompanyTel,jdbcType=VARCHAR},
              </if>
               <if test="sCompanyMail !=null">
                    S_COMPANY_MAIL  = #{sCompanyMail,jdbcType=VARCHAR},
              </if>
               <if test="sCustomerTel !=null">
                    S_CUSTOMER_TEL  = #{sCustomerTel,jdbcType=VARCHAR},
              </if>
               <if test="sCompanyEname !=null">
                    S_COMPANY_ENAME = #{sCompanyEname,jdbcType=VARCHAR},
              </if>
               <if test="sCompanyAddress !=null">
                    S_COMPANY_ADDRESS = #{sCompanyAddress,jdbcType=VARCHAR},
              </if>
               <if test="sSubscriptionNumber !=null">
                    S_SUBSCRIPTION_NUMBER = #{sSubscriptionNumber,jdbcType=VARCHAR},
              </if>
               <if test="dLastUpdate !=null">
                    D_LAST_UPDATE   = #{dLastUpdate,jdbcType=TIMESTAMP}
              </if>
        </set>
        WHERE
            S_COMPANY_NAME  = #{sCompanyName,jdbcType=VARCHAR}
    </operation>
    -->
    <operation name="deleteBySCompanyName"  remark="根据主键删除数据:qmyz_company_info">
        <![CDATA[
        DELETE FROM qmyz_company_info
        WHERE
            S_COMPANY_NAME = #{sCompanyName,jdbcType=VARCHAR}
        ]]>
    </operation>

    <operation name="getBySCompanyName" multiplicity="one" remark="根据主键获取数据:qmyz_company_info">
        SELECT *
        FROM qmyz_company_info
        WHERE
        <![CDATA[
            S_COMPANY_NAME = #{sCompanyName,jdbcType=VARCHAR}
        ]]>
    </operation>





    <operation name="getFirst" multiplicity="one" remark="根据主键获取数据:qmyz_company_info">
        SELECT *
        FROM qmyz_company_info
        LIMIT  1
    </operation>
</table>
