<!DOCTYPE table SYSTEM "../config/table-config-1.0.dtd">
<table sqlname="t_user_oauth" physicalName="t_user_oauth_0" remark="T_USER_OAUTH">
    <!--  特殊字符说明 &lt;&gt; <> -->
    <!-- baseSql option中 select * 会自动替换为 include -->
    <sql id="Base_Column_List">
        N_USER_ID,N_USER_OAUTH_ID,S_ICON,S_OPEN_ID,S_NICK_NAME 
        ,S_OAUTH_NAME
    </sql>

    <!-- baseSql option中 select sf.* 会自动替换为 include -->
    <sql id="Base_SF_Column_List">
        sf.N_USER_ID,sf.N_USER_OAUTH_ID,sf.S_ICON,sf.S_OPEN_ID,sf.S_NICK_NAME
        ,sf.S_OAUTH_NAME
    </sql>

    <operation name="insert" paramtype="object" remark="插入表:t_user_oauth">
        <selectKey resultType="java.lang.Long" keyProperty="id" order="AFTER">
            SELECT
            LAST_INSERT_ID()
        </selectKey>
        INSERT INTO t_user_oauth
        <trim prefix="(" suffix=")" suffixOverrides=",">
        <if test="nUserId !=null">
            N_USER_ID ,
        </if>
        <if test="nUserOauthId !=null">
            N_USER_OAUTH_ID ,
        </if>
        <if test="sIcon !=null">
            S_ICON ,
        </if>
        <if test="sOpenId !=null">
            S_OPEN_ID ,
        </if>
        <if test="sNickName !=null">
            S_NICK_NAME ,
        </if>
        <if test="sOauthName !=null">
            S_OAUTH_NAME 
        </if>
        </trim>
        <trim prefix="values (" suffix=")" suffixOverrides=",">
          <if test="nUserId !=null">
              #{nUserId,jdbcType=BIGINT}  ,
          </if>
          <if test="nUserOauthId !=null">
              #{nUserOauthId,jdbcType=BIGINT}  ,
          </if>
          <if test="sIcon !=null">
              #{sIcon,jdbcType=VARCHAR}  ,
          </if>
          <if test="sOpenId !=null">
              #{sOpenId,jdbcType=VARCHAR}  ,
          </if>
          <if test="sNickName !=null">
              #{sNickName,jdbcType=VARCHAR}  ,
          </if>
          <if test="sOauthName !=null">
              #{sOauthName,jdbcType=VARCHAR}  
          </if>
        </trim>
    </operation>

    <!-- foreach 可以自定义类型，paramtype="primitive" foreach->javatype="自己书写的类"  -->
    <!-- 只有一个参数且为List时必须将参数命名为list -->
    <operation name="insertBatch" paramtype="objectList" remark="批量插入表:t_user_oauth">
        INSERT INTO t_user_oauth(
            N_USER_ID
            ,N_USER_OAUTH_ID
            ,S_ICON
            ,S_OPEN_ID
            ,S_NICK_NAME
            ,S_OAUTH_NAME
        )VALUES
        <foreach collection="list"  item="item" separator=",">
            (
                 #{item.nUserId,jdbcType=BIGINT}
                , #{item.nUserOauthId,jdbcType=BIGINT}
                , #{item.sIcon,jdbcType=VARCHAR}
                , #{item.sOpenId,jdbcType=VARCHAR}
                , #{item.sNickName,jdbcType=VARCHAR}
                , #{item.sOauthName,jdbcType=VARCHAR}
            )
        </foreach>
    </operation>

    <!-- 不推荐使用全 update 有需要自己打开
    <operation name="update" paramtype="object" remark="更新表:t_user_oauth">
        UPDATE t_user_oauth
        <set>
               <if test="nUserId !=null">
                    N_USER_ID       = #{nUserId,jdbcType=BIGINT},
              </if>
               <if test="sIcon !=null">
                    S_ICON          = #{sIcon,jdbcType=VARCHAR},
              </if>
               <if test="sOpenId !=null">
                    S_OPEN_ID       = #{sOpenId,jdbcType=VARCHAR},
              </if>
               <if test="sNickName !=null">
                    S_NICK_NAME     = #{sNickName,jdbcType=VARCHAR},
              </if>
               <if test="sOauthName !=null">
                    S_OAUTH_NAME    = #{sOauthName,jdbcType=VARCHAR}
              </if>
        </set>
        WHERE
            N_USER_OAUTH_ID = #{nUserOauthId,jdbcType=BIGINT}
    </operation>
    -->
    <operation name="deleteByNUserOauthId"  remark="根据主键删除数据:t_user_oauth">
        <![CDATA[
        DELETE FROM t_user_oauth
        WHERE
            N_USER_OAUTH_ID = #{nUserOauthId,jdbcType=BIGINT}
        ]]>
    </operation>

    <operation name="getByNUserOauthId" multiplicity="one" remark="根据主键获取数据:t_user_oauth">
        SELECT *
        FROM t_user_oauth
        WHERE
        <![CDATA[
            N_USER_OAUTH_ID = #{nUserOauthId,jdbcType=BIGINT}
        ]]>
    </operation>

    <!-- 根据普通索引查询数据 -->
    <operation name="queryByIndexNUserId" multiplicity="many" remark="根据普通索引IndexNUserId获取数据:t_user_oauth">
        SELECT *
        FROM t_user_oauth
        WHERE
        <![CDATA[
            N_USER_ID       = #{nUserId,jdbcType=BIGINT}
        ]]>
    </operation>
</table>
