<!DOCTYPE table SYSTEM "../config/table-config-1.0.dtd">
<table sqlname="t_user" physicalName="t_user_0" remark="T_USER">
    <!--  特殊字符说明 &lt;&gt; <> -->
    <!-- baseSql option中 select * 会自动替换为 include -->
    <sql id="Base_Column_List">
        N_USER_ID,S_ICON,S_MAIL,S_NICKNAME,S_PASSWORD
        ,S_USERNAME,N_SEX,N_FLAG,D_CREATE
    </sql>

    <!-- baseSql option中 select sf.* 会自动替换为 include -->
    <sql id="Base_SF_Column_List">
        sf.N_USER_ID,sf.S_ICON,sf.S_MAIL,sf.S_NICKNAME,sf.S_PASSWORD
        ,sf.S_USERNAME,sf.N_SEX,sf.N_FLAG,sf.D_CREATE
    </sql>

    <operation name="insert" paramtype="object" remark="插入表:t_user">
        <selectKey resultType="java.lang.Long" keyProperty="id" order="AFTER">
            SELECT
            LAST_INSERT_ID()
        </selectKey>
        INSERT INTO t_user
        <trim prefix="(" suffix=")" suffixOverrides=",">
        <if test="nUserId !=null">
            N_USER_ID ,
        </if>
        <if test="sIcon !=null">
            S_ICON ,
        </if>
        <if test="sMail !=null">
            S_MAIL ,
        </if>
        <if test="sNickname !=null">
            S_NICKNAME ,
        </if>
        <if test="sPassword !=null">
            S_PASSWORD ,
        </if>
        <if test="sUsername !=null">
            S_USERNAME ,
        </if>
        <if test="nSex !=null">
            N_SEX ,
        </if>
        <if test="nFlag !=null">
            N_FLAG ,
        </if>
        <if test="dCreate !=null">
            D_CREATE
        </if>
        </trim>
        <trim prefix="values (" suffix=")" suffixOverrides=",">
          <if test="nUserId !=null">
              #{nUserId,jdbcType=BIGINT}  ,
          </if>
          <if test="sIcon !=null">
              #{sIcon,jdbcType=VARCHAR}  ,
          </if>
          <if test="sMail !=null">
              #{sMail,jdbcType=VARCHAR}  ,
          </if>
          <if test="sNickname !=null">
              #{sNickname,jdbcType=VARCHAR}  ,
          </if>
          <if test="sPassword !=null">
              #{sPassword,jdbcType=VARCHAR}  ,
          </if>
          <if test="sUsername !=null">
              #{sUsername,jdbcType=VARCHAR}  ,
          </if>
          <if test="nSex !=null">
              #{nSex,jdbcType=TINYINT}  ,
          </if>
          <if test="nFlag !=null">
              #{nFlag,jdbcType=TINYINT}  ,
          </if>
          <if test="dCreate !=null">
              #{dCreate,jdbcType=TIMESTAMP}
          </if>
        </trim>
    </operation>

    <!-- foreach 可以自定义类型，paramtype="primitive" foreach->javatype="自己书写的类"  -->
    <!-- 只有一个参数且为List时必须将参数命名为list -->
    <operation name="insertBatch" paramtype="objectList" remark="批量插入表:t_user">
        INSERT INTO t_user(
            N_USER_ID
            ,S_ICON
            ,S_MAIL
            ,S_NICKNAME
            ,S_PASSWORD
            ,S_USERNAME
            ,N_SEX
            ,N_FLAG
            ,D_CREATE
        )VALUES
        <foreach collection="list"  item="item" separator=",">
            (
                 #{item.nUserId,jdbcType=BIGINT}
                , #{item.sIcon,jdbcType=VARCHAR}
                , #{item.sMail,jdbcType=VARCHAR}
                , #{item.sNickname,jdbcType=VARCHAR}
                , #{item.sPassword,jdbcType=VARCHAR}
                , #{item.sUsername,jdbcType=VARCHAR}
                , #{item.nSex,jdbcType=TINYINT}
                , #{item.nFlag,jdbcType=TINYINT}
                , #{item.dCreate,jdbcType=TIMESTAMP}
            )
        </foreach>
    </operation>

    <!-- 不推荐使用全 update 有需要自己打开
    <operation name="update" paramtype="object" remark="更新表:t_user">
        UPDATE t_user
        <set>
               <if test="sIcon !=null">
                    S_ICON          = #{sIcon,jdbcType=VARCHAR},
              </if>
               <if test="sMail !=null">
                    S_MAIL          = #{sMail,jdbcType=VARCHAR},
              </if>
               <if test="sNickname !=null">
                    S_NICKNAME      = #{sNickname,jdbcType=VARCHAR},
              </if>
               <if test="sPassword !=null">
                    S_PASSWORD      = #{sPassword,jdbcType=VARCHAR},
              </if>
               <if test="sUsername !=null">
                    S_USERNAME      = #{sUsername,jdbcType=VARCHAR},
              </if>
               <if test="nSex !=null">
                    N_SEX           = #{nSex,jdbcType=TINYINT},
              </if>
               <if test="nFlag !=null">
                    N_FLAG          = #{nFlag,jdbcType=TINYINT},
              </if>
               <if test="dCreate !=null">
                    D_CREATE        = #{dCreate,jdbcType=TIMESTAMP}
              </if>
        </set>
        WHERE
            N_USER_ID       = #{nUserId,jdbcType=BIGINT}
    </operation>
    -->
    <operation name="deleteByNUserId"  remark="根据主键删除数据:t_user">
        <![CDATA[
        DELETE FROM t_user
        WHERE
            N_USER_ID = #{nUserId,jdbcType=BIGINT}
        ]]>
    </operation>

    <operation name="getByNUserId" multiplicity="one" remark="根据主键获取数据:t_user">
        SELECT *
        FROM t_user
        WHERE
        <![CDATA[
            N_USER_ID = #{nUserId,jdbcType=BIGINT}
        ]]>
    </operation>

    <!-- 根据唯一约束操作数据 -->
    <operation name="updateBySNicknameUnique" paramtype="object" remark="根据唯一约束SNicknameUnique更新表:t_user">
        <![CDATA[
        UPDATE t_user
        SET
                S_ICON          = #{sIcon,jdbcType=VARCHAR}
                ,S_MAIL          = #{sMail,jdbcType=VARCHAR}
                ,S_PASSWORD      = #{sPassword,jdbcType=VARCHAR}
                ,S_USERNAME      = #{sUsername,jdbcType=VARCHAR}
                ,N_SEX           = #{nSex,jdbcType=TINYINT}
                ,N_FLAG          = #{nFlag,jdbcType=TINYINT}
                ,D_CREATE        = #{dCreate,jdbcType=TIMESTAMP}
        WHERE
            S_NICKNAME      = #{sNickname,jdbcType=VARCHAR}
        ]]>
    </operation>

    <operation name="deleteBySNicknameUnique" remark="根据唯一约束SNicknameUnique删除数据:t_user">
        <![CDATA[
        DELETE FROM t_user
        WHERE
            S_NICKNAME      = #{sNickname,jdbcType=VARCHAR}
        ]]>
    </operation>

    <operation name="getBySNicknameUnique" multiplicity="one" remark="根据唯一约束SNicknameUnique获取数据:t_user">
        SELECT *
        FROM t_user
        WHERE
        <![CDATA[
            S_NICKNAME      = #{sNickname,jdbcType=VARCHAR}
        ]]>
    </operation>

    <!-- 根据唯一约束操作数据 -->
    <operation name="updateBySUsernameUnique" paramtype="object" remark="根据唯一约束SUsernameUnique更新表:t_user">
        <![CDATA[
        UPDATE t_user
        SET
                S_ICON          = #{sIcon,jdbcType=VARCHAR}
                ,S_MAIL          = #{sMail,jdbcType=VARCHAR}
                ,S_NICKNAME      = #{sNickname,jdbcType=VARCHAR}
                ,S_PASSWORD      = #{sPassword,jdbcType=VARCHAR}
                ,N_SEX           = #{nSex,jdbcType=TINYINT}
                ,N_FLAG          = #{nFlag,jdbcType=TINYINT}
                ,D_CREATE        = #{dCreate,jdbcType=TIMESTAMP}
        WHERE
            S_USERNAME      = #{sUsername,jdbcType=VARCHAR}
        ]]>
    </operation>

    <operation name="deleteBySUsernameUnique" remark="根据唯一约束SUsernameUnique删除数据:t_user">
        <![CDATA[
        DELETE FROM t_user
        WHERE
            S_USERNAME      = #{sUsername,jdbcType=VARCHAR}
        ]]>
    </operation>

    <operation name="getBySUsernameUnique" multiplicity="one" remark="根据唯一约束SUsernameUnique获取数据:t_user">
        SELECT *
        FROM t_user
        WHERE
        <![CDATA[
            S_USERNAME      = #{sUsername,jdbcType=VARCHAR}
        ]]>
    </operation>








    <operation name="getUserByOpenId" multiplicity="one" remark="根据普通索引IndexNUserId获取数据:t_user_oauth" >
        SELECT     sf.n_user_id,sf.s_icon,sf.s_mail,sf.s_nickname,sf.s_password
        ,sf.s_username,sf.n_sex,sf.n_flag,sf.d_create
        FROM t_user_oauth t ,t_user sf
        WHERE
        t.n_user_id=sf.n_user_id
        and
        t.s_oauth_name = #{sOauthName,jdbcType=VARCHAR}
        and
        t.s_open_id = #{sOpenId,jdbcType=VARCHAR}
    </operation>
</table>
