<!DOCTYPE table SYSTEM "../config/table-config-1.0.dtd">
<table sqlname="tf_app" physicalName="tf_app" remark="应用表">
    <!--  特殊字符说明 &lt;&gt; <> -->
    <!-- baseSql option中 select * 会自动替换为 include -->
    <sql id="Base_Column_List">
        S_STATE,S_APP_ABB,S_APP_NAME,S_APP_SYNOPSIS,N_ID 
        ,N_APP_TYPE
    </sql>

    <!-- baseSql option中 select sf.* 会自动替换为 include -->
    <sql id="Base_SF_Column_List">
        sf.S_STATE,sf.S_APP_ABB,sf.S_APP_NAME,sf.S_APP_SYNOPSIS,sf.N_ID
        ,sf.N_APP_TYPE
    </sql>

    <operation name="insert" paramtype="object" remark="插入表:tf_app">
        <selectKey resultType="java.lang.Integer" keyProperty="nId" order="BEFORE">
            SELECT nextval_safe('tf_app_seq') as nId  from dual
        </selectKey>
        INSERT INTO tf_app
        <trim prefix="(" suffix=")" suffixOverrides=",">
        <if test="sState !=null">
            S_STATE ,
        </if>
        <if test="sAppAbb !=null">
            S_APP_ABB ,
        </if>
        <if test="sAppName !=null">
            S_APP_NAME ,
        </if>
        <if test="sAppSynopsis !=null">
            S_APP_SYNOPSIS ,
        </if>
        <if test="nId !=null">
            N_ID ,
        </if>
        <if test="nAppType !=null">
            N_APP_TYPE 
        </if>
        </trim>
        <trim prefix="values (" suffix=")" suffixOverrides=",">
          <if test="sState !=null">
              #{sState,jdbcType=VARCHAR}  ,
          </if>
          <if test="sAppAbb !=null">
              #{sAppAbb,jdbcType=VARCHAR}  ,
          </if>
          <if test="sAppName !=null">
              #{sAppName,jdbcType=VARCHAR}  ,
          </if>
          <if test="sAppSynopsis !=null">
              #{sAppSynopsis,jdbcType=VARCHAR}  ,
          </if>
          <if test="nId !=null">
              #{nId,jdbcType=INTEGER}  ,
          </if>
          <if test="nAppType !=null">
              #{nAppType,jdbcType=INTEGER}  
          </if>
        </trim>
    </operation>

    <!-- foreach 可以自定义类型，paramtype="primitive" foreach->javatype="自己书写的类"  -->
    <!-- 只有一个参数且为List时必须将参数命名为list -->
    <operation name="insertBatch" paramtype="objectList" remark="批量插入表:tf_app">
        INSERT INTO tf_app(
            S_STATE
            ,S_APP_ABB
            ,S_APP_NAME
            ,S_APP_SYNOPSIS
            ,N_ID
            ,N_APP_TYPE
        )VALUES
        <foreach collection="list"  item="item" separator=",">
            (
                 #{item.sState,jdbcType=VARCHAR}
                , #{item.sAppAbb,jdbcType=VARCHAR}
                , #{item.sAppName,jdbcType=VARCHAR}
                , #{item.sAppSynopsis,jdbcType=VARCHAR}
                , #{item.nId,jdbcType=INTEGER}
                , #{item.nAppType,jdbcType=INTEGER}
            )
        </foreach>
    </operation>

    <operation name="update" paramtype="object" remark="更新表:tf_app">
        UPDATE tf_app
        <set>
               <if test="sState !=null">
                    S_STATE         = #{sState,jdbcType=VARCHAR},
              </if>
               <if test="sAppAbb !=null">
                    S_APP_ABB       = #{sAppAbb,jdbcType=VARCHAR},
              </if>
               <if test="sAppName !=null">
                    S_APP_NAME      = #{sAppName,jdbcType=VARCHAR},
              </if>
               <if test="sAppSynopsis !=null">
                    S_APP_SYNOPSIS  = #{sAppSynopsis,jdbcType=VARCHAR},
              </if>
               <if test="nAppType !=null">
                    N_APP_TYPE      = #{nAppType,jdbcType=INTEGER}
              </if>
        </set>
        WHERE
            N_ID            = #{nId,jdbcType=INTEGER}
    </operation>

    <operation name="deleteByNId"  remark="根据主键删除数据:tf_app">
        <![CDATA[
        DELETE FROM tf_app
        WHERE
            N_ID = #{nId,jdbcType=INTEGER}
        ]]>
    </operation>

    <operation name="getByNId" multiplicity="one" remark="根据主键获取数据:tf_app">
        SELECT *
        FROM tf_app
        WHERE
        <![CDATA[
            N_ID = #{nId,jdbcType=INTEGER}
        ]]>
    </operation>

    <!-- 根据普通索引查询数据 -->
    <operation name="queryByTfApp1" multiplicity="many" remark="根据普通索引TfApp1获取数据:tf_app">
        SELECT *
        FROM tf_app
        WHERE
        <![CDATA[
            N_APP_TYPE      = #{nAppType,jdbcType=INTEGER}
        ]]>
    </operation>




    <operation name="getApps"  multiplicity="paging" paging="tfApps" remark="根据主键获取数据">
        SELECT *
        FROM tf_app
        WHERE S_STATE = '1'
        <if test="nAppType !=null">
            and  N_APP_TYPE      = #{nAppType,jdbcType=INTEGER}
        </if>
        order by N_ID desc
    </operation>
</table>
