<!DOCTYPE table SYSTEM "../config/table-config-1.0.dtd">
<table sqlname="tf_channel" physicalName="tf_channel" remark="渠道表">
    <!--  特殊字符说明 &lt;&gt; <> -->
    <!-- baseSql option中 select * 会自动替换为 include -->
    <sql id="Base_Column_List">
        S_STATE,S_CHANNEL_NAME,S_CHANNEL_TYPE,S_CHANNELL_ABB,S_CHANNEL_SYNOPSIS 
        ,N_ID
    </sql>

    <!-- baseSql option中 select sf.* 会自动替换为 include -->
    <sql id="Base_SF_Column_List">
        sf.S_STATE,sf.S_CHANNEL_NAME,sf.S_CHANNEL_TYPE,sf.S_CHANNELL_ABB,sf.S_CHANNEL_SYNOPSIS
        ,sf.N_ID
    </sql>

    <operation name="insert" paramtype="object" remark="插入表:tf_channel">
        <selectKey resultType="java.lang.Integer" keyProperty="nId" order="BEFORE">
            SELECT nextval_safe('tf_channel_seq') as nId  from dual
        </selectKey>
        INSERT INTO tf_channel
        <trim prefix="(" suffix=")" suffixOverrides=",">
        <if test="sState !=null">
            S_STATE ,
        </if>
        <if test="sChannelName !=null">
            S_CHANNEL_NAME ,
        </if>
        <if test="sChannelType !=null">
            S_CHANNEL_TYPE ,
        </if>
        <if test="sChannellAbb !=null">
            S_CHANNELL_ABB ,
        </if>
        <if test="sChannelSynopsis !=null">
            S_CHANNEL_SYNOPSIS ,
        </if>
        <if test="nId !=null">
            N_ID 
        </if>
        </trim>
        <trim prefix="values (" suffix=")" suffixOverrides=",">
          <if test="sState !=null">
              #{sState,jdbcType=VARCHAR}  ,
          </if>
          <if test="sChannelName !=null">
              #{sChannelName,jdbcType=VARCHAR}  ,
          </if>
          <if test="sChannelType !=null">
              #{sChannelType,jdbcType=VARCHAR}  ,
          </if>
          <if test="sChannellAbb !=null">
              #{sChannellAbb,jdbcType=VARCHAR}  ,
          </if>
          <if test="sChannelSynopsis !=null">
              #{sChannelSynopsis,jdbcType=VARCHAR}  ,
          </if>
          <if test="nId !=null">
              #{nId,jdbcType=INTEGER}  
          </if>
        </trim>
    </operation>

    <!-- foreach 可以自定义类型，paramtype="primitive" foreach->javatype="自己书写的类"  -->
    <!-- 只有一个参数且为List时必须将参数命名为list -->
    <operation name="insertBatch" paramtype="objectList" remark="批量插入表:tf_channel">
        INSERT INTO tf_channel(
            S_STATE
            ,S_CHANNEL_NAME
            ,S_CHANNEL_TYPE
            ,S_CHANNELL_ABB
            ,S_CHANNEL_SYNOPSIS
            ,N_ID
        )VALUES
        <foreach collection="list"  item="item" separator=",">
            (
                 #{item.sState,jdbcType=VARCHAR}
                , #{item.sChannelName,jdbcType=VARCHAR}
                , #{item.sChannelType,jdbcType=VARCHAR}
                , #{item.sChannellAbb,jdbcType=VARCHAR}
                , #{item.sChannelSynopsis,jdbcType=VARCHAR}
                , #{item.nId,jdbcType=INTEGER}
            )
        </foreach>
    </operation>

    <operation name="update" paramtype="object" remark="更新表:tf_channel">
        UPDATE tf_channel
        <set>
               <if test="sState !=null">
                    S_STATE         = #{sState,jdbcType=VARCHAR},
              </if>
               <if test="sChannelName !=null">
                    S_CHANNEL_NAME  = #{sChannelName,jdbcType=VARCHAR},
              </if>
               <if test="sChannelType !=null">
                    S_CHANNEL_TYPE  = #{sChannelType,jdbcType=VARCHAR},
              </if>
               <if test="sChannellAbb !=null">
                    S_CHANNELL_ABB  = #{sChannellAbb,jdbcType=VARCHAR},
              </if>
               <if test="sChannelSynopsis !=null">
                    S_CHANNEL_SYNOPSIS = #{sChannelSynopsis,jdbcType=VARCHAR}
              </if>
        </set>
        WHERE
            N_ID            = #{nId,jdbcType=INTEGER}
    </operation>

    <operation name="deleteByNId"  remark="根据主键删除数据:tf_channel">
        <![CDATA[
        DELETE FROM tf_channel
        WHERE
            N_ID = #{nId,jdbcType=INTEGER}
        ]]>
    </operation>

    <operation name="getByNId" multiplicity="one" remark="根据主键获取数据:tf_channel">
        SELECT *
        FROM tf_channel
        WHERE
        <![CDATA[
            N_ID = #{nId,jdbcType=INTEGER}
        ]]>
    </operation>





    <operation name="getChannelList"  multiplicity="paging" paging="channelListPaging" remark="根据主键获取数据 tf_channel">
        SELECT *
        FROM tf_channel
        WHERE S_STATE = '1'
        order by N_ID desc
    </operation>
</table>
