<!DOCTYPE table SYSTEM "../config/table-config-1.0.dtd">
<table sqlname="tf_data_summary" physicalName="tf_data_summary" remark="数据统计表">
    <!--  特殊字符说明 &lt;&gt; <> -->
    <!-- baseSql option中 select * 会自动替换为 include -->
    <sql id="Base_Column_List">
        N_DOWN,N_CLICK,N_DETAIL_ID,N_ACTIVATION,D_TIME
    </sql>

    <!-- baseSql option中 select sf.* 会自动替换为 include -->
    <sql id="Base_SF_Column_List">
        sf.N_DOWN,sf.N_CLICK,sf.N_DETAIL_ID,sf.N_ACTIVATION,sf.D_TIME
    </sql>

    <operation name="insert" paramtype="object" remark="插入表:tf_data_summary">
        INSERT INTO tf_data_summary
        <trim prefix="(" suffix=")" suffixOverrides=",">
            <if test="nDown !=null">
                N_DOWN ,
            </if>
            <if test="nClick !=null">
                N_CLICK ,
            </if>
            <if test="nDetailId !=null">
                N_DETAIL_ID ,
            </if>
            <if test="nActivation !=null">
                N_ACTIVATION ,
            </if>
            <if test="dTime !=null">
                D_TIME
            </if>
        </trim>
        <trim prefix="values (" suffix=")" suffixOverrides=",">
            <if test="nDown !=null">
                #{nDown,jdbcType=INTEGER} ,
            </if>
            <if test="nClick !=null">
                #{nClick,jdbcType=INTEGER} ,
            </if>
            <if test="nDetailId !=null">
                #{nDetailId,jdbcType=INTEGER} ,
            </if>
            <if test="nActivation !=null">
                #{nActivation,jdbcType=INTEGER} ,
            </if>
            <if test="dTime !=null">
                #{dTime,jdbcType=DATE}
            </if>
        </trim>
    </operation>

    <!-- foreach 可以自定义类型，paramtype="primitive" foreach->javatype="自己书写的类"  -->
    <!-- 只有一个参数且为List时必须将参数命名为list -->
    <operation name="insertBatch" paramtype="objectList" remark="批量插入表:tf_data_summary">
        INSERT INTO tf_data_summary(
        N_DOWN
        ,N_CLICK
        ,N_DETAIL_ID
        ,N_ACTIVATION
        ,D_TIME
        )VALUES
        <foreach collection="list" item="item" separator=",">
            (
            #{item.nDown,jdbcType=INTEGER}
            , #{item.nClick,jdbcType=INTEGER}
            , #{item.nDetailId,jdbcType=INTEGER}
            , #{item.nActivation,jdbcType=INTEGER}
            , #{item.dTime,jdbcType=DATE}
            )
        </foreach>
    </operation>

    <!-- 不推荐使用全 update 有需要自己打开
    <operation name="update" paramtype="object" remark="更新表:tf_data_summary">
        UPDATE tf_data_summary
        <set>
               <if test="nDown !=null">
                    N_DOWN          = #{nDown,jdbcType=INTEGER},
              </if>
               <if test="nClick !=null">
                    N_CLICK         = #{nClick,jdbcType=INTEGER},
              </if>
               <if test="nActivation !=null">
                    N_ACTIVATION    = #{nActivation,jdbcType=INTEGER},
              </if>
        </set>
        WHERE
            D_TIME          = #{dTime,jdbcType=DATE}
            AND N_DETAIL_ID     = #{nDetailId,jdbcType=INTEGER}
    </operation>
    -->
    <operation name="deleteByPrimary" remark="根据主键删除数据:tf_data_summary">
        <![CDATA[
        DELETE FROM tf_data_summary
        WHERE
            D_TIME = #{dTime,jdbcType=DATE}
            AND N_DETAIL_ID = #{nDetailId,jdbcType=INTEGER}
        ]]>
    </operation>

    <operation name="getByPrimary" multiplicity="one" remark="根据主键获取数据:tf_data_summary">
        SELECT *
        FROM tf_data_summary
        WHERE
        <![CDATA[
            D_TIME = #{dTime,jdbcType=DATE}
            AND N_DETAIL_ID = #{nDetailId,jdbcType=INTEGER}
        ]]>
    </operation>





    <resultmap name="dataSummaryMap" type="ResMapDataSummaryVO">
        <column name="n_click_sum" javatype="Long" jdbctype="BIGINT" remark="点击数"/>
        <column name="n_down_sum" javatype="java.lang.Long" jdbctype="BIGINT" remark="下载数"/>
        <column name="n_activation_sum" javatype="java.lang.Long" jdbctype="BIGINT" remark="激活数"/>
    </resultmap>

    <operation name="getDataSummaryList" multiplicity="paging" paging="dataSummaryPaging" paramtype="primitive"
               resultmap="dataSummaryMap" remark="根据主键获取数据:tf_data_summary">
        SELECT sum(u.N_CLICK) n_click_sum,
        sum(u.N_DOWN) n_down_sum,
        sum(u.N_ACTIVATION) n_activation_sum
        from tf_plan_detail t,
        tf_data_summary u
        where t.N_PLAN_ID = #{nPlanId,jdbcType=INTEGER}
        and t.N_DETAIL_ID = u.N_DETAIL_ID
        <if test="dBeginDate !=null">
            and   u.D_TIME &gt;= #{dBeginDate,jdbcType=TIMESTAMP}
        </if>
        <if test="dEndDate !=null">
            and   u.D_TIME &lt;= #{dEndDate,jdbcType=TIMESTAMP}
        </if>
    </operation>



    <resultmap name="dataDetailMap" type="ResMapDataDetailVO">
        <column name="n_detail_id" javatype="Long" jdbctype="INTEGER"  remark="渠道ID"/>
        <column name="n_channel_id" javatype="Long" jdbctype="INTEGER"  remark="渠道ID"/>
        <column name="s_channel_name" javatype="String" jdbctype="VARCHAR"  remark="渠道名称"/>
        <column name="s_channel_type" javatype="String" jdbctype="VARCHAR"  remark="渠道类型"/>
        <column name="s_link" javatype="String" jdbctype="VARCHAR"  remark="连接地址"/>
        <column name="n_platform_type" javatype="java.lang.Long" jdbctype="BIGINT"  remark="平台类型"/>
        <column name="s_detail_no" javatype="String" jdbctype="VARCHAR"  remark="明细编号"/>
        <column name="n_click_sum" javatype="Long" jdbctype="BIGINT" remark="点击数"/>
        <column name="n_down_sum" javatype="java.lang.Long" jdbctype="BIGINT" remark="下载数"/>
        <column name="n_activation_sum" javatype="java.lang.Long" jdbctype="BIGINT" remark="激活数"/>
        <column name="s_download" javatype="String" jdbctype="VARCHAR"  remark="明细编号"/>
    </resultmap>


    <operation name="getDataDetailList" multiplicity="many"  resultmap="dataDetailMap"
               remark="根据主键获取数据:tf_data_summary">
        SELECT t.n_detail_id,t.N_CHANNEL_ID,
        u.S_CHANNEL_NAME,
        u.S_CHANNEL_TYPE,
        (SELECT w.S_LINK
        from tf_plan_channel_link w
        where w.N_PLAN_ID = t.N_PLAN_ID
        and w.N_CHANNEL_ID = t.N_CHANNEL_ID) S_LINK,
        t.N_PLATFORM_TYPE,
        t.S_DETAIL_NO,
        sum(v.N_CLICK) N_CLICK_SUM,
        sum(v.N_DOWN) N_DOWN_SUM,
        sum(v.N_ACTIVATION) N_ACTIVATION_SUM,
        (SELECT x.S_DOWNLOAD
        from tf_plan_detail x
        where x.N_DETAIL_ID = t.n_detail_id) S_DOWNLOAD
        from tf_plan_detail t
        left join tf_channel u on t.N_CHANNEL_ID = u.N_ID
        left join tf_data_summary v on t.N_DETAIL_ID = v.N_DETAIL_ID
        <if test="dBeginDate !=null">
            and   v.D_TIME &gt;= #{dBeginDate,jdbcType=TIMESTAMP}
        </if>
        <if test="dEndDate !=null">
            and   v.D_TIME &lt;= #{dEndDate,jdbcType=TIMESTAMP}
        </if>
        where t.N_PLAN_ID =#{nPlanId,jdbcType=INTEGER}
        group by t.n_detail_id,t.N_CHANNEL_ID,u.S_CHANNEL_NAME,u.S_CHANNEL_TYPE,t.N_PLATFORM_TYPE,t.S_DETAIL_NO
        order by t.N_CHANNEL_ID,t.N_PLATFORM_TYPE
    </operation>

</table>
