<!DOCTYPE table SYSTEM "../config/table-config-1.0.dtd">
<table sqlname="tf_plan" physicalName="tf_plan" remark="投放计划表">
    <!--  特殊字符说明 &lt;&gt; <> -->
    <!-- baseSql option中 select * 会自动替换为 include -->
    <sql id="Base_Column_List">
        S_STATE,S_PLAN_NO,S_PLAN_NAME,S_CONTRACT_NO,N_APP_ID 
        ,N_PLAN_ID,D_END_TIME,D_START_TIME
    </sql>

    <!-- baseSql option中 select sf.* 会自动替换为 include -->
    <sql id="Base_SF_Column_List">
        sf.S_STATE,sf.S_PLAN_NO,sf.S_PLAN_NAME,sf.S_CONTRACT_NO,sf.N_APP_ID
        ,sf.N_PLAN_ID,sf.D_END_TIME,sf.D_START_TIME
    </sql>

    <operation name="insert" paramtype="object" remark="插入表:tf_plan">
        INSERT INTO tf_plan
        <trim prefix="(" suffix=")" suffixOverrides=",">
        <if test="sState !=null">
            S_STATE ,
        </if>
        <if test="sPlanNo !=null">
            S_PLAN_NO ,
        </if>
        <if test="sPlanName !=null">
            S_PLAN_NAME ,
        </if>
        <if test="sContractNo !=null">
            S_CONTRACT_NO ,
        </if>
        <if test="nAppId !=null">
            N_APP_ID ,
        </if>
        <if test="nPlanId !=null">
            N_PLAN_ID ,
        </if>
        <if test="dEndTime !=null">
            D_END_TIME ,
        </if>
        <if test="dStartTime !=null">
            D_START_TIME 
        </if>
        </trim>
        <trim prefix="values (" suffix=")" suffixOverrides=",">
          <if test="sState !=null">
              #{sState,jdbcType=VARCHAR}  ,
          </if>
          <if test="sPlanNo !=null">
              #{sPlanNo,jdbcType=VARCHAR}  ,
          </if>
          <if test="sPlanName !=null">
              #{sPlanName,jdbcType=VARCHAR}  ,
          </if>
          <if test="sContractNo !=null">
              #{sContractNo,jdbcType=VARCHAR}  ,
          </if>
          <if test="nAppId !=null">
              #{nAppId,jdbcType=INTEGER}  ,
          </if>
          <if test="nPlanId !=null">
              #{nPlanId,jdbcType=INTEGER}  ,
          </if>
          <if test="dEndTime !=null">
              #{dEndTime,jdbcType=TIMESTAMP}  ,
          </if>
          <if test="dStartTime !=null">
              #{dStartTime,jdbcType=TIMESTAMP}  
          </if>
        </trim>
    </operation>

    <!-- foreach 可以自定义类型，paramtype="primitive" foreach->javatype="自己书写的类"  -->
    <!-- 只有一个参数且为List时必须将参数命名为list -->
    <operation name="insertBatch" paramtype="objectList" remark="批量插入表:tf_plan">
        INSERT INTO tf_plan(
            S_STATE
            ,S_PLAN_NO
            ,S_PLAN_NAME
            ,S_CONTRACT_NO
            ,N_APP_ID
            ,N_PLAN_ID
            ,D_END_TIME
            ,D_START_TIME
        )VALUES
        <foreach collection="list"  item="item" separator=",">
            (
                 #{item.sState,jdbcType=VARCHAR}
                , #{item.sPlanNo,jdbcType=VARCHAR}
                , #{item.sPlanName,jdbcType=VARCHAR}
                , #{item.sContractNo,jdbcType=VARCHAR}
                , #{item.nAppId,jdbcType=INTEGER}
                , #{item.nPlanId,jdbcType=INTEGER}
                , #{item.dEndTime,jdbcType=TIMESTAMP}
                , #{item.dStartTime,jdbcType=TIMESTAMP}
            )
        </foreach>
    </operation>

    <operation name="update" paramtype="object" remark="更新表:tf_plan">
        UPDATE tf_plan
        <set>
               <if test="sState !=null">
                    S_STATE         = #{sState,jdbcType=VARCHAR},
              </if>
               <if test="sPlanNo !=null">
                    S_PLAN_NO       = #{sPlanNo,jdbcType=VARCHAR},
              </if>
               <if test="sPlanName !=null">
                    S_PLAN_NAME     = #{sPlanName,jdbcType=VARCHAR},
              </if>
               <if test="sContractNo !=null">
                    S_CONTRACT_NO   = #{sContractNo,jdbcType=VARCHAR},
              </if>
               <if test="nAppId !=null">
                    N_APP_ID        = #{nAppId,jdbcType=INTEGER},
              </if>
               <if test="dEndTime !=null">
                    D_END_TIME      = #{dEndTime,jdbcType=TIMESTAMP},
              </if>
               <if test="dStartTime !=null">
                    D_START_TIME    = #{dStartTime,jdbcType=TIMESTAMP}
              </if>
        </set>
        WHERE
            N_PLAN_ID       = #{nPlanId,jdbcType=INTEGER}
    </operation>

    <operation name="deleteByNPlanId"  remark="根据主键删除数据:tf_plan">
        <![CDATA[
        DELETE FROM tf_plan
        WHERE
            N_PLAN_ID = #{nPlanId,jdbcType=INTEGER}
        ]]>
    </operation>

    <operation name="getByNPlanId" multiplicity="one" remark="根据主键获取数据:tf_plan">
        SELECT *
        FROM tf_plan
        WHERE
        <![CDATA[
            N_PLAN_ID = #{nPlanId,jdbcType=INTEGER}
        ]]>
    </operation>

    <!-- 根据普通索引查询数据 -->
    <operation name="queryByTfPlan1" multiplicity="many" remark="根据普通索引TfPlan1获取数据:tf_plan">
        SELECT *
        FROM tf_plan
        WHERE
        <![CDATA[
            N_APP_ID        = #{nAppId,jdbcType=INTEGER}
        ]]>
    </operation>
    <!-- 根据普通索引查询数据 -->
    <operation name="queryByUdxTfPlan1" multiplicity="many" remark="根据普通索引UdxTfPlan1获取数据:tf_plan">
        SELECT *
        FROM tf_plan
        WHERE
        <![CDATA[
            S_PLAN_NO       = #{sPlanNo,jdbcType=VARCHAR}
        ]]>
    </operation>




    <resultmap name="planMap" type="ResMapPlanVO">
        <column name="n_plan_id" javatype="Long" jdbctype="INTEGER"  remark="计划ID"/>
        <column name="n_app_id" javatype="Long" jdbctype="INTEGER"  remark="应用ID"/>
        <column name="s_plan_name" javatype="String" jdbctype="VARCHAR"  remark="投放计划名称"/>
        <column name="s_plan_no" javatype="String" jdbctype="VARCHAR"  remark="投放计划编号"/>
        <column name="n_app_type" javatype="java.lang.Long" jdbctype="BIGINT"  remark="应用类型"/>
        <column name="s_app_name" javatype="String" jdbctype="VARCHAR"  remark="应用名称"/>
        <column name="d_start_time" javatype="java.util.Date" jdbctype="TIMESTAMP"  remark="开始时间"/>
        <column name="d_end_time" javatype="java.util.Date" jdbctype="TIMESTAMP"  remark="结束时间"/>
        <column name="s_contract_no" javatype="String" jdbctype="VARCHAR"  remark="合同编号"/>
    </resultmap>


    <operation name="getPlanList" multiplicity="paging" paging="planPaging" paramtype="primitive"
               resultmap="planMap"  remark="根据主键获取数据:tf_plan">
        select t.N_PLAN_ID,
        t.S_PLAN_NAME,
        t.S_PLAN_NO,
        u.N_APP_TYPE,
        t.N_APP_ID,
        u.S_APP_NAME,
        t.D_START_TIME,
        t.D_END_TIME,
        t.S_CONTRACT_NO
        from tf_plan t,
        tf_app u
        where t.S_STATE = '1'
        and t.N_APP_ID = u.N_ID
        and ((#{nAppType,jdbcType=INTEGER} &lt;&gt; 0 and u.N_APP_TYPE = #{nAppType,jdbcType=INTEGER}) or #{nAppType,jdbcType=INTEGER} = 0)
        <if test="dStartTime !=null">
            and   t.D_START_TIME &gt;= #{dStartTime,jdbcType=TIMESTAMP}
        </if>
        <if test="dEndTime !=null">
            and   t.D_END_TIME &lt;= #{dEndTime,jdbcType=TIMESTAMP}
        </if>
        order by t.n_plan_id desc
    </operation>
</table>
