<!DOCTYPE table SYSTEM "../config/table-config-1.0.dtd">
<table sqlname="tf_plan_channel_link" physicalName="tf_plan_channel_link" remark="投放计划渠道链接表">
    <!--  特殊字符说明 &lt;&gt; <> -->
    <!-- baseSql option中 select * 会自动替换为 include -->
    <sql id="Base_Column_List">
        S_LINK,N_PLAN_ID,N_CHANNEL_ID
    </sql>

    <!-- baseSql option中 select sf.* 会自动替换为 include -->
    <sql id="Base_SF_Column_List">
        sf.S_LINK,sf.N_PLAN_ID,sf.N_CHANNEL_ID
    </sql>

    <operation name="insert" paramtype="object" remark="插入表:tf_plan_channel_link">
        INSERT INTO tf_plan_channel_link
        <trim prefix="(" suffix=")" suffixOverrides=",">
        <if test="sLink !=null">
            S_LINK ,
        </if>
        <if test="nPlanId !=null">
            N_PLAN_ID ,
        </if>
        <if test="nChannelId !=null">
            N_CHANNEL_ID 
        </if>
        </trim>
        <trim prefix="values (" suffix=")" suffixOverrides=",">
          <if test="sLink !=null">
              #{sLink,jdbcType=VARCHAR}  ,
          </if>
          <if test="nPlanId !=null">
              #{nPlanId,jdbcType=INTEGER}  ,
          </if>
          <if test="nChannelId !=null">
              #{nChannelId,jdbcType=INTEGER}  
          </if>
        </trim>
    </operation>

    <!-- foreach 可以自定义类型，paramtype="primitive" foreach->javatype="自己书写的类"  -->
    <!-- 只有一个参数且为List时必须将参数命名为list -->
    <operation name="insertBatch" paramtype="objectList" remark="批量插入表:tf_plan_channel_link">
        INSERT INTO tf_plan_channel_link(
            S_LINK
            ,N_PLAN_ID
            ,N_CHANNEL_ID
        )VALUES
        <foreach collection="list"  item="item" separator=",">
            (
                 #{item.sLink,jdbcType=VARCHAR}
                , #{item.nPlanId,jdbcType=INTEGER}
                , #{item.nChannelId,jdbcType=INTEGER}
            )
        </foreach>
    </operation>

    <operation name="update" paramtype="object" remark="更新表:tf_plan_channel_link">
        UPDATE tf_plan_channel_link
        <set>
               <if test="sLink !=null">
                    S_LINK          = #{sLink,jdbcType=VARCHAR},
              </if>
        </set>
        WHERE
            N_PLAN_ID       = #{nPlanId,jdbcType=INTEGER}
            AND N_CHANNEL_ID    = #{nChannelId,jdbcType=INTEGER}
    </operation>

    <operation name="deleteByPrimary"  remark="根据主键删除数据:tf_plan_channel_link">
        <![CDATA[
        DELETE FROM tf_plan_channel_link
        WHERE
            N_PLAN_ID = #{nPlanId,jdbcType=INTEGER}
            AND N_CHANNEL_ID = #{nChannelId,jdbcType=INTEGER}
        ]]>
    </operation>

    <operation name="getByPrimary" multiplicity="one" remark="根据主键获取数据:tf_plan_channel_link">
        SELECT *
        FROM tf_plan_channel_link
        WHERE
        <![CDATA[
            N_PLAN_ID = #{nPlanId,jdbcType=INTEGER}
            AND N_CHANNEL_ID = #{nChannelId,jdbcType=INTEGER}
        ]]>
    </operation>





    <resultmap name="linkMap" type="ResMapLinkVO">
        <column name="s_channel_name" javatype="String" jdbctype="VARCHAR"  remark="渠道名称"/>
        <column name="s_channel_type" javatype="String" jdbctype="VARCHAR"  remark="渠道类型"/>
        <column name="s_link" javatype="String" jdbctype="VARCHAR"  remark="连接地址"/>
    </resultmap>


    <operation name="getLinkList" multiplicity="many"  resultmap="linkMap"
               remark="根据主键获取数据:tf_plan_channel_link">
        SELECT u.s_channel_name,
        u.s_channel_type,
        t.S_LINK
        from tf_plan_channel_link t,
        tf_channel u
        where t.N_PLAN_ID = #{nPlanId,jdbcType=INTEGER}
        and t.N_CHANNEL_ID = u.N_ID
        order by t.N_CHANNEL_ID
    </operation>



    <resultmap name="linkDataMap" type="ResMapLinkDataVO">
        <column name="n_plan_id" javatype="Long" jdbctype="INTEGER"  remark="计划ID"/>
        <column name="n_channel_id" javatype="Long" jdbctype="INTEGER"  remark="渠道ID"/>
        <column name="n_platform_type" javatype="Long" jdbctype="INTEGER"  remark="平台"/>
        <column name="s_detail_no" javatype="String" jdbctype="VARCHAR"  remark="连接地址"/>
        <column name="s_download" javatype="String" jdbctype="VARCHAR"  remark="连接地址"/>
        <column name="s_link" javatype="String" jdbctype="VARCHAR"  remark="连接地址"/>
        <column name="s_link_all" javatype="String" jdbctype="VARCHAR"  remark="连接地址"/>
    </resultmap>


    <operation name="getLinkData" multiplicity="many"  resultmap="linkDataMap"
               remark="根据主键获取数据:tf_plan_channel_link">
        SELECT t.n_plan_id,
        t.n_channel_id ,
        t.s_detail_no,
        t.n_platform_type,
        t.s_download,
        t.s_link,
        u.s_link as s_link_all
        FROM tf_plan_detail t,
        tf_plan_channel_link u
        where t.s_state = '1'
        and t.n_plan_id = u.n_plan_id
        and t.n_channel_id= u.n_channel_id
    </operation>
</table>
