<!DOCTYPE table SYSTEM "../config/table-config-1.0.dtd">
<table sqlname="tf_plan_detail" physicalName="tf_plan_detail" remark="投放计划明细表">
    <!--  特殊字符说明 &lt;&gt; <> -->
    <!-- baseSql option中 select * 会自动替换为 include -->
    <sql id="Base_Column_List">
        S_LINK,S_STATE,S_DETAIL_NO,S_DOWNLOAD,N_PLAN_ID 
        ,N_DETAIL_ID,N_CHANNEL_ID,N_PLATFORM_TYPE
    </sql>

    <!-- baseSql option中 select sf.* 会自动替换为 include -->
    <sql id="Base_SF_Column_List">
        sf.S_LINK,sf.S_STATE,sf.S_DETAIL_NO,sf.S_DOWNLOAD,sf.N_PLAN_ID
        ,sf.N_DETAIL_ID,sf.N_CHANNEL_ID,sf.N_PLATFORM_TYPE
    </sql>

    <operation name="insert" paramtype="object" remark="插入表:tf_plan_detail">
        INSERT INTO tf_plan_detail
        <trim prefix="(" suffix=")" suffixOverrides=",">
        <if test="sLink !=null">
            S_LINK ,
        </if>
        <if test="sState !=null">
            S_STATE ,
        </if>
        <if test="sDetailNo !=null">
            S_DETAIL_NO ,
        </if>
        <if test="sDownload !=null">
            S_DOWNLOAD ,
        </if>
        <if test="nPlanId !=null">
            N_PLAN_ID ,
        </if>
        <if test="nDetailId !=null">
            N_DETAIL_ID ,
        </if>
        <if test="nChannelId !=null">
            N_CHANNEL_ID ,
        </if>
        <if test="nPlatformType !=null">
            N_PLATFORM_TYPE 
        </if>
        </trim>
        <trim prefix="values (" suffix=")" suffixOverrides=",">
          <if test="sLink !=null">
              #{sLink,jdbcType=VARCHAR}  ,
          </if>
          <if test="sState !=null">
              #{sState,jdbcType=VARCHAR}  ,
          </if>
          <if test="sDetailNo !=null">
              #{sDetailNo,jdbcType=VARCHAR}  ,
          </if>
          <if test="sDownload !=null">
              #{sDownload,jdbcType=VARCHAR}  ,
          </if>
          <if test="nPlanId !=null">
              #{nPlanId,jdbcType=INTEGER}  ,
          </if>
          <if test="nDetailId !=null">
              #{nDetailId,jdbcType=INTEGER}  ,
          </if>
          <if test="nChannelId !=null">
              #{nChannelId,jdbcType=INTEGER}  ,
          </if>
          <if test="nPlatformType !=null">
              #{nPlatformType,jdbcType=INTEGER}  
          </if>
        </trim>
    </operation>

    <!-- foreach 可以自定义类型，paramtype="primitive" foreach->javatype="自己书写的类"  -->
    <!-- 只有一个参数且为List时必须将参数命名为list -->
    <operation name="insertBatch" paramtype="objectList" remark="批量插入表:tf_plan_detail">
        INSERT INTO tf_plan_detail(
            S_LINK
            ,S_STATE
            ,S_DETAIL_NO
            ,S_DOWNLOAD
            ,N_PLAN_ID
            ,N_DETAIL_ID
            ,N_CHANNEL_ID
            ,N_PLATFORM_TYPE
        )VALUES
        <foreach collection="list"  item="item" separator=",">
            (
                 #{item.sLink,jdbcType=VARCHAR}
                , #{item.sState,jdbcType=VARCHAR}
                , #{item.sDetailNo,jdbcType=VARCHAR}
                , #{item.sDownload,jdbcType=VARCHAR}
                , #{item.nPlanId,jdbcType=INTEGER}
                , #{item.nDetailId,jdbcType=INTEGER}
                , #{item.nChannelId,jdbcType=INTEGER}
                , #{item.nPlatformType,jdbcType=INTEGER}
            )
        </foreach>
    </operation>

    <operation name="update" paramtype="object" remark="更新表:tf_plan_detail">
        UPDATE tf_plan_detail
        <set>
               <if test="sLink !=null">
                    S_LINK          = #{sLink,jdbcType=VARCHAR},
              </if>
               <if test="sState !=null">
                    S_STATE         = #{sState,jdbcType=VARCHAR},
              </if>
               <if test="sDetailNo !=null">
                    S_DETAIL_NO     = #{sDetailNo,jdbcType=VARCHAR},
              </if>
               <if test="sDownload !=null">
                    S_DOWNLOAD      = #{sDownload,jdbcType=VARCHAR},
              </if>
               <if test="nPlanId !=null">
                    N_PLAN_ID       = #{nPlanId,jdbcType=INTEGER},
              </if>
               <if test="nChannelId !=null">
                    N_CHANNEL_ID    = #{nChannelId,jdbcType=INTEGER},
              </if>
               <if test="nPlatformType !=null">
                    N_PLATFORM_TYPE = #{nPlatformType,jdbcType=INTEGER}
              </if>
        </set>
        WHERE
            N_DETAIL_ID     = #{nDetailId,jdbcType=INTEGER}
    </operation>

    <operation name="deleteByNDetailId"  remark="根据主键删除数据:tf_plan_detail">
        <![CDATA[
        DELETE FROM tf_plan_detail
        WHERE
            N_DETAIL_ID = #{nDetailId,jdbcType=INTEGER}
        ]]>
    </operation>

    <operation name="getByNDetailId" multiplicity="one" remark="根据主键获取数据:tf_plan_detail">
        SELECT *
        FROM tf_plan_detail
        WHERE
        <![CDATA[
            N_DETAIL_ID = #{nDetailId,jdbcType=INTEGER}
        ]]>
    </operation>

    <!-- 根据普通索引查询数据 -->
    <operation name="queryByTfPlanDetail1" multiplicity="many" remark="根据普通索引TfPlanDetail1获取数据:tf_plan_detail">
        SELECT *
        FROM tf_plan_detail
        WHERE
        <![CDATA[
            N_PLAN_ID       = #{nPlanId,jdbcType=INTEGER}
            AND N_PLATFORM_TYPE = #{nPlatformType,jdbcType=INTEGER}
            AND N_CHANNEL_ID    = #{nChannelId,jdbcType=INTEGER}
        ]]>
    </operation>
    <!-- 根据普通索引查询数据 -->
    <operation name="queryByUdxTfPlanDetail1" multiplicity="many" remark="根据普通索引UdxTfPlanDetail1获取数据:tf_plan_detail">
        SELECT *
        FROM tf_plan_detail
        WHERE
        <![CDATA[
            S_DETAIL_NO     = #{sDetailNo,jdbcType=VARCHAR}
        ]]>
    </operation>
</table>
