<!DOCTYPE table SYSTEM "../config/table-config-1.0.dtd">
<table sqlname="tf_start_info" physicalName="tf_start_info" remark="激活归因表">
    <!--  特殊字符说明 &lt;&gt; <> -->
    <!-- baseSql option中 select * 会自动替换为 include -->
    <sql id="Base_Column_List">
        N_ID,N_IP,S_IMEI,S_TF_NO,S_MODEL 
        ,S_SYSTEM_VERSION,N_PLATFORM,D_TIME_A,D_TIME_C
    </sql>

    <!-- baseSql option中 select sf.* 会自动替换为 include -->
    <sql id="Base_SF_Column_List">
        sf.N_ID,sf.N_IP,sf.S_IMEI,sf.S_TF_NO,sf.S_MODEL
        ,sf.S_SYSTEM_VERSION,sf.N_PLATFORM,sf.D_TIME_A,sf.D_TIME_C
    </sql>

    <operation name="insert" paramtype="object" remark="插入表:tf_start_info">
        <selectKey resultType="java.lang.Long" keyProperty="id" order="AFTER">
            SELECT
            LAST_INSERT_ID()
        </selectKey>
        INSERT INTO tf_start_info
        <trim prefix="(" suffix=")" suffixOverrides=",">
        <if test="nId !=null">
            N_ID ,
        </if>
        <if test="nIp !=null">
            N_IP ,
        </if>
        <if test="sImei !=null">
            S_IMEI ,
        </if>
        <if test="sTfNo !=null">
            S_TF_NO ,
        </if>
        <if test="sModel !=null">
            S_MODEL ,
        </if>
        <if test="sSystemVersion !=null">
            S_SYSTEM_VERSION ,
        </if>
        <if test="nPlatform !=null">
            N_PLATFORM ,
        </if>
        <if test="dTimeA !=null">
            D_TIME_A ,
        </if>
        <if test="dTimeC !=null">
            D_TIME_C 
        </if>
        </trim>
        <trim prefix="values (" suffix=")" suffixOverrides=",">
          <if test="nId !=null">
              #{nId,jdbcType=BIGINT}  ,
          </if>
          <if test="nIp !=null">
              #{nIp,jdbcType=BIGINT}  ,
          </if>
          <if test="sImei !=null">
              #{sImei,jdbcType=VARCHAR}  ,
          </if>
          <if test="sTfNo !=null">
              #{sTfNo,jdbcType=VARCHAR}  ,
          </if>
          <if test="sModel !=null">
              #{sModel,jdbcType=VARCHAR}  ,
          </if>
          <if test="sSystemVersion !=null">
              #{sSystemVersion,jdbcType=VARCHAR}  ,
          </if>
          <if test="nPlatform !=null">
              #{nPlatform,jdbcType=INTEGER}  ,
          </if>
          <if test="dTimeA !=null">
              #{dTimeA,jdbcType=TIMESTAMP}  ,
          </if>
          <if test="dTimeC !=null">
              #{dTimeC,jdbcType=TIMESTAMP}  
          </if>
        </trim>
    </operation>

    <!-- foreach 可以自定义类型，paramtype="primitive" foreach->javatype="自己书写的类"  -->
    <!-- 只有一个参数且为List时必须将参数命名为list -->
    <operation name="insertBatch" paramtype="objectList" remark="批量插入表:tf_start_info">
        INSERT INTO tf_start_info(
            N_ID
            ,N_IP
            ,S_IMEI
            ,S_TF_NO
            ,S_MODEL
            ,S_SYSTEM_VERSION
            ,N_PLATFORM
            ,D_TIME_A
            ,D_TIME_C
        )VALUES
        <foreach collection="list"  item="item" separator=",">
            (
                 #{item.nId,jdbcType=BIGINT}
                , #{item.nIp,jdbcType=BIGINT}
                , #{item.sImei,jdbcType=VARCHAR}
                , #{item.sTfNo,jdbcType=VARCHAR}
                , #{item.sModel,jdbcType=VARCHAR}
                , #{item.sSystemVersion,jdbcType=VARCHAR}
                , #{item.nPlatform,jdbcType=INTEGER}
                , #{item.dTimeA,jdbcType=TIMESTAMP}
                , #{item.dTimeC,jdbcType=TIMESTAMP}
            )
        </foreach>
    </operation>

    <!-- 不推荐使用全 update 有需要自己打开
    <operation name="update" paramtype="object" remark="更新表:tf_start_info">
        UPDATE tf_start_info
        <set>
               <if test="nIp !=null">
                    N_IP            = #{nIp,jdbcType=BIGINT},
              </if>
               <if test="sImei !=null">
                    S_IMEI          = #{sImei,jdbcType=VARCHAR},
              </if>
               <if test="sTfNo !=null">
                    S_TF_NO         = #{sTfNo,jdbcType=VARCHAR},
              </if>
               <if test="sModel !=null">
                    S_MODEL         = #{sModel,jdbcType=VARCHAR},
              </if>
               <if test="sSystemVersion !=null">
                    S_SYSTEM_VERSION = #{sSystemVersion,jdbcType=VARCHAR},
              </if>
               <if test="nPlatform !=null">
                    N_PLATFORM      = #{nPlatform,jdbcType=INTEGER},
              </if>
               <if test="dTimeA !=null">
                    D_TIME_A        = #{dTimeA,jdbcType=TIMESTAMP},
              </if>
               <if test="dTimeC !=null">
                    D_TIME_C        = #{dTimeC,jdbcType=TIMESTAMP}
              </if>
        </set>
        WHERE
            N_ID            = #{nId,jdbcType=BIGINT}
    </operation>
    -->
    <operation name="deleteByNId"  remark="根据主键删除数据:tf_start_info">
        <![CDATA[
        DELETE FROM tf_start_info
        WHERE
            N_ID = #{nId,jdbcType=BIGINT}
        ]]>
    </operation>

    <operation name="getByNId" multiplicity="one" remark="根据主键获取数据:tf_start_info">
        SELECT *
        FROM tf_start_info
        WHERE
        <![CDATA[
            N_ID = #{nId,jdbcType=BIGINT}
        ]]>
    </operation>





    <operation name="getStartInfoPaging" multiplicity="paging" paging="startInfoPaging" paramtype="primitive"
               remark="根据主键获取数据:tf_start_info">
        select *
        from tf_start_info t
        where t.s_tf_no = #{sTfNo,jdbcType=VARCHAR}
        order by t.n_id
    </operation>

    <operation name="getStartInfoByPlanId" multiplicity="many" remark="tf_start_info">
        select t.s_tf_no,
        t.s_imei,
        t.d_time_c,
        t.d_time_a,
        t.n_ip,
        t.s_model,
        t.n_platform,
        t.s_system_version
        from tf_start_info t,
        tf_plan_detail u
        where u.n_plan_id = #{nPlanId,jdbcType=INTEGER}
        and u.s_detail_no = t.s_tf_no
        order by t.s_tf_no,t.n_id
    </operation>
</table>
